Workbook

Sheet Config
A1: AE_PE | B1: <-- Select Vehicle Code

Sheet Reference Data 기준데이터
A1: TBL_Vehicle (차종 + 일정 + LeadTime)
A2: VehicleCode | B2: VehicleName | C2: T0_DrawingRelease | D2: ProtoBuild | E2: MasterCar | F2: TestDeadline | G2: LT_PlanDue | H2: LT_PartsReady | I2: LT_TestStart | J2: LT_ReportDue
A3: AE_PE | B3: AE PE (Creta EV) | C3: 46037 | D3: 46127 | E3: 46188 | F3: =E3-30 | G3: 14 | H3: 49 | I3: 63 | J3: 98
A4: SU2i | B4: SU2i (Venue Next) | C4: 46082 | D4: 46174 | E4: 46249 | F4: =E4-30 | G4: 14 | H4: 49 | I4: 63 | J4: 98
A5: EN_SUV | B5: EN SUV | C5: 46054 | D5: 46143 | E5: 46218 | F5: =E5-30 | G5: 14 | H5: 49 | I5: 63 | J5: 98
A7: TBL_TestCatalog (시험 카탈로그 — 18 tests)
A8: TestNameKR | B8: TestType | C8: Spec | D8: DurationDays | E8: Scope
A9: EMC 시험 | B9: 단품 | C9: ES 95400-05 | D9: 14 | E9: COMMON
A10: VOC 방출 시험 | B10: 단품 | C10: MS-300-57 | D10: 14 | E10: COMMON
A11: 연소성 시험 | B11: 단품 | C11: FMVSS 302 | D11: 3 | E11: COMMON
A12: 포깅 시험 | B12: 단품 | C12: ES 80062 | D12: 7 | E12: COMMON
A13: 냄새 시험 | B13: 단품 | C13: MS-300-55 | D13: 5 | E13: COMMON
A14: 내후성 시험 | B14: 단품 | C14: MS-300-34 | D14: 21 | E14: COMMON
A15: 내열성 시험 | B15: 단품 | C15: MS-300-31 | D15: 14 | E15: COMMON
A16: 내마모성 시험 | B16: 단품 | C16: MS-300-35 | D16: 7 | E16: COMMON
A17: 내변색 시험 | B17: 단품 | C17: MS-300-36 | D17: 10 | E17: COMMON
A18: 힌지 내구 시험 | B18: 단품 | C18: ES-92030 | D18: 10 | E18: ITEM_SPECIFIC
A19: 시트 내구 시험 | B19: 단품 | C19: ES-93100 | D19: 21 | E19: ITEM_SPECIFIC
A20: H-Point 검증 | B20: 차량장착 | C20: ES-93000 | D20: 14 | E20: ITEM_SPECIFIC
... A26: 조작력 시험 | B26: 단품 | C26: ES-91300 | D26: 5 | E26: ITEM_SPECIFIC
A28: TBL_ItemMaster (아이템 → 구분 + 협력사 + 도면번호)
A29: ItemNameKR | B29: PartCategory | C29: Supplier | D29: DrawingNo
A30: 센터콘솔 | B30: Console | C30: HS R&A | D30: DWG-CONSOLE-001
A31: 콘솔리드 | B31: Console | C31: HS R&A | D31: DWG-CONSOLE-002
A32: 칵핏모듈 | B32: Cockpit | C32: Hyundai Mobis | D32: DWG-COCKPIT-001
A33: 도어트림(앞) | B33: Trim | C33: Faurecia | D33: DWG-DOORTRIM-FR
A34: 도어트림(뒤) | B34: Trim | C34: Faurecia | D34: DWG-DOORTRIM-RR
A35: 필러트림 A | B35: Trim | C35: Seoyon | D35: DWG-PILLAR-A
A36: 필러트림 B | B36: Trim | C36: Seoyon | D36: DWG-PILLAR-B
A37: 필러트림 C | B37: Trim | C37: Seoyon | D37: DWG-PILLAR-C
A38: 패키지트레이 | B38: Trim | C38: HS R&A | D38: DWG-PKGTRAY-001
A39: 헤드라이너 | B39: Trim | C39: Seoyon E-Hwa | D39: DWG-HEADLINER-001
A40: 시트(앞) | B40: Seat | C40: Hyundai Transys | D40: DWG-SEAT-FR
A41: 시트(뒤) | B41: Seat | C41: Hyundai Transys | D41: DWG-SEAT-RR
A43: TBL_ItemTests (아이템 × 시험 매핑 + 제외)
A44: ItemNameKR | B44: TestNameKR | C44: Excluded
A45: 센터콘솔 | B45: BSR 시험 | C45: FALSE
A46: 센터콘솔 | B46: 치수 검사 | C46: FALSE
A47: 콘솔리드 | B47: 힌지 내구 시험 | C47: FALSE
A48: 콘솔리드 | B48: 조작력 시험 | C48: FALSE
A49: 칵핏모듈 | B49: BSR 시험 | C49: FALSE
A50: 도어트림(앞) | B50: 치수 검사 | C50: FALSE
A51: 도어트림(앞) | B51: 조작력 시험 | C51: FALSE
A52: 도어트림(뒤) | B52: 치수 검사 | C52: FALSE
A53: 필러트림 A | B53: 치수 검사 | C53: FALSE
A54: 필러트림 B | B54: 치수 검사 | C54: FALSE
A55: 필러트림 C | B55: 치수 검사 | C55: FALSE
A56: 시트(앞) | B56: 시트 내구 시험 | C56: FALSE
... A62: 시트(뒤) | B62: 수하물 충격 시험 | C62: FALSE

Sheet Master Tracker 마스터추적표
A1: ESIR Master Tracker V4 — Engineering Sample / Initial Run Test (DB Schema v2)
A3: No. | B3: Vehicle Code | C3: Part Category | D3: Item Name | E3: Supplier | F3: Test Name KR | G3: Test Type | H3: Scope | I3: T₀ Drawing Release | J3: Plan Due Date | K3: Plan Submitted Date | L3: Review Result | M3: Parts Ready (Plan) | N3: Parts Ready (Actual) | O3: Test Start (Plan) | P3: Test Start (Actual) | Q3: Test Complete (Plan) | R3: Test Complete (Actual) | S3: Report Due Date | T3: Report Submitted Date | U3: Override | V3: Status | W3: Progress % | X3: Days to Deadline | Y3: Risk Flag | Z3: Days Since Activity | AA3: Next Action | AB3: Note
A4: 번호 | B4: 차종 | C4: 파트구분 | D4: 아이템명 | E4: 협력사 | F4: 시험명 | G4: 시험유형 | H4: 범위 | I4: T₀ 도면배포 | J4: 계획서기한 | K4: 계획서제출 | L4: 검토결과 | M4: 부품준비(계획) | N4: 부품준비(실적) | O4: 시험시작(계획) | P4: 시험시작(실적) | Q4: 시험완료(계획) | R4: 시험완료(실적) | S4: 성적서기한 | T4: 성적서제출 | U4: 오버라이드 | V4: 상태 | W4: 진행률% | X4: 잔여일 | Y4: 리스크 | Z4: 정체일 | AA4: 다음조치 | AB4: 비고
A5: 1 | B5: AE_PE | C5: =IFERROR(VLOOKUP(D5,'Reference Data 기준데이터'!$A$30:$D$41,2,FALSE),"") | D5: 센터콘솔 | E5: =IFERROR(VLOOKUP(D5,'Reference Data 기준데이터'!$A$30:$D$41,3,FALSE),"") | F5: EMC 시험 | G5: =IFERROR(VLOOKUP(F5,'Reference Data 기준데이터'!$A$9:$E$26,2,FALSE),"") | H5: =IFERROR(VLOOKUP(F5,'Reference Data 기준데이터'!$A$9:$E$26,5,FALSE),"") | I5: =IFERROR(VLOOKUP(B5,'Reference Data 기준데이터'!$A$3:$J$5,3,FALSE),"") | J5: =IFERROR(I5+VLOOKUP(B5,'Reference Data 기준데이터'!$A$3:$J$5,7,FALSE),"") | M5: =IFERROR(I5+VLOOKUP(B5,'Reference Data 기준데이터'!$A$3:$J$5,8,FALSE),"") | O5: =IFERROR(IF(G5="차량장착",MAX(I5+VLOOKUP(B5,'Reference Data 기준데이터'!$A$3:$J$5,9,FALSE),VLOOKUP(B5,'Reference Data 기준데이터'!$A$3:$J$5,4,FALSE)),I5+VLOOKUP(B5,'Reference Data 기준데이터'!$A$3:$J$5,9,FALSE)),"") | Q5: =IFERROR(O5+VLOOKUP(F5,'Reference Data 기준데이터'!$A$9:$E$26,4,FALSE),"") | S5: =IFERROR(MIN(I5+VLOOKUP(B5,'Reference Data 기준데이터'!$A$3:$J$5,10,FALSE),VLOOKUP(B5,'Reference Data 기준데이터'!$A$3:$J$5,6,FALSE)),"") | V5: =IF(U5<>"",U5,IF(AND(T5<>"",R5<>""),"11-결과등록완료",IF(AND(R5<>"",T5=""),"10-시험완료",IF(AND(P5<>"",R5=""),"09-시험준비중",IF(AND(N5<>"",P5=""),"08-단품준비완료",IF(L5="Approved","05-계획서승인",IF(L5="Revision Needed","04-검토중_보완",IF(L5="Under Review","03-검토중",IF(AND(K5<>"",L5=""),"02-제출_미검토","01-미제출"))))))))) | W5: =IFS(V5="01-미제출",0,V5="02-제출_미검토",0.05,V5="03-검토중",0.1,V5="04-검토중_보완",0.05,V5="05-계획서승인",0.2,V5="06-BIW중단",0.15,V5="07-미인수",0.3,V5="08-단품준비완료",0.4,V5="09-시험준비중",0.55,V5="10-시험완료",0.85,V5="11-결과등록완료",1,V5="12-조건부승인",0.9,TRUE,0) | X5: =IF(T5<>"","-",IF(S5="","N/A",S5-TODAY())) | Y5: =IF(V5="11-결과등록완료","DONE",IF(U5="06-BIW중단","BLOCKED",IF(AND(K5="",J5<TODAY()),"CRITICAL",IF(AND(ISNUMBER(X5),X5<=0),"OVERDUE",IF(AND(ISNUMBER(X5),X5<=14),"WARNING",IF(U5<>"","ACTION","ON TRACK")))))) | Z5: =IF(OR(T5<>"",R5<>"",P5<>"",N5<>"",K5<>""),TODAY()-MAX(T5,R5,P5,N5,K5),"—") | AA5: =IF(V5="11-결과등록완료","— 완료",IF(V5="01-미제출",IF(J5<TODAY(),"계획서 제출 독촉 (OVERDUE)","계획서 제출 대기"),IF(V5="02-제출_미검토","설계자: 계획서 검토 착수",IF(V5="03-검토중","설계자: 승인 처리",IF(V5="04-검토중_보완","보완 요청 → 협력사 재제출 독촉",IF(V5="05-계획서승인","시험편 준비 현황 확인",IF(V5="06-BIW중단","BIW 생산팀 확인 → 일정 재수립",IF(V5="07-미인수","협력사 인수 독촉",IF(V5="08-단품준비완료","시험 일정 확인",IF(V5="09-시험준비중","시험 진행 모니터링",IF(V5="10-시험완료","결과 보고서 전산 등록 독촉",IF(V5="12-조건부승인","조건부 승인 여부 판단 → 관련부서 협의","—"))))))))))))
A6: 2 | B6: AE_PE | C6: =IFERROR(VLOOKUP(D6,'Reference Data 기준데이터'!$A$30:$D$41,2,FALSE),"") | D6: 센터콘솔 | E6: =IFERROR(VLOOKUP(D6,'Reference Data 기준데이터'!$A$30:$D$41,3,FALSE),"") | F6: VOC 방출 시험 | G6: =IFERROR(VLOOKUP(F6,'Reference Data 기준데이터'!$A$9:$E$26,2,FALSE),"") | H6: =IFERROR(VLOOKUP(F6,'Reference Data 기준데이터'!$A$9:$E$26,5,FALSE),"") | I6: =IFERROR(VLOOKUP(B6,'Reference Data 기준데이터'!$A$3:$J$5,3,FALSE),"") | J6: =IFERROR(I6+VLOOKUP(B6,'Reference Data 기준데이터'!$A$3:$J$5,7,FALSE),"") | K6: 46049 | L6: Approved | M6: =IFERROR(I6+VLOOKUP(B6,'Reference Data 기준데이터'!$A$3:$J$5,8,FALSE),"") | O6: =IFERROR(IF(G6="차량장착",MAX(I6+VLOOKUP(B6,'Reference Data 기준데이터'!$A$3:$J$5,9,FALSE),VLOOKUP(B6,'Reference Data 기준데이터'!$A$3:$J$5,4,FALSE)),I6+VLOOKUP(B6,'Reference Data 기준데이터'!$A$3:$J$5,9,FALSE)),"") | Q6: =IFERROR(O6+VLOOKUP(F6,'Reference Data 기준데이터'!$A$9:$E$26,4,FALSE),"") | S6: =IFERROR(MIN(I6+VLOOKUP(B6,'Reference Data 기준데이터'!$A$3:$J$5,10,FALSE),VLOOKUP(B6,'Reference Data 기준데이터'!$A$3:$J$5,6,FALSE)),"") | V6: =IF(U6<>"",U6,IF(AND(T6<>"",R6<>""),"11-결과등록완료",IF(AND(R6<>"",T6=""),"10-시험완료",IF(AND(P6<>"",R6=""),"09-시험준비중",IF(AND(N6<>"",P6=""),"08-단품준비완료",IF(L6="Approved","05-계획서승인",IF(L6="Revision Needed","04-검토중_보완",IF(L6="Under Review","03-검토중",IF(AND(K6<>"",L6=""),"02-제출_미검토","01-미제출"))))))))) | W6: =IFS(V6="01-미제출",0,V6="02-제출_미검토",0.05,V6="03-검토중",0.1,V6="04-검토중_보완",0.05,V6="05-계획서승인",0.2,V6="06-BIW중단",0.15,V6="07-미인수",0.3,V6="08-단품준비완료",0.4,V6="09-시험준비중",0.55,V6="10-시험완료",0.85,V6="11-결과등록완료",1,V6="12-조건부승인",0.9,TRUE,0) | X6: =IF(T6<>"","-",IF(S6="","N/A",S6-TODAY())) | Y6: =IF(V6="11-결과등록완료","DONE",IF(U6="06-BIW중단","BLOCKED",IF(AND(K6="",J6<TODAY()),"CRITICAL",IF(AND(ISNUMBER(X6),X6<=0),"OVERDUE",IF(AND(ISNUMBER(X6),X6<=14),"WARNING",IF(U6<>"","ACTION","ON TRACK")))))) | Z6: =IF(OR(T6<>"",R6<>"",P6<>"",N6<>"",K6<>""),TODAY()-MAX(T6,R6,P6,N6,K6),"—") | AA6: =IF(V6="11-결과등록완료","— 완료",IF(V6="01-미제출",IF(J6<TODAY(),"계획서 제출 독촉 (OVERDUE)","계획서 제출 대기"),IF(V6="02-제출_미검토","설계자: 계획서 검토 착수",IF(V6="03-검토중","설계자: 승인 처리",IF(V6="04-검토중_보완","보완 요청 → 협력사 재제출 독촉",IF(V6="05-계획서승인","시험편 준비 현황 확인",IF(V6="06-BIW중단","BIW 생산팀 확인 → 일정 재수립",IF(V6="07-미인수","협력사 인수 독촉",IF(V6="08-단품준비완료","시험 일정 확인",IF(V6="09-시험준비중","시험 진행 모니터링",IF(V6="10-시험완료","결과 보고서 전산 등록 독촉",IF(V6="12-조건부승인","조건부 승인 여부 판단 → 관련부서 협의","—"))))))))))))
A7: 3 | B7: AE_PE | C7: =IFERROR(VLOOKUP(D7,'Reference Data 기준데이터'!$A$30:$D$41,2,FALSE),"") | D7: 센터콘솔 | E7: =IFERROR(VLOOKUP(D7,'Reference Data 기준데이터'!$A$30:$D$41,3,FALSE),"") | F7: 연소성 시험 | G7: =IFERROR(VLOOKUP(F7,'Reference Data 기준데이터'!$A$9:$E$26,2,FALSE),"") | H7: =IFERROR(VLOOKUP(F7,'Reference Data 기준데이터'!$A$9:$E$26,5,FALSE),"") | I7: =IFERROR(VLOOKUP(B7,'Reference Data 기준데이터'!$A$3:$J$5,3,FALSE),"") | J7: =IFERROR(I7+VLOOKUP(B7,'Reference Data 기준데이터'!$A$3:$J$5,7,FALSE),"") | K7: 46050 | L7: Approved | M7: =IFERROR(I7+VLOOKUP(B7,'Reference Data 기준데이터'!$A$3:$J$5,8,FALSE),"") | N7: 46085 | O7: =IFERROR(IF(G7="차량장착",MAX(I7+VLOOKUP(B7,'Reference Data 기준데이터'!$A$3:$J$5,9,FALSE),VLOOKUP(B7,'Reference Data 기준데이터'!$A$3:$J$5,4,FALSE)),I7+VLOOKUP(B7,'Reference Data 기준데이터'!$A$3:$J$5,9,FALSE)),"") | P7: 46102 | Q7: =IFERROR(O7+VLOOKUP(F7,'Reference Data 기준데이터'!$A$9:$E$26,4,FALSE),"") | S7: =IFERROR(MIN(I7+VLOOKUP(B7,'Reference Data 기준데이터'!$A$3:$J$5,10,FALSE),VLOOKUP(B7,'Reference Data 기준데이터'!$A$3:$J$5,6,FALSE)),"") | V7: =IF(U7<>"",U7,IF(AND(T7<>"",R7<>""),"11-결과등록완료",IF(AND(R7<>"",T7=""),"10-시험완료",IF(AND(P7<>"",R7=""),"09-시험준비중",IF(AND(N7<>"",P7=""),"08-단품준비완료",IF(L7="Approved","05-계획서승인",IF(L7="Revision Needed","04-검토중_보완",IF(L7="Under Review","03-검토중",IF(AND(K7<>"",L7=""),"02-제출_미검토","01-미제출"))))))))) | W7: =IFS(V7="01-미제출",0,V7="02-제출_미검토",0.05,V7="03-검토중",0.1,V7="04-검토중_보완",0.05,V7="05-계획서승인",0.2,V7="06-BIW중단",0.15,V7="07-미인수",0.3,V7="08-단품준비완료",0.4,V7="09-시험준비중",0.55,V7="10-시험완료",0.85,V7="11-결과등록완료",1,V7="12-조건부승인",0.9,TRUE,0) | X7: =IF(T7<>"","-",IF(S7="","N/A",S7-TODAY())) | Y7: =IF(V7="11-결과등록완료","DONE",IF(U7="06-BIW중단","BLOCKED",IF(AND(K7="",J7<TODAY()),"CRITICAL",IF(AND(ISNUMBER(X7),X7<=0),"OVERDUE",IF(AND(ISNUMBER(X7),X7<=14),"WARNING",IF(U7<>"","ACTION","ON TRACK")))))) | Z7: =IF(OR(T7<>"",R7<>"",P7<>"",N7<>"",K7<>""),TODAY()-MAX(T7,R7,P7,N7,K7),"—") | AA7: =IF(V7="11-결과등록완료","— 완료",IF(V7="01-미제출",IF(J7<TODAY(),"계획서 제출 독촉 (OVERDUE)","계획서 제출 대기"),IF(V7="02-제출_미검토","설계자: 계획서 검토 착수",IF(V7="03-검토중","설계자: 승인 처리",IF(V7="04-검토중_보완","보완 요청 → 협력사 재제출 독촉",IF(V7="05-계획서승인","시험편 준비 현황 확인",IF(V7="06-BIW중단","BIW 생산팀 확인 → 일정 재수립",IF(V7="07-미인수","협력사 인수 독촉",IF(V7="08-단품준비완료","시험 일정 확인",IF(V7="09-시험준비중","시험 진행 모니터링",IF(V7="10-시험완료","결과 보고서 전산 등록 독촉",IF(V7="12-조건부승인","조건부 승인 여부 판단 → 관련부서 협의","—"))))))))))))
A8: 4 | B8: AE_PE | C8: =IFERROR(VLOOKUP(D8,'Reference Data 기준데이터'!$A$30:$D$41,2,FALSE),"") | D8: 센터콘솔 | E8: =IFERROR(VLOOKUP(D8,'Reference Data 기준데이터'!$A$30:$D$41,3,FALSE),"") | F8: BSR 시험 | G8: =IFERROR(VLOOKUP(F8,'Reference Data 기준데이터'!$A$9:$E$26,2,FALSE),"") | H8: =IFERROR(VLOOKUP(F8,'Reference Data 기준데이터'!$A$9:$E$26,5,FALSE),"") | I8: =IFERROR(VLOOKUP(B8,'Reference Data 기준데이터'!$A$3:$J$5,3,FALSE),"") | J8: =IFERROR(I8+VLOOKUP(B8,'Reference Data 기준데이터'!$A$3:$J$5,7,FALSE),"") | K8: 46051 | L8: Approved | M8: =IFERROR(I8+VLOOKUP(B8,'Reference Data 기준데이터'!$A$3:$J$5,8,FALSE),"") | N8: 46086 | O8: =IFERROR(IF(G8="차량장착",MAX(I8+VLOOKUP(B8,'Reference Data 기준데이터'!$A$3:$J$5,9,FALSE),VLOOKUP(B8,'Reference Data 기준데이터'!$A$3:$J$5,4,FALSE)),I8+VLOOKUP(B8,'Reference Data 기준데이터'!$A$3:$J$5,9,FALSE)),"") | P8: 46103 | Q8: =IFERROR(O8+VLOOKUP(F8,'Reference Data 기준데이터'!$A$9:$E$26,4,FALSE),"") | R8: 46126 | S8: =IFERROR(MIN(I8+VLOOKUP(B8,'Reference Data 기준데이터'!$A$3:$J$5,10,FALSE),VLOOKUP(B8,'Reference Data 기준데이터'!$A$3:$J$5,6,FALSE)),"") | T8: 46130 | V8: =IF(U8<>"",U8,IF(AND(T8<>"",R8<>""),"11-결과등록완료",IF(AND(R8<>"",T8=""),"10-시험완료",IF(AND(P8<>"",R8=""),"09-시험준비중",IF(AND(N8<>"",P8=""),"08-단품준비완료",IF(L8="Approved","05-계획서승인",IF(L8="Revision Needed","04-검토중_보완",IF(L8="Under Review","03-검토중",IF(AND(K8<>"",L8=""),"02-제출_미검토","01-미제출"))))))))) | W8: =IFS(V8="01-미제출",0,V8="02-제출_미검토",0.05,V8="03-검토중",0.1,V8="04-검토중_보완",0.05,V8="05-계획서승인",0.2,V8="06-BIW중단",0.15,V8="07-미인수",0.3,V8="08-단품준비완료",0.4,V8="09-시험준비중",0.55,V8="10-시험완료",0.85,V8="11-결과등록완료",1,V8="12-조건부승인",0.9,TRUE,0) | X8: =IF(T8<>"","-",IF(S8="","N/A",S8-TODAY())) | Y8: =IF(V8="11-결과등록완료","DONE",IF(U8="06-BIW중단","BLOCKED",IF(AND(K8="",J8<TODAY()),"CRITICAL",IF(AND(ISNUMBER(X8),X8<=0),"OVERDUE",IF(AND(ISNUMBER(X8),X8<=14),"WARNING",IF(U8<>"","ACTION","ON TRACK")))))) | Z8: =IF(OR(T8<>"",R8<>"",P8<>"",N8<>"",K8<>""),TODAY()-MAX(T8,R8,P8,N8,K8),"—") | AA8: =IF(V8="11-결과등록완료","— 완료",IF(V8="01-미제출",IF(J8<TODAY(),"계획서 제출 독촉 (OVERDUE)","계획서 제출 대기"),IF(V8="02-제출_미검토","설계자: 계획서 검토 착수",IF(V8="03-검토중","설계자: 승인 처리",IF(V8="04-검토중_보완","보완 요청 → 협력사 재제출 독촉",IF(V8="05-계획서승인","시험편 준비 현황 확인",IF(V8="06-BIW중단","BIW 생산팀 확인 → 일정 재수립",IF(V8="07-미인수","협력사 인수 독촉",IF(V8="08-단품준비완료","시험 일정 확인",IF(V8="09-시험준비중","시험 진행 모니터링",IF(V8="10-시험완료","결과 보고서 전산 등록 독촉",IF(V8="12-조건부승인","조건부 승인 여부 판단 → 관련부서 협의","—"))))))))))))
A9: 5 | B9: AE_PE | C9: =IFERROR(VLOOKUP(D9,'Reference Data 기준데이터'!$A$30:$D$41,2,FALSE),"") | D9: 센터콘솔 | E9: =IFERROR(VLOOKUP(D9,'Reference Data 기준데이터'!$A$30:$D$41,3,FALSE),"") | F9: 치수 검사 | G9: =IFERROR(VLOOKUP(F9,'Reference Data 기준데이터'!$A$9:$E$26,2,FALSE),"") | H9: =IFERROR(VLOOKUP(F9,'Reference Data 기준데이터'!$A$9:$E$26,5,FALSE),"") | I9: =IFERROR(VLOOKUP(B9,'Reference Data 기준데이터'!$A$3:$J$5,3,FALSE),"") | J9: =IFERROR(I9+VLOOKUP(B9,'Reference Data 기준데이터'!$A$3:$J$5,7,FALSE),"") | K9: 46047 | L9: Under Review | M9: =IFERROR(I9+VLOOKUP(B9,'Reference Data 기준데이터'!$A$3:$J$5,8,FALSE),"") | O9: =IFERROR(IF(G9="차량장착",MAX(I9+VLOOKUP(B9,'Reference Data 기준데이터'!$A$3:$J$5,9,FALSE),VLOOKUP(B9,'Reference Data 기준데이터'!$A$3:$J$5,4,FALSE)),I9+VLOOKUP(B9,'Reference Data 기준데이터'!$A$3:$J$5,9,FALSE)),"") | Q9: =IFERROR(O9+VLOOKUP(F9,'Reference Data 기준데이터'!$A$9:$E$26,4,FALSE),"") | S9: =IFERROR(MIN(I9+VLOOKUP(B9,'Reference Data 기준데이터'!$A$3:$J$5,10,FALSE),VLOOKUP(B9,'Reference Data 기준데이터'!$A$3:$J$5,6,FALSE)),"") | V9: =IF(U9<>"",U9,IF(AND(T9<>"",R9<>""),"11-결과등록완료",IF(AND(R9<>"",T9=""),"10-시험완료",IF(AND(P9<>"",R9=""),"09-시험준비중",IF(AND(N9<>"",P9=""),"08-단품준비완료",IF(L9="Approved","05-계획서승인",IF(L9="Revision Needed","04-검토중_보완",IF(L9="Under Review","03-검토중",IF(AND(K9<>"",L9=""),"02-제출_미검토","01-미제출"))))))))) | W9: =IFS(V9="01-미제출",0,V9="02-제출_미검토",0.05,V9="03-검토중",0.1,V9="04-검토중_보완",0.05,V9="05-계획서승인",0.2,V9="06-BIW중단",0.15,V9="07-미인수",0.3,V9="08-단품준비완료",0.4,V9="09-시험준비중",0.55,V9="10-시험완료",0.85,V9="11-결과등록완료",1,V9="12-조건부승인",0.9,TRUE,0) | X9: =IF(T9<>"","-",IF(S9="","N/A",S9-TODAY())) | Y9: =IF(V9="11-결과등록완료","DONE",IF(U9="06-BIW중단","BLOCKED",IF(AND(K9="",J9<TODAY()),"CRITICAL",IF(AND(ISNUMBER(X9),X9<=0),"OVERDUE",IF(AND(ISNUMBER(X9),X9<=14),"WARNING",IF(U9<>"","ACTION","ON TRACK")))))) | Z9: =IF(OR(T9<>"",R9<>"",P9<>"",N9<>"",K9<>""),TODAY()-MAX(T9,R9,P9,N9,K9),"—") | AA9: =IF(V9="11-결과등록완료","— 완료",IF(V9="01-미제출",IF(J9<TODAY(),"계획서 제출 독촉 (OVERDUE)","계획서 제출 대기"),IF(V9="02-제출_미검토","설계자: 계획서 검토 착수",IF(V9="03-검토중","설계자: 승인 처리",IF(V9="04-검토중_보완","보완 요청 → 협력사 재제출 독촉",IF(V9="05-계획서승인","시험편 준비 현황 확인",IF(V9="06-BIW중단","BIW 생산팀 확인 → 일정 재수립",IF(V9="07-미인수","협력사 인수 독촉",IF(V9="08-단품준비완료","시험 일정 확인",IF(V9="09-시험준비중","시험 진행 모니터링",IF(V9="10-시험완료","결과 보고서 전산 등록 독촉",IF(V9="12-조건부승인","조건부 승인 여부 판단 → 관련부서 협의","—"))))))))))))
A10: 6 | B10: AE_PE | C10: =IFERROR(VLOOKUP(D10,'Reference Data 기준데이터'!$A$30:$D$41,2,FALSE),"") | D10: 콘솔리드 | E10: =IFERROR(VLOOKUP(D10,'Reference Data 기준데이터'!$A$30:$D$41,3,FALSE),"") | F10: EMC 시험 | G10: =IFERROR(VLOOKUP(F10,'Reference Data 기준데이터'!$A$9:$E$26,2,FALSE),"") | H10: =IFERROR(VLOOKUP(F10,'Reference Data 기준데이터'!$A$9:$E$26,5,FALSE),"") | I10: =IFERROR(VLOOKUP(B10,'Reference Data 기준데이터'!$A$3:$J$5,3,FALSE),"") | J10: =IFERROR(I10+VLOOKUP(B10,'Reference Data 기준데이터'!$A$3:$J$5,7,FALSE),"") | K10: 46048 | M10: =IFERROR(I10+VLOOKUP(B10,'Reference Data 기준데이터'!$A$3:$J$5,8,FALSE),"") | O10: =IFERROR(IF(G10="차량장착",MAX(I10+VLOOKUP(B10,'Reference Data 기준데이터'!$A$3:$J$5,9,FALSE),VLOOKUP(B10,'Reference Data 기준데이터'!$A$3:$J$5,4,FALSE)),I10+VLOOKUP(B10,'Reference Data 기준데이터'!$A$3:$J$5,9,FALSE)),"") | Q10: =IFERROR(O10+VLOOKUP(F10,'Reference Data 기준데이터'!$A$9:$E$26,4,FALSE),"") | S10: =IFERROR(MIN(I10+VLOOKUP(B10,'Reference Data 기준데이터'!$A$3:$J$5,10,FALSE),VLOOKUP(B10,'Reference Data 기준데이터'!$A$3:$J$5,6,FALSE)),"") | V10: =IF(U10<>"",U10,IF(AND(T10<>"",R10<>""),"11-결과등록완료",IF(AND(R10<>"",T10=""),"10-시험완료",IF(AND(P10<>"",R10=""),"09-시험준비중",IF(AND(N10<>"",P10=""),"08-단품준비완료",IF(L10="Approved","05-계획서승인",IF(L10="Revision Needed","04-검토중_보완",IF(L10="Under Review","03-검토중",IF(AND(K10<>"",L10=""),"02-제출_미검토","01-미제출"))))))))) | W10: =IFS(V10="01-미제출",0,V10="02-제출_미검토",0.05,V10="03-검토중",0.1,V10="04-검토중_보완",0.05,V10="05-계획서승인",0.2,V10="06-BIW중단",0.15,V10="07-미인수",0.3,V10="08-단품준비완료",0.4,V10="09-시험준비중",0.55,V10="10-시험완료",0.85,V10="11-결과등록완료",1,V10="12-조건부승인",0.9,TRUE,0) | X10: =IF(T10<>"","-",IF(S10="","N/A",S10-TODAY())) | Y10: =IF(V10="11-결과등록완료","DONE",IF(U10="06-BIW중단","BLOCKED",IF(AND(K10="",J10<TODAY()),"CRITICAL",IF(AND(ISNUMBER(X10),X10<=0),"OVERDUE",IF(AND(ISNUMBER(X10),X10<=14),"WARNING",IF(U10<>"","ACTION","ON TRACK")))))) | Z10: =IF(OR(T10<>"",R10<>"",P10<>"",N10<>"",K10<>""),TODAY()-MAX(T10,R10,P10,N10,K10),"—") | AA10: =IF(V10="11-결과등록완료","— 완료",IF(V10="01-미제출",IF(J10<TODAY(),"계획서 제출 독촉 (OVERDUE)","계획서 제출 대기"),IF(V10="02-제출_미검토","설계자: 계획서 검토 착수",IF(V10="03-검토중","설계자: 승인 처리",IF(V10="04-검토중_보완","보완 요청 → 협력사 재제출 독촉",IF(V10="05-계획서승인","시험편 준비 현황 확인",IF(V10="06-BIW중단","BIW 생산팀 확인 → 일정 재수립",IF(V10="07-미인수","협력사 인수 독촉",IF(V10="08-단품준비완료","시험 일정 확인",IF(V10="09-시험준비중","시험 진행 모니터링",IF(V10="10-시험완료","결과 보고서 전산 등록 독촉",IF(V10="12-조건부승인","조건부 승인 여부 판단 → 관련부서 협의","—"))))))))))))
A11: 7 | B11: AE_PE | C11: =IFERROR(VLOOKUP(D11,'Reference Data 기준데이터'!$A$30:$D$41,2,FALSE),"") | D11: 콘솔리드 | E11: =IFERROR(VLOOKUP(D11,'Reference Data 기준데이터'!$A$30:$D$41,3,FALSE),"") | F11: VOC 방출 시험 | G11: =IFERROR(VLOOKUP(F11,'Reference Data 기준데이터'!$A$9:$E$26,2,FALSE),"") | H11: =IFERROR(VLOOKUP(F11,'Reference Data 기준데이터'!$A$9:$E$26,5,FALSE),"") | I11: =IFERROR(VLOOKUP(B11,'Reference Data 기준데이터'!$A$3:$J$5,3,FALSE),"") | J11: =IFERROR(I11+VLOOKUP(B11,'Reference Data 기준데이터'!$A$3:$J$5,7,FALSE),"") | K11: 46049 | L11: Approved | M11: =IFERROR(I11+VLOOKUP(B11,'Reference Data 기준데이터'!$A$3:$J$5,8,FALSE),"") | N11: 46089 | O11: =IFERROR(IF(G11="차량장착",MAX(I11+VLOOKUP(B11,'Reference Data 기준데이터'!$A$3:$J$5,9,FALSE),VLOOKUP(B11,'Reference Data 기준데이터'!$A$3:$J$5,4,FALSE)),I11+VLOOKUP(B11,'Reference Data 기준데이터'!$A$3:$J$5,9,FALSE)),"") | Q11: =IFERROR(O11+VLOOKUP(F11,'Reference Data 기준데이터'!$A$9:$E$26,4,FALSE),"") | S11: =IFERROR(MIN(I11+VLOOKUP(B11,'Reference Data 기준데이터'!$A$3:$J$5,10,FALSE),VLOOKUP(B11,'Reference Data 기준데이터'!$A$3:$J$5,6,FALSE)),"") | V11: =IF(U11<>"",U11,IF(AND(T11<>"",R11<>""),"11-결과등록완료",IF(AND(R11<>"",T11=""),"10-시험완료",IF(AND(P11<>"",R11=""),"09-시험준비중",IF(AND(N11<>"",P11=""),"08-단품준비완료",IF(L11="Approved","05-계획서승인",IF(L11="Revision Needed","04-검토중_보완",IF(L11="Under Review","03-검토중",IF(AND(K11<>"",L11=""),"02-제출_미검토","01-미제출"))))))))) | W11: =IFS(V11="01-미제출",0,V11="02-제출_미검토",0.05,V11="03-검토중",0.1,V11="04-검토중_보완",0.05,V11="05-계획서승인",0.2,V11="06-BIW중단",0.15,V11="07-미인수",0.3,V11="08-단품준비완료",0.4,V11="09-시험준비중",0.55,V11="10-시험완료",0.85,V11="11-결과등록완료",1,V11="12-조건부승인",0.9,TRUE,0) | X11: =IF(T11<>"","-",IF(S11="","N/A",S11-TODAY())) | Y11: =IF(V11="11-결과등록완료","DONE",IF(U11="06-BIW중단","BLOCKED",IF(AND(K11="",J11<TODAY()),"CRITICAL",IF(AND(ISNUMBER(X11),X11<=0),"OVERDUE",IF(AND(ISNUMBER(X11),X11<=14),"WARNING",IF(U11<>"","ACTION","ON TRACK")))))) | Z11: =IF(OR(T11<>"",R11<>"",P11<>"",N11<>"",K11<>""),TODAY()-MAX(T11,R11,P11,N11,K11),"—") | AA11: =IF(V11="11-결과등록완료","— 완료",IF(V11="01-미제출",IF(J11<TODAY(),"계획서 제출 독촉 (OVERDUE)","계획서 제출 대기"),IF(V11="02-제출_미검토","설계자: 계획서 검토 착수",IF(V11="03-검토중","설계자: 승인 처리",IF(V11="04-검토중_보완","보완 요청 → 협력사 재제출 독촉",IF(V11="05-계획서승인","시험편 준비 현황 확인",IF(V11="06-BIW중단","BIW 생산팀 확인 → 일정 재수립",IF(V11="07-미인수","협력사 인수 독촉",IF(V11="08-단품준비완료","시험 일정 확인",IF(V11="09-시험준비중","시험 진행 모니터링",IF(V11="10-시험완료","결과 보고서 전산 등록 독촉",IF(V11="12-조건부승인","조건부 승인 여부 판단 → 관련부서 협의","—"))))))))))))
A12: 8 | B12: AE_PE | C12: =IFERROR(VLOOKUP(D12,'Reference Data 기준데이터'!$A$30:$D$41,2,FALSE),"") | D12: 콘솔리드 | E12: =IFERROR(VLOOKUP(D12,'Reference Data 기준데이터'!$A$30:$D$41,3,FALSE),"") | F12: 연소성 시험 | G12: =IFERROR(VLOOKUP(F12,'Reference Data 기준데이터'!$A$9:$E$26,2,FALSE),"") | H12: =IFERROR(VLOOKUP(F12,'Reference Data 기준데이터'!$A$9:$E$26,5,FALSE),"") | I12: =IFERROR(VLOOKUP(B12,'Reference Data 기준데이터'!$A$3:$J$5,3,FALSE),"") | J12: =IFERROR(I12+VLOOKUP(B12,'Reference Data 기준데이터'!$A$3:$J$5,7,FALSE),"") | K12: 46050 | L12: Approved | M12: =IFERROR(I12+VLOOKUP(B12,'Reference Data 기준데이터'!$A$3:$J$5,8,FALSE),"") | N12: 46082 | O12: =IFERROR(IF(G12="차량장착",MAX(I12+VLOOKUP(B12,'Reference Data 기준데이터'!$A$3:$J$5,9,FALSE),VLOOKUP(B12,'Reference Data 기준데이터'!$A$3:$J$5,4,FALSE)),I12+VLOOKUP(B12,'Reference Data 기준데이터'!$A$3:$J$5,9,FALSE)),"") | P12: 46101 | Q12: =IFERROR(O12+VLOOKUP(F12,'Reference Data 기준데이터'!$A$9:$E$26,4,FALSE),"") | R12: 46123 | S12: =IFERROR(MIN(I12+VLOOKUP(B12,'Reference Data 기준데이터'!$A$3:$J$5,10,FALSE),VLOOKUP(B12,'Reference Data 기준데이터'!$A$3:$J$5,6,FALSE)),"") | V12: =IF(U12<>"",U12,IF(AND(T12<>"",R12<>""),"11-결과등록완료",IF(AND(R12<>"",T12=""),"10-시험완료",IF(AND(P12<>"",R12=""),"09-시험준비중",IF(AND(N12<>"",P12=""),"08-단품준비완료",IF(L12="Approved","05-계획서승인",IF(L12="Revision Needed","04-검토중_보완",IF(L12="Under Review","03-검토중",IF(AND(K12<>"",L12=""),"02-제출_미검토","01-미제출"))))))))) | W12: =IFS(V12="01-미제출",0,V12="02-제출_미검토",0.05,V12="03-검토중",0.1,V12="04-검토중_보완",0.05,V12="05-계획서승인",0.2,V12="06-BIW중단",0.15,V12="07-미인수",0.3,V12="08-단품준비완료",0.4,V12="09-시험준비중",0.55,V12="10-시험완료",0.85,V12="11-결과등록완료",1,V12="12-조건부승인",0.9,TRUE,0) | X12: =IF(T12<>"","-",IF(S12="","N/A",S12-TODAY())) | Y12: =IF(V12="11-결과등록완료","DONE",IF(U12="06-BIW중단","BLOCKED",IF(AND(K12="",J12<TODAY()),"CRITICAL",IF(AND(ISNUMBER(X12),X12<=0),"OVERDUE",IF(AND(ISNUMBER(X12),X12<=14),"WARNING",IF(U12<>"","ACTION","ON TRACK")))))) | Z12: =IF(OR(T12<>"",R12<>"",P12<>"",N12<>"",K12<>""),TODAY()-MAX(T12,R12,P12,N12,K12),"—") | AA12: =IF(V12="11-결과등록완료","— 완료",IF(V12="01-미제출",IF(J12<TODAY(),"계획서 제출 독촉 (OVERDUE)","계획서 제출 대기"),IF(V12="02-제출_미검토","설계자: 계획서 검토 착수",IF(V12="03-검토중","설계자: 승인 처리",IF(V12="04-검토중_보완","보완 요청 → 협력사 재제출 독촉",IF(V12="05-계획서승인","시험편 준비 현황 확인",IF(V12="06-BIW중단","BIW 생산팀 확인 → 일정 재수립",IF(V12="07-미인수","협력사 인수 독촉",IF(V12="08-단품준비완료","시험 일정 확인",IF(V12="09-시험준비중","시험 진행 모니터링",IF(V12="10-시험완료","결과 보고서 전산 등록 독촉",IF(V12="12-조건부승인","조건부 승인 여부 판단 → 관련부서 협의","—"))))))))))))
A13: 9 | B13: AE_PE | C13: =IFERROR(VLOOKUP(D13,'Reference Data 기준데이터'!$A$30:$D$41,2,FALSE),"") | D13: 콘솔리드 | E13: =IFERROR(VLOOKUP(D13,'Reference Data 기준데이터'!$A$30:$D$41,3,FALSE),"") | F13: 힌지 내구 시험 | G13: =IFERROR(VLOOKUP(F13,'Reference Data 기준데이터'!$A$9:$E$26,2,FALSE),"") | H13: =IFERROR(VLOOKUP(F13,'Reference Data 기준데이터'!$A$9:$E$26,5,FALSE),"") | I13: =IFERROR(VLOOKUP(B13,'Reference Data 기준데이터'!$A$3:$J$5,3,FALSE),"") | J13: =IFERROR(I13+VLOOKUP(B13,'Reference Data 기준데이터'!$A$3:$J$5,7,FALSE),"") | K13: 46051 | L13: Approved | M13: =IFERROR(I13+VLOOKUP(B13,'Reference Data 기준데이터'!$A$3:$J$5,8,FALSE),"") | O13: =IFERROR(IF(G13="차량장착",MAX(I13+VLOOKUP(B13,'Reference Data 기준데이터'!$A$3:$J$5,9,FALSE),VLOOKUP(B13,'Reference Data 기준데이터'!$A$3:$J$5,4,FALSE)),I13+VLOOKUP(B13,'Reference Data 기준데이터'!$A$3:$J$5,9,FALSE)),"") | Q13: =IFERROR(O13+VLOOKUP(F13,'Reference Data 기준데이터'!$A$9:$E$26,4,FALSE),"") | S13: =IFERROR(MIN(I13+VLOOKUP(B13,'Reference Data 기준데이터'!$A$3:$J$5,10,FALSE),VLOOKUP(B13,'Reference Data 기준데이터'!$A$3:$J$5,6,FALSE)),"") | U13: 06-BIW중단 | V13: =IF(U13<>"",U13,IF(AND(T13<>"",R13<>""),"11-결과등록완료",IF(AND(R13<>"",T13=""),"10-시험완료",IF(AND(P13<>"",R13=""),"09-시험준비중",IF(AND(N13<>"",P13=""),"08-단품준비완료",IF(L13="Approved","05-계획서승인",IF(L13="Revision Needed","04-검토중_보완",IF(L13="Under Review","03-검토중",IF(AND(K13<>"",L13=""),"02-제출_미검토","01-미제출"))))))))) | W13: =IFS(V13="01-미제출",0,V13="02-제출_미검토",0.05,V13="03-검토중",0.1,V13="04-검토중_보완",0.05,V13="05-계획서승인",0.2,V13="06-BIW중단",0.15,V13="07-미인수",0.3,V13="08-단품준비완료",0.4,V13="09-시험준비중",0.55,V13="10-시험완료",0.85,V13="11-결과등록완료",1,V13="12-조건부승인",0.9,TRUE,0) | X13: =IF(T13<>"","-",IF(S13="","N/A",S13-TODAY())) | Y13: =IF(V13="11-결과등록완료","DONE",IF(U13="06-BIW중단","BLOCKED",IF(AND(K13="",J13<TODAY()),"CRITICAL",IF(AND(ISNUMBER(X13),X13<=0),"OVERDUE",IF(AND(ISNUMBER(X13),X13<=14),"WARNING",IF(U13<>"","ACTION","ON TRACK")))))) | Z13: =IF(OR(T13<>"",R13<>"",P13<>"",N13<>"",K13<>""),TODAY()-MAX(T13,R13,P13,N13,K13),"—") | AA13: =IF(V13="11-결과등록완료","— 완료",IF(V13="01-미제출",IF(J13<TODAY(),"계획서 제출 독촉 (OVERDUE)","계획서 제출 대기"),IF(V13="02-제출_미검토","설계자: 계획서 검토 착수",IF(V13="03-검토중","설계자: 승인 처리",IF(V13="04-검토중_보완","보완 요청 → 협력사 재제출 독촉",IF(V13="05-계획서승인","시험편 준비 현황 확인",IF(V13="06-BIW중단","BIW 생산팀 확인 → 일정 재수립",IF(V13="07-미인수","협력사 인수 독촉",IF(V13="08-단품준비완료","시험 일정 확인",IF(V13="09-시험준비중","시험 진행 모니터링",IF(V13="10-시험완료","결과 보고서 전산 등록 독촉",IF(V13="12-조건부승인","조건부 승인 여부 판단 → 관련부서 협의","—"))))))))))))
A14: 10 | B14: AE_PE | C14: =IFERROR(VLOOKUP(D14,'Reference Data 기준데이터'!$A$30:$D$41,2,FALSE),"") | D14: 콘솔리드 | E14: =IFERROR(VLOOKUP(D14,'Reference Data 기준데이터'!$A$30:$D$41,3,FALSE),"") | F14: 조작력 시험 | G14: =IFERROR(VLOOKUP(F14,'Reference Data 기준데이터'!$A$9:$E$26,2,FALSE),"") | H14: =IFERROR(VLOOKUP(F14,'Reference Data 기준데이터'!$A$9:$E$26,5,FALSE),"") | I14: =IFERROR(VLOOKUP(B14,'Reference Data 기준데이터'!$A$3:$J$5,3,FALSE),"") | J14: =IFERROR(I14+VLOOKUP(B14,'Reference Data 기준데이터'!$A$3:$J$5,7,FALSE),"") | K14: 46047 | L14: Approved | M14: =IFERROR(I14+VLOOKUP(B14,'Reference Data 기준데이터'!$A$3:$J$5,8,FALSE),"") | N14: 46084 | O14: =IFERROR(IF(G14="차량장착",MAX(I14+VLOOKUP(B14,'Reference Data 기준데이터'!$A$3:$J$5,9,FALSE),VLOOKUP(B14,'Reference Data 기준데이터'!$A$3:$J$5,4,FALSE)),I14+VLOOKUP(B14,'Reference Data 기준데이터'!$A$3:$J$5,9,FALSE)),"") | P14: 46103 | Q14: =IFERROR(O14+VLOOKUP(F14,'Reference Data 기준데이터'!$A$9:$E$26,4,FALSE),"") | R14: 46125 | S14: =IFERROR(MIN(I14+VLOOKUP(B14,'Reference Data 기준데이터'!$A$3:$J$5,10,FALSE),VLOOKUP(B14,'Reference Data 기준데이터'!$A$3:$J$5,6,FALSE)),"") | T14: 46132 | V14: =IF(U14<>"",U14,IF(AND(T14<>"",R14<>""),"11-결과등록완료",IF(AND(R14<>"",T14=""),"10-시험완료",IF(AND(P14<>"",R14=""),"09-시험준비중",IF(AND(N14<>"",P14=""),"08-단품준비완료",IF(L14="Approved","05-계획서승인",IF(L14="Revision Needed","04-검토중_보완",IF(L14="Under Review","03-검토중",IF(AND(K14<>"",L14=""),"02-제출_미검토","01-미제출"))))))))) | W14: =IFS(V14="01-미제출",0,V14="02-제출_미검토",0.05,V14="03-검토중",0.1,V14="04-검토중_보완",0.05,V14="05-계획서승인",0.2,V14="06-BIW중단",0.15,V14="07-미인수",0.3,V14="08-단품준비완료",0.4,V14="09-시험준비중",0.55,V14="10-시험완료",0.85,V14="11-결과등록완료",1,V14="12-조건부승인",0.9,TRUE,0) | X14: =IF(T14<>"","-",IF(S14="","N/A",S14-TODAY())) | Y14: =IF(V14="11-결과등록완료","DONE",IF(U14="06-BIW중단","BLOCKED",IF(AND(K14="",J14<TODAY()),"CRITICAL",IF(AND(ISNUMBER(X14),X14<=0),"OVERDUE",IF(AND(ISNUMBER(X14),X14<=14),"WARNING",IF(U14<>"","ACTION","ON TRACK")))))) | Z14: =IF(OR(T14<>"",R14<>"",P14<>"",N14<>"",K14<>""),TODAY()-MAX(T14,R14,P14,N14,K14),"—") | AA14: =IF(V14="11-결과등록완료","— 완료",IF(V14="01-미제출",IF(J14<TODAY(),"계획서 제출 독촉 (OVERDUE)","계획서 제출 대기"),IF(V14="02-제출_미검토","설계자: 계획서 검토 착수",IF(V14="03-검토중","설계자: 승인 처리",IF(V14="04-검토중_보완","보완 요청 → 협력사 재제출 독촉",IF(V14="05-계획서승인","시험편 준비 현황 확인",IF(V14="06-BIW중단","BIW 생산팀 확인 → 일정 재수립",IF(V14="07-미인수","협력사 인수 독촉",IF(V14="08-단품준비완료","시험 일정 확인",IF(V14="09-시험준비중","시험 진행 모니터링",IF(V14="10-시험완료","결과 보고서 전산 등록 독촉",IF(V14="12-조건부승인","조건부 승인 여부 판단 → 관련부서 협의","—"))))))))))))
A15: 11 | B15: AE_PE | C15: =IFERROR(VLOOKUP(D15,'Reference Data 기준데이터'!$A$30:$D$41,2,FALSE),"") | D15: 시트(앞) | E15: =IFERROR(VLOOKUP(D15,'Reference Data 기준데이터'!$A$30:$D$41,3,FALSE),"") | F15: EMC 시험 | G15: =IFERROR(VLOOKUP(F15,'Reference Data 기준데이터'!$A$9:$E$26,2,FALSE),"") | H15: =IFERROR(VLOOKUP(F15,'Reference Data 기준데이터'!$A$9:$E$26,5,FALSE),"") | I15: =IFERROR(VLOOKUP(B15,'Reference Data 기준데이터'!$A$3:$J$5,3,FALSE),"") | J15: =IFERROR(I15+VLOOKUP(B15,'Reference Data 기준데이터'!$A$3:$J$5,7,FALSE),"") | K15: 46048 | L15: Revision Needed | M15: =IFERROR(I15+VLOOKUP(B15,'Reference Data 기준데이터'!$A$3:$J$5,8,FALSE),"") | O15: =IFERROR(IF(G15="차량장착",MAX(I15+VLOOKUP(B15,'Reference Data 기준데이터'!$A$3:$J$5,9,FALSE),VLOOKUP(B15,'Reference Data 기준데이터'!$A$3:$J$5,4,FALSE)),I15+VLOOKUP(B15,'Reference Data 기준데이터'!$A$3:$J$5,9,FALSE)),"") | Q15: =IFERROR(O15+VLOOKUP(F15,'Reference Data 기준데이터'!$A$9:$E$26,4,FALSE),"") | S15: =IFERROR(MIN(I15+VLOOKUP(B15,'Reference Data 기준데이터'!$A$3:$J$5,10,FALSE),VLOOKUP(B15,'Reference Data 기준데이터'!$A$3:$J$5,6,FALSE)),"") | V15: =IF(U15<>"",U15,IF(AND(T15<>"",R15<>""),"11-결과등록완료",IF(AND(R15<>"",T15=""),"10-시험완료",IF(AND(P15<>"",R15=""),"09-시험준비중",IF(AND(N15<>"",P15=""),"08-단품준비완료",IF(L15="Approved","05-계획서승인",IF(L15="Revision Needed","04-검토중_보완",IF(L15="Under Review","03-검토중",IF(AND(K15<>"",L15=""),"02-제출_미검토","01-미제출"))))))))) | W15: =IFS(V15="01-미제출",0,V15="02-제출_미검토",0.05,V15="03-검토중",0.1,V15="04-검토중_보완",0.05,V15="05-계획서승인",0.2,V15="06-BIW중단",0.15,V15="07-미인수",0.3,V15="08-단품준비완료",0.4,V15="09-시험준비중",0.55,V15="10-시험완료",0.85,V15="11-결과등록완료",1,V15="12-조건부승인",0.9,TRUE,0) | X15: =IF(T15<>"","-",IF(S15="","N/A",S15-TODAY())) | Y15: =IF(V15="11-결과등록완료","DONE",IF(U15="06-BIW중단","BLOCKED",IF(AND(K15="",J15<TODAY()),"CRITICAL",IF(AND(ISNUMBER(X15),X15<=0),"OVERDUE",IF(AND(ISNUMBER(X15),X15<=14),"WARNING",IF(U15<>"","ACTION","ON TRACK")))))) | Z15: =IF(OR(T15<>"",R15<>"",P15<>"",N15<>"",K15<>""),TODAY()-MAX(T15,R15,P15,N15,K15),"—") | AA15: =IF(V15="11-결과등록완료","— 완료",IF(V15="01-미제출",IF(J15<TODAY(),"계획서 제출 독촉 (OVERDUE)","계획서 제출 대기"),IF(V15="02-제출_미검토","설계자: 계획서 검토 착수",IF(V15="03-검토중","설계자: 승인 처리",IF(V15="04-검토중_보완","보완 요청 → 협력사 재제출 독촉",IF(V15="05-계획서승인","시험편 준비 현황 확인",IF(V15="06-BIW중단","BIW 생산팀 확인 → 일정 재수립",IF(V15="07-미인수","협력사 인수 독촉",IF(V15="08-단품준비완료","시험 일정 확인",IF(V15="09-시험준비중","시험 진행 모니터링",IF(V15="10-시험완료","결과 보고서 전산 등록 독촉",IF(V15="12-조건부승인","조건부 승인 여부 판단 → 관련부서 협의","—"))))))))))))
A16: 12 | B16: AE_PE | C16: =IFERROR(VLOOKUP(D16,'Reference Data 기준데이터'!$A$30:$D$41,2,FALSE),"") | D16: 시트(앞) | E16: =IFERROR(VLOOKUP(D16,'Reference Data 기준데이터'!$A$30:$D$41,3,FALSE),"") | F16: VOC 방출 시험 | G16: =IFERROR(VLOOKUP(F16,'Reference Data 기준데이터'!$A$9:$E$26,2,FALSE),"") | H16: =IFERROR(VLOOKUP(F16,'Reference Data 기준데이터'!$A$9:$E$26,5,FALSE),"") | I16: =IFERROR(VLOOKUP(B16,'Reference Data 기준데이터'!$A$3:$J$5,3,FALSE),"") | J16: =IFERROR(I16+VLOOKUP(B16,'Reference Data 기준데이터'!$A$3:$J$5,7,FALSE),"") | K16: 46049 | L16: Approved | M16: =IFERROR(I16+VLOOKUP(B16,'Reference Data 기준데이터'!$A$3:$J$5,8,FALSE),"") | N16: 46086 | O16: =IFERROR(IF(G16="차량장착",MAX(I16+VLOOKUP(B16,'Reference Data 기준데이터'!$A$3:$J$5,9,FALSE),VLOOKUP(B16,'Reference Data 기준데이터'!$A$3:$J$5,4,FALSE)),I16+VLOOKUP(B16,'Reference Data 기준데이터'!$A$3:$J$5,9,FALSE)),"") | P16: 46099 | Q16: =IFERROR(O16+VLOOKUP(F16,'Reference Data 기준데이터'!$A$9:$E$26,4,FALSE),"") | S16: =IFERROR(MIN(I16+VLOOKUP(B16,'Reference Data 기준데이터'!$A$3:$J$5,10,FALSE),VLOOKUP(B16,'Reference Data 기준데이터'!$A$3:$J$5,6,FALSE)),"") | V16: =IF(U16<>"",U16,IF(AND(T16<>"",R16<>""),"11-결과등록완료",IF(AND(R16<>"",T16=""),"10-시험완료",IF(AND(P16<>"",R16=""),"09-시험준비중",IF(AND(N16<>"",P16=""),"08-단품준비완료",IF(L16="Approved","05-계획서승인",IF(L16="Revision Needed","04-검토중_보완",IF(L16="Under Review","03-검토중",IF(AND(K16<>"",L16=""),"02-제출_미검토","01-미제출"))))))))) | W16: =IFS(V16="01-미제출",0,V16="02-제출_미검토",0.05,V16="03-검토중",0.1,V16="04-검토중_보완",0.05,V16="05-계획서승인",0.2,V16="06-BIW중단",0.15,V16="07-미인수",0.3,V16="08-단품준비완료",0.4,V16="09-시험준비중",0.55,V16="10-시험완료",0.85,V16="11-결과등록완료",1,V16="12-조건부승인",0.9,TRUE,0) | X16: =IF(T16<>"","-",IF(S16="","N/A",S16-TODAY())) | Y16: =IF(V16="11-결과등록완료","DONE",IF(U16="06-BIW중단","BLOCKED",IF(AND(K16="",J16<TODAY()),"CRITICAL",IF(AND(ISNUMBER(X16),X16<=0),"OVERDUE",IF(AND(ISNUMBER(X16),X16<=14),"WARNING",IF(U16<>"","ACTION","ON TRACK")))))) | Z16: =IF(OR(T16<>"",R16<>"",P16<>"",N16<>"",K16<>""),TODAY()-MAX(T16,R16,P16,N16,K16),"—") | AA16: =IF(V16="11-결과등록완료","— 완료",IF(V16="01-미제출",IF(J16<TODAY(),"계획서 제출 독촉 (OVERDUE)","계획서 제출 대기"),IF(V16="02-제출_미검토","설계자: 계획서 검토 착수",IF(V16="03-검토중","설계자: 승인 처리",IF(V16="04-검토중_보완","보완 요청 → 협력사 재제출 독촉",IF(V16="05-계획서승인","시험편 준비 현황 확인",IF(V16="06-BIW중단","BIW 생산팀 확인 → 일정 재수립",IF(V16="07-미인수","협력사 인수 독촉",IF(V16="08-단품준비완료","시험 일정 확인",IF(V16="09-시험준비중","시험 진행 모니터링",IF(V16="10-시험완료","결과 보고서 전산 등록 독촉",IF(V16="12-조건부승인","조건부 승인 여부 판단 → 관련부서 협의","—"))))))))))))
A17: 13 | B17: AE_PE | C17: =IFERROR(VLOOKUP(D17,'Reference Data 기준데이터'!$A$30:$D$41,2,FALSE),"") | D17: 시트(앞) | E17: =IFERROR(VLOOKUP(D17,'Reference Data 기준데이터'!$A$30:$D$41,3,FALSE),"") | F17: 연소성 시험 | G17: =IFERROR(VLOOKUP(F17,'Reference Data 기준데이터'!$A$9:$E$26,2,FALSE),"") | H17: =IFERROR(VLOOKUP(F17,'Reference Data 기준데이터'!$A$9:$E$26,5,FALSE),"") | I17: =IFERROR(VLOOKUP(B17,'Reference Data 기준데이터'!$A$3:$J$5,3,FALSE),"") | J17: =IFERROR(I17+VLOOKUP(B17,'Reference Data 기준데이터'!$A$3:$J$5,7,FALSE),"") | K17: 46050 | L17: Approved | M17: =IFERROR(I17+VLOOKUP(B17,'Reference Data 기준데이터'!$A$3:$J$5,8,FALSE),"") | N17: 46087 | O17: =IFERROR(IF(G17="차량장착",MAX(I17+VLOOKUP(B17,'Reference Data 기준데이터'!$A$3:$J$5,9,FALSE),VLOOKUP(B17,'Reference Data 기준데이터'!$A$3:$J$5,4,FALSE)),I17+VLOOKUP(B17,'Reference Data 기준데이터'!$A$3:$J$5,9,FALSE)),"") | P17: 46100 | Q17: =IFERROR(O17+VLOOKUP(F17,'Reference Data 기준데이터'!$A$9:$E$26,4,FALSE),"") | R17: 46128 | S17: =IFERROR(MIN(I17+VLOOKUP(B17,'Reference Data 기준데이터'!$A$3:$J$5,10,FALSE),VLOOKUP(B17,'Reference Data 기준데이터'!$A$3:$J$5,6,FALSE)),"") | T17: 46131 | V17: =IF(U17<>"",U17,IF(AND(T17<>"",R17<>""),"11-결과등록완료",IF(AND(R17<>"",T17=""),"10-시험완료",IF(AND(P17<>"",R17=""),"09-시험준비중",IF(AND(N17<>"",P17=""),"08-단품준비완료",IF(L17="Approved","05-계획서승인",IF(L17="Revision Needed","04-검토중_보완",IF(L17="Under Review","03-검토중",IF(AND(K17<>"",L17=""),"02-제출_미검토","01-미제출"))))))))) | W17: =IFS(V17="01-미제출",0,V17="02-제출_미검토",0.05,V17="03-검토중",0.1,V17="04-검토중_보완",0.05,V17="05-계획서승인",0.2,V17="06-BIW중단",0.15,V17="07-미인수",0.3,V17="08-단품준비완료",0.4,V17="09-시험준비중",0.55,V17="10-시험완료",0.85,V17="11-결과등록완료",1,V17="12-조건부승인",0.9,TRUE,0) | X17: =IF(T17<>"","-",IF(S17="","N/A",S17-TODAY())) | Y17: =IF(V17="11-결과등록완료","DONE",IF(U17="06-BIW중단","BLOCKED",IF(AND(K17="",J17<TODAY()),"CRITICAL",IF(AND(ISNUMBER(X17),X17<=0),"OVERDUE",IF(AND(ISNUMBER(X17),X17<=14),"WARNING",IF(U17<>"","ACTION","ON TRACK")))))) | Z17: =IF(OR(T17<>"",R17<>"",P17<>"",N17<>"",K17<>""),TODAY()-MAX(T17,R17,P17,N17,K17),"—") | AA17: =IF(V17="11-결과등록완료","— 완료",IF(V17="01-미제출",IF(J17<TODAY(),"계획서 제출 독촉 (OVERDUE)","계획서 제출 대기"),IF(V17="02-제출_미검토","설계자: 계획서 검토 착수",IF(V17="03-검토중","설계자: 승인 처리",IF(V17="04-검토중_보완","보완 요청 → 협력사 재제출 독촉",IF(V17="05-계획서승인","시험편 준비 현황 확인",IF(V17="06-BIW중단","BIW 생산팀 확인 → 일정 재수립",IF(V17="07-미인수","협력사 인수 독촉",IF(V17="08-단품준비완료","시험 일정 확인",IF(V17="09-시험준비중","시험 진행 모니터링",IF(V17="10-시험완료","결과 보고서 전산 등록 독촉",IF(V17="12-조건부승인","조건부 승인 여부 판단 → 관련부서 협의","—"))))))))))))
A18: 14 | B18: AE_PE | C18: =IFERROR(VLOOKUP(D18,'Reference Data 기준데이터'!$A$30:$D$41,2,FALSE),"") | D18: 시트(앞) | E18: =IFERROR(VLOOKUP(D18,'Reference Data 기준데이터'!$A$30:$D$41,3,FALSE),"") | F18: 시트 내구 시험 | G18: =IFERROR(VLOOKUP(F18,'Reference Data 기준데이터'!$A$9:$E$26,2,FALSE),"") | H18: =IFERROR(VLOOKUP(F18,'Reference Data 기준데이터'!$A$9:$E$26,5,FALSE),"") | I18: =IFERROR(VLOOKUP(B18,'Reference Data 기준데이터'!$A$3:$J$5,3,FALSE),"") | J18: =IFERROR(I18+VLOOKUP(B18,'Reference Data 기준데이터'!$A$3:$J$5,7,FALSE),"") | K18: 46051 | L18: Approved | M18: =IFERROR(I18+VLOOKUP(B18,'Reference Data 기준데이터'!$A$3:$J$5,8,FALSE),"") | O18: =IFERROR(IF(G18="차량장착",MAX(I18+VLOOKUP(B18,'Reference Data 기준데이터'!$A$3:$J$5,9,FALSE),VLOOKUP(B18,'Reference Data 기준데이터'!$A$3:$J$5,4,FALSE)),I18+VLOOKUP(B18,'Reference Data 기준데이터'!$A$3:$J$5,9,FALSE)),"") | Q18: =IFERROR(O18+VLOOKUP(F18,'Reference Data 기준데이터'!$A$9:$E$26,4,FALSE),"") | S18: =IFERROR(MIN(I18+VLOOKUP(B18,'Reference Data 기준데이터'!$A$3:$J$5,10,FALSE),VLOOKUP(B18,'Reference Data 기준데이터'!$A$3:$J$5,6,FALSE)),"") | V18: =IF(U18<>"",U18,IF(AND(T18<>"",R18<>""),"11-결과등록완료",IF(AND(R18<>"",T18=""),"10-시험완료",IF(AND(P18<>"",R18=""),"09-시험준비중",IF(AND(N18<>"",P18=""),"08-단품준비완료",IF(L18="Approved","05-계획서승인",IF(L18="Revision Needed","04-검토중_보완",IF(L18="Under Review","03-검토중",IF(AND(K18<>"",L18=""),"02-제출_미검토","01-미제출"))))))))) | W18: =IFS(V18="01-미제출",0,V18="02-제출_미검토",0.05,V18="03-검토중",0.1,V18="04-검토중_보완",0.05,V18="05-계획서승인",0.2,V18="06-BIW중단",0.15,V18="07-미인수",0.3,V18="08-단품준비완료",0.4,V18="09-시험준비중",0.55,V18="10-시험완료",0.85,V18="11-결과등록완료",1,V18="12-조건부승인",0.9,TRUE,0) | X18: =IF(T18<>"","-",IF(S18="","N/A",S18-TODAY())) | Y18: =IF(V18="11-결과등록완료","DONE",IF(U18="06-BIW중단","BLOCKED",IF(AND(K18="",J18<TODAY()),"CRITICAL",IF(AND(ISNUMBER(X18),X18<=0),"OVERDUE",IF(AND(ISNUMBER(X18),X18<=14),"WARNING",IF(U18<>"","ACTION","ON TRACK")))))) | Z18: =IF(OR(T18<>"",R18<>"",P18<>"",N18<>"",K18<>""),TODAY()-MAX(T18,R18,P18,N18,K18),"—") | AA18: =IF(V18="11-결과등록완료","— 완료",IF(V18="01-미제출",IF(J18<TODAY(),"계획서 제출 독촉 (OVERDUE)","계획서 제출 대기"),IF(V18="02-제출_미검토","설계자: 계획서 검토 착수",IF(V18="03-검토중","설계자: 승인 처리",IF(V18="04-검토중_보완","보완 요청 → 협력사 재제출 독촉",IF(V18="05-계획서승인","시험편 준비 현황 확인",IF(V18="06-BIW중단","BIW 생산팀 확인 → 일정 재수립",IF(V18="07-미인수","협력사 인수 독촉",IF(V18="08-단품준비완료","시험 일정 확인",IF(V18="09-시험준비중","시험 진행 모니터링",IF(V18="10-시험완료","결과 보고서 전산 등록 독촉",IF(V18="12-조건부승인","조건부 승인 여부 판단 → 관련부서 협의","—"))))))))))))
A19: 15 | B19: AE_PE | C19: =IFERROR(VLOOKUP(D19,'Reference Data 기준데이터'!$A$30:$D$41,2,FALSE),"") | D19: 시트(앞) | E19: =IFERROR(VLOOKUP(D19,'Reference Data 기준데이터'!$A$30:$D$41,3,FALSE),"") | F19: H-Point 검증 | G19: =IFERROR(VLOOKUP(F19,'Reference Data 기준데이터'!$A$9:$E$26,2,FALSE),"") | H19: =IFERROR(VLOOKUP(F19,'Reference Data 기준데이터'!$A$9:$E$26,5,FALSE),"") | I19: =IFERROR(VLOOKUP(B19,'Reference Data 기준데이터'!$A$3:$J$5,3,FALSE),"") | J19: =IFERROR(I19+VLOOKUP(B19,'Reference Data 기준데이터'!$A$3:$J$5,7,FALSE),"") | K19: 46047 | L19: Approved | M19: =IFERROR(I19+VLOOKUP(B19,'Reference Data 기준데이터'!$A$3:$J$5,8,FALSE),"") | N19: 46089 | O19: =IFERROR(IF(G19="차량장착",MAX(I19+VLOOKUP(B19,'Reference Data 기준데이터'!$A$3:$J$5,9,FALSE),VLOOKUP(B19,'Reference Data 기준데이터'!$A$3:$J$5,4,FALSE)),I19+VLOOKUP(B19,'Reference Data 기준데이터'!$A$3:$J$5,9,FALSE)),"") | Q19: =IFERROR(O19+VLOOKUP(F19,'Reference Data 기준데이터'!$A$9:$E$26,4,FALSE),"") | S19: =IFERROR(MIN(I19+VLOOKUP(B19,'Reference Data 기준데이터'!$A$3:$J$5,10,FALSE),VLOOKUP(B19,'Reference Data 기준데이터'!$A$3:$J$5,6,FALSE)),"") | U19: 07-미인수 | V19: =IF(U19<>"",U19,IF(AND(T19<>"",R19<>""),"11-결과등록완료",IF(AND(R19<>"",T19=""),"10-시험완료",IF(AND(P19<>"",R19=""),"09-시험준비중",IF(AND(N19<>"",P19=""),"08-단품준비완료",IF(L19="Approved","05-계획서승인",IF(L19="Revision Needed","04-검토중_보완",IF(L19="Under Review","03-검토중",IF(AND(K19<>"",L19=""),"02-제출_미검토","01-미제출"))))))))) | W19: =IFS(V19="01-미제출",0,V19="02-제출_미검토",0.05,V19="03-검토중",0.1,V19="04-검토중_보완",0.05,V19="05-계획서승인",0.2,V19="06-BIW중단",0.15,V19="07-미인수",0.3,V19="08-단품준비완료",0.4,V19="09-시험준비중",0.55,V19="10-시험완료",0.85,V19="11-결과등록완료",1,V19="12-조건부승인",0.9,TRUE,0) | X19: =IF(T19<>"","-",IF(S19="","N/A",S19-TODAY())) | Y19: =IF(V19="11-결과등록완료","DONE",IF(U19="06-BIW중단","BLOCKED",IF(AND(K19="",J19<TODAY()),"CRITICAL",IF(AND(ISNUMBER(X19),X19<=0),"OVERDUE",IF(AND(ISNUMBER(X19),X19<=14),"WARNING",IF(U19<>"","ACTION","ON TRACK")))))) | Z19: =IF(OR(T19<>"",R19<>"",P19<>"",N19<>"",K19<>""),TODAY()-MAX(T19,R19,P19,N19,K19),"—") | AA19: =IF(V19="11-결과등록완료","— 완료",IF(V19="01-미제출",IF(J19<TODAY(),"계획서 제출 독촉 (OVERDUE)","계획서 제출 대기"),IF(V19="02-제출_미검토","설계자: 계획서 검토 착수",IF(V19="03-검토중","설계자: 승인 처리",IF(V19="04-검토중_보완","보완 요청 → 협력사 재제출 독촉",IF(V19="05-계획서승인","시험편 준비 현황 확인",IF(V19="06-BIW중단","BIW 생산팀 확인 → 일정 재수립",IF(V19="07-미인수","협력사 인수 독촉",IF(V19="08-단품준비완료","시험 일정 확인",IF(V19="09-시험준비중","시험 진행 모니터링",IF(V19="10-시험완료","결과 보고서 전산 등록 독촉",IF(V19="12-조건부승인","조건부 승인 여부 판단 → 관련부서 협의","—"))))))))))))
A20: 16 | B20: AE_PE | C20: =IFERROR(VLOOKUP(D20,'Reference Data 기준데이터'!$A$30:$D$41,2,FALSE),"") | D20: 시트(앞) | E20: =IFERROR(VLOOKUP(D20,'Reference Data 기준데이터'!$A$30:$D$41,3,FALSE),"") | F20: 안전벨트 앵커리지 | G20: =IFERROR(VLOOKUP(F20,'Reference Data 기준데이터'!$A$9:$E$26,2,FALSE),"") | H20: =IFERROR(VLOOKUP(F20,'Reference Data 기준데이터'!$A$9:$E$26,5,FALSE),"") | I20: =IFERROR(VLOOKUP(B20,'Reference Data 기준데이터'!$A$3:$J$5,3,FALSE),"") | J20: =IFERROR(I20+VLOOKUP(B20,'Reference Data 기준데이터'!$A$3:$J$5,7,FALSE),"") | K20: 46048 | L20: Under Review | M20: =IFERROR(I20+VLOOKUP(B20,'Reference Data 기준데이터'!$A$3:$J$5,8,FALSE),"") | O20: =IFERROR(IF(G20="차량장착",MAX(I20+VLOOKUP(B20,'Reference Data 기준데이터'!$A$3:$J$5,9,FALSE),VLOOKUP(B20,'Reference Data 기준데이터'!$A$3:$J$5,4,FALSE)),I20+VLOOKUP(B20,'Reference Data 기준데이터'!$A$3:$J$5,9,FALSE)),"") | Q20: =IFERROR(O20+VLOOKUP(F20,'Reference Data 기준데이터'!$A$9:$E$26,4,FALSE),"") | S20: =IFERROR(MIN(I20+VLOOKUP(B20,'Reference Data 기준데이터'!$A$3:$J$5,10,FALSE),VLOOKUP(B20,'Reference Data 기준데이터'!$A$3:$J$5,6,FALSE)),"") | V20: =IF(U20<>"",U20,IF(AND(T20<>"",R20<>""),"11-결과등록완료",IF(AND(R20<>"",T20=""),"10-시험완료",IF(AND(P20<>"",R20=""),"09-시험준비중",IF(AND(N20<>"",P20=""),"08-단품준비완료",IF(L20="Approved","05-계획서승인",IF(L20="Revision Needed","04-검토중_보완",IF(L20="Under Review","03-검토중",IF(AND(K20<>"",L20=""),"02-제출_미검토","01-미제출"))))))))) | W20: =IFS(V20="01-미제출",0,V20="02-제출_미검토",0.05,V20="03-검토중",0.1,V20="04-검토중_보완",0.05,V20="05-계획서승인",0.2,V20="06-BIW중단",0.15,V20="07-미인수",0.3,V20="08-단품준비완료",0.4,V20="09-시험준비중",0.55,V20="10-시험완료",0.85,V20="11-결과등록완료",1,V20="12-조건부승인",0.9,TRUE,0) | X20: =IF(T20<>"","-",IF(S20="","N/A",S20-TODAY())) | Y20: =IF(V20="11-결과등록완료","DONE",IF(U20="06-BIW중단","BLOCKED",IF(AND(K20="",J20<TODAY()),"CRITICAL",IF(AND(ISNUMBER(X20),X20<=0),"OVERDUE",IF(AND(ISNUMBER(X20),X20<=14),"WARNING",IF(U20<>"","ACTION","ON TRACK")))))) | Z20: =IF(OR(T20<>"",R20<>"",P20<>"",N20<>"",K20<>""),TODAY()-MAX(T20,R20,P20,N20,K20),"—") | AA20: =IF(V20="11-결과등록완료","— 완료",IF(V20="01-미제출",IF(J20<TODAY(),"계획서 제출 독촉 (OVERDUE)","계획서 제출 대기"),IF(V20="02-제출_미검토","설계자: 계획서 검토 착수",IF(V20="03-검토중","설계자: 승인 처리",IF(V20="04-검토중_보완","보완 요청 → 협력사 재제출 독촉",IF(V20="05-계획서승인","시험편 준비 현황 확인",IF(V20="06-BIW중단","BIW 생산팀 확인 → 일정 재수립",IF(V20="07-미인수","협력사 인수 독촉",IF(V20="08-단품준비완료","시험 일정 확인",IF(V20="09-시험준비중","시험 진행 모니터링",IF(V20="10-시험완료","결과 보고서 전산 등록 독촉",IF(V20="12-조건부승인","조건부 승인 여부 판단 → 관련부서 협의","—"))))))))))))
A21: 17 | B21: AE_PE | C21: =IFERROR(VLOOKUP(D21,'Reference Data 기준데이터'!$A$30:$D$41,2,FALSE),"") | D21: 시트(뒤) | E21: =IFERROR(VLOOKUP(D21,'Reference Data 기준데이터'!$A$30:$D$41,3,FALSE),"") | F21: EMC 시험 | G21: =IFERROR(VLOOKUP(F21,'Reference Data 기준데이터'!$A$9:$E$26,2,FALSE),"") | H21: =IFERROR(VLOOKUP(F21,'Reference Data 기준데이터'!$A$9:$E$26,5,FALSE),"") | I21: =IFERROR(VLOOKUP(B21,'Reference Data 기준데이터'!$A$3:$J$5,3,FALSE),"") | J21: =IFERROR(I21+VLOOKUP(B21,'Reference Data 기준데이터'!$A$3:$J$5,7,FALSE),"") | K21: 46049 | L21: Approved | M21: =IFERROR(I21+VLOOKUP(B21,'Reference Data 기준데이터'!$A$3:$J$5,8,FALSE),"") | N21: 46083 | O21: =IFERROR(IF(G21="차량장착",MAX(I21+VLOOKUP(B21,'Reference Data 기준데이터'!$A$3:$J$5,9,FALSE),VLOOKUP(B21,'Reference Data 기준데이터'!$A$3:$J$5,4,FALSE)),I21+VLOOKUP(B21,'Reference Data 기준데이터'!$A$3:$J$5,9,FALSE)),"") | Q21: =IFERROR(O21+VLOOKUP(F21,'Reference Data 기준데이터'!$A$9:$E$26,4,FALSE),"") | S21: =IFERROR(MIN(I21+VLOOKUP(B21,'Reference Data 기준데이터'!$A$3:$J$5,10,FALSE),VLOOKUP(B21,'Reference Data 기준데이터'!$A$3:$J$5,6,FALSE)),"") | V21: =IF(U21<>"",U21,IF(AND(T21<>"",R21<>""),"11-결과등록완료",IF(AND(R21<>"",T21=""),"10-시험완료",IF(AND(P21<>"",R21=""),"09-시험준비중",IF(AND(N21<>"",P21=""),"08-단품준비완료",IF(L21="Approved","05-계획서승인",IF(L21="Revision Needed","04-검토중_보완",IF(L21="Under Review","03-검토중",IF(AND(K21<>"",L21=""),"02-제출_미검토","01-미제출"))))))))) | W21: =IFS(V21="01-미제출",0,V21="02-제출_미검토",0.05,V21="03-검토중",0.1,V21="04-검토중_보완",0.05,V21="05-계획서승인",0.2,V21="06-BIW중단",0.15,V21="07-미인수",0.3,V21="08-단품준비완료",0.4,V21="09-시험준비중",0.55,V21="10-시험완료",0.85,V21="11-결과등록완료",1,V21="12-조건부승인",0.9,TRUE,0) | X21: =IF(T21<>"","-",IF(S21="","N/A",S21-TODAY())) | Y21: =IF(V21="11-결과등록완료","DONE",IF(U21="06-BIW중단","BLOCKED",IF(AND(K21="",J21<TODAY()),"CRITICAL",IF(AND(ISNUMBER(X21),X21<=0),"OVERDUE",IF(AND(ISNUMBER(X21),X21<=14),"WARNING",IF(U21<>"","ACTION","ON TRACK")))))) | Z21: =IF(OR(T21<>"",R21<>"",P21<>"",N21<>"",K21<>""),TODAY()-MAX(T21,R21,P21,N21,K21),"—") | AA21: =IF(V21="11-결과등록완료","— 완료",IF(V21="01-미제출",IF(J21<TODAY(),"계획서 제출 독촉 (OVERDUE)","계획서 제출 대기"),IF(V21="02-제출_미검토","설계자: 계획서 검토 착수",IF(V21="03-검토중","설계자: 승인 처리",IF(V21="04-검토중_보완","보완 요청 → 협력사 재제출 독촉",IF(V21="05-계획서승인","시험편 준비 현황 확인",IF(V21="06-BIW중단","BIW 생산팀 확인 → 일정 재수립",IF(V21="07-미인수","협력사 인수 독촉",IF(V21="08-단품준비완료","시험 일정 확인",IF(V21="09-시험준비중","시험 진행 모니터링",IF(V21="10-시험완료","결과 보고서 전산 등록 독촉",IF(V21="12-조건부승인","조건부 승인 여부 판단 → 관련부서 협의","—"))))))))))))
A22: 18 | B22: AE_PE | C22: =IFERROR(VLOOKUP(D22,'Reference Data 기준데이터'!$A$30:$D$41,2,FALSE),"") | D22: 시트(뒤) | E22: =IFERROR(VLOOKUP(D22,'Reference Data 기준데이터'!$A$30:$D$41,3,FALSE),"") | F22: VOC 방출 시험 | G22: =IFERROR(VLOOKUP(F22,'Reference Data 기준데이터'!$A$9:$E$26,2,FALSE),"") | H22: =IFERROR(VLOOKUP(F22,'Reference Data 기준데이터'!$A$9:$E$26,5,FALSE),"") | I22: =IFERROR(VLOOKUP(B22,'Reference Data 기준데이터'!$A$3:$J$5,3,FALSE),"") | J22: =IFERROR(I22+VLOOKUP(B22,'Reference Data 기준데이터'!$A$3:$J$5,7,FALSE),"") | K22: 46050 | L22: Approved | M22: =IFERROR(I22+VLOOKUP(B22,'Reference Data 기준데이터'!$A$3:$J$5,8,FALSE),"") | N22: 46084 | O22: =IFERROR(IF(G22="차량장착",MAX(I22+VLOOKUP(B22,'Reference Data 기준데이터'!$A$3:$J$5,9,FALSE),VLOOKUP(B22,'Reference Data 기준데이터'!$A$3:$J$5,4,FALSE)),I22+VLOOKUP(B22,'Reference Data 기준데이터'!$A$3:$J$5,9,FALSE)),"") | P22: 46099 | Q22: =IFERROR(O22+VLOOKUP(F22,'Reference Data 기준데이터'!$A$9:$E$26,4,FALSE),"") | R22: 46126 | S22: =IFERROR(MIN(I22+VLOOKUP(B22,'Reference Data 기준데이터'!$A$3:$J$5,10,FALSE),VLOOKUP(B22,'Reference Data 기준데이터'!$A$3:$J$5,6,FALSE)),"") | T22: 46132 | U22: 12-조건부승인 | V22: =IF(U22<>"",U22,IF(AND(T22<>"",R22<>""),"11-결과등록완료",IF(AND(R22<>"",T22=""),"10-시험완료",IF(AND(P22<>"",R22=""),"09-시험준비중",IF(AND(N22<>"",P22=""),"08-단품준비완료",IF(L22="Approved","05-계획서승인",IF(L22="Revision Needed","04-검토중_보완",IF(L22="Under Review","03-검토중",IF(AND(K22<>"",L22=""),"02-제출_미검토","01-미제출"))))))))) | W22: =IFS(V22="01-미제출",0,V22="02-제출_미검토",0.05,V22="03-검토중",0.1,V22="04-검토중_보완",0.05,V22="05-계획서승인",0.2,V22="06-BIW중단",0.15,V22="07-미인수",0.3,V22="08-단품준비완료",0.4,V22="09-시험준비중",0.55,V22="10-시험완료",0.85,V22="11-결과등록완료",1,V22="12-조건부승인",0.9,TRUE,0) | X22: =IF(T22<>"","-",IF(S22="","N/A",S22-TODAY())) | Y22: =IF(V22="11-결과등록완료","DONE",IF(U22="06-BIW중단","BLOCKED",IF(AND(K22="",J22<TODAY()),"CRITICAL",IF(AND(ISNUMBER(X22),X22<=0),"OVERDUE",IF(AND(ISNUMBER(X22),X22<=14),"WARNING",IF(U22<>"","ACTION","ON TRACK")))))) | Z22: =IF(OR(T22<>"",R22<>"",P22<>"",N22<>"",K22<>""),TODAY()-MAX(T22,R22,P22,N22,K22),"—") | AA22: =IF(V22="11-결과등록완료","— 완료",IF(V22="01-미제출",IF(J22<TODAY(),"계획서 제출 독촉 (OVERDUE)","계획서 제출 대기"),IF(V22="02-제출_미검토","설계자: 계획서 검토 착수",IF(V22="03-검토중","설계자: 승인 처리",IF(V22="04-검토중_보완","보완 요청 → 협력사 재제출 독촉",IF(V22="05-계획서승인","시험편 준비 현황 확인",IF(V22="06-BIW중단","BIW 생산팀 확인 → 일정 재수립",IF(V22="07-미인수","협력사 인수 독촉",IF(V22="08-단품준비완료","시험 일정 확인",IF(V22="09-시험준비중","시험 진행 모니터링",IF(V22="10-시험완료","결과 보고서 전산 등록 독촉",IF(V22="12-조건부승인","조건부 승인 여부 판단 → 관련부서 협의","—"))))))))))))
A23: 19 | B23: AE_PE | C23: =IFERROR(VLOOKUP(D23,'Reference Data 기준데이터'!$A$30:$D$41,2,FALSE),"") | D23: 시트(뒤) | E23: =IFERROR(VLOOKUP(D23,'Reference Data 기준데이터'!$A$30:$D$41,3,FALSE),"") | F23: 연소성 시험 | G23: =IFERROR(VLOOKUP(F23,'Reference Data 기준데이터'!$A$9:$E$26,2,FALSE),"") | H23: =IFERROR(VLOOKUP(F23,'Reference Data 기준데이터'!$A$9:$E$26,5,FALSE),"") | I23: =IFERROR(VLOOKUP(B23,'Reference Data 기준데이터'!$A$3:$J$5,3,FALSE),"") | J23: =IFERROR(I23+VLOOKUP(B23,'Reference Data 기준데이터'!$A$3:$J$5,7,FALSE),"") | M23: =IFERROR(I23+VLOOKUP(B23,'Reference Data 기준데이터'!$A$3:$J$5,8,FALSE),"") | O23: =IFERROR(IF(G23="차량장착",MAX(I23+VLOOKUP(B23,'Reference Data 기준데이터'!$A$3:$J$5,9,FALSE),VLOOKUP(B23,'Reference Data 기준데이터'!$A$3:$J$5,4,FALSE)),I23+VLOOKUP(B23,'Reference Data 기준데이터'!$A$3:$J$5,9,FALSE)),"") | Q23: =IFERROR(O23+VLOOKUP(F23,'Reference Data 기준데이터'!$A$9:$E$26,4,FALSE),"") | S23: =IFERROR(MIN(I23+VLOOKUP(B23,'Reference Data 기준데이터'!$A$3:$J$5,10,FALSE),VLOOKUP(B23,'Reference Data 기준데이터'!$A$3:$J$5,6,FALSE)),"") | V23: =IF(U23<>"",U23,IF(AND(T23<>"",R23<>""),"11-결과등록완료",IF(AND(R23<>"",T23=""),"10-시험완료",IF(AND(P23<>"",R23=""),"09-시험준비중",IF(AND(N23<>"",P23=""),"08-단품준비완료",IF(L23="Approved","05-계획서승인",IF(L23="Revision Needed","04-검토중_보완",IF(L23="Under Review","03-검토중",IF(AND(K23<>"",L23=""),"02-제출_미검토","01-미제출"))))))))) | W23: =IFS(V23="01-미제출",0,V23="02-제출_미검토",0.05,V23="03-검토중",0.1,V23="04-검토중_보완",0.05,V23="05-계획서승인",0.2,V23="06-BIW중단",0.15,V23="07-미인수",0.3,V23="08-단품준비완료",0.4,V23="09-시험준비중",0.55,V23="10-시험완료",0.85,V23="11-결과등록완료",1,V23="12-조건부승인",0.9,TRUE,0) | X23: =IF(T23<>"","-",IF(S23="","N/A",S23-TODAY())) | Y23: =IF(V23="11-결과등록완료","DONE",IF(U23="06-BIW중단","BLOCKED",IF(AND(K23="",J23<TODAY()),"CRITICAL",IF(AND(ISNUMBER(X23),X23<=0),"OVERDUE",IF(AND(ISNUMBER(X23),X23<=14),"WARNING",IF(U23<>"","ACTION","ON TRACK")))))) | Z23: =IF(OR(T23<>"",R23<>"",P23<>"",N23<>"",K23<>""),TODAY()-MAX(T23,R23,P23,N23,K23),"—") | AA23: =IF(V23="11-결과등록완료","— 완료",IF(V23="01-미제출",IF(J23<TODAY(),"계획서 제출 독촉 (OVERDUE)","계획서 제출 대기"),IF(V23="02-제출_미검토","설계자: 계획서 검토 착수",IF(V23="03-검토중","설계자: 승인 처리",IF(V23="04-검토중_보완","보완 요청 → 협력사 재제출 독촉",IF(V23="05-계획서승인","시험편 준비 현황 확인",IF(V23="06-BIW중단","BIW 생산팀 확인 → 일정 재수립",IF(V23="07-미인수","협력사 인수 독촉",IF(V23="08-단품준비완료","시험 일정 확인",IF(V23="09-시험준비중","시험 진행 모니터링",IF(V23="10-시험완료","결과 보고서 전산 등록 독촉",IF(V23="12-조건부승인","조건부 승인 여부 판단 → 관련부서 협의","—"))))))))))))
A24: 20 | B24: AE_PE | C24: =IFERROR(VLOOKUP(D24,'Reference Data 기준데이터'!$A$30:$D$41,2,FALSE),"") | D24: 시트(뒤) | E24: =IFERROR(VLOOKUP(D24,'Reference Data 기준데이터'!$A$30:$D$41,3,FALSE),"") | F24: 시트 내구 시험 | G24: =IFERROR(VLOOKUP(F24,'Reference Data 기준데이터'!$A$9:$E$26,2,FALSE),"") | H24: =IFERROR(VLOOKUP(F24,'Reference Data 기준데이터'!$A$9:$E$26,5,FALSE),"") | I24: =IFERROR(VLOOKUP(B24,'Reference Data 기준데이터'!$A$3:$J$5,3,FALSE),"") | J24: =IFERROR(I24+VLOOKUP(B24,'Reference Data 기준데이터'!$A$3:$J$5,7,FALSE),"") | K24: 46047 | L24: Approved | M24: =IFERROR(I24+VLOOKUP(B24,'Reference Data 기준데이터'!$A$3:$J$5,8,FALSE),"") | N24: 46086 | O24: =IFERROR(IF(G24="차량장착",MAX(I24+VLOOKUP(B24,'Reference Data 기준데이터'!$A$3:$J$5,9,FALSE),VLOOKUP(B24,'Reference Data 기준데이터'!$A$3:$J$5,4,FALSE)),I24+VLOOKUP(B24,'Reference Data 기준데이터'!$A$3:$J$5,9,FALSE)),"") | P24: 46101 | Q24: =IFERROR(O24+VLOOKUP(F24,'Reference Data 기준데이터'!$A$9:$E$26,4,FALSE),"") | R24: 46128 | S24: =IFERROR(MIN(I24+VLOOKUP(B24,'Reference Data 기준데이터'!$A$3:$J$5,10,FALSE),VLOOKUP(B24,'Reference Data 기준데이터'!$A$3:$J$5,6,FALSE)),"") | T24: 46130 | V24: =IF(U24<>"",U24,IF(AND(T24<>"",R24<>""),"11-결과등록완료",IF(AND(R24<>"",T24=""),"10-시험완료",IF(AND(P24<>"",R24=""),"09-시험준비중",IF(AND(N24<>"",P24=""),"08-단품준비완료",IF(L24="Approved","05-계획서승인",IF(L24="Revision Needed","04-검토중_보완",IF(L24="Under Review","03-검토중",IF(AND(K24<>"",L24=""),"02-제출_미검토","01-미제출"))))))))) | W24: =IFS(V24="01-미제출",0,V24="02-제출_미검토",0.05,V24="03-검토중",0.1,V24="04-검토중_보완",0.05,V24="05-계획서승인",0.2,V24="06-BIW중단",0.15,V24="07-미인수",0.3,V24="08-단품준비완료",0.4,V24="09-시험준비중",0.55,V24="10-시험완료",0.85,V24="11-결과등록완료",1,V24="12-조건부승인",0.9,TRUE,0) | X24: =IF(T24<>"","-",IF(S24="","N/A",S24-TODAY())) | Y24: =IF(V24="11-결과등록완료","DONE",IF(U24="06-BIW중단","BLOCKED",IF(AND(K24="",J24<TODAY()),"CRITICAL",IF(AND(ISNUMBER(X24),X24<=0),"OVERDUE",IF(AND(ISNUMBER(X24),X24<=14),"WARNING",IF(U24<>"","ACTION","ON TRACK")))))) | Z24: =IF(OR(T24<>"",R24<>"",P24<>"",N24<>"",K24<>""),TODAY()-MAX(T24,R24,P24,N24,K24),"—") | AA24: =IF(V24="11-결과등록완료","— 완료",IF(V24="01-미제출",IF(J24<TODAY(),"계획서 제출 독촉 (OVERDUE)","계획서 제출 대기"),IF(V24="02-제출_미검토","설계자: 계획서 검토 착수",IF(V24="03-검토중","설계자: 승인 처리",IF(V24="04-검토중_보완","보완 요청 → 협력사 재제출 독촉",IF(V24="05-계획서승인","시험편 준비 현황 확인",IF(V24="06-BIW중단","BIW 생산팀 확인 → 일정 재수립",IF(V24="07-미인수","협력사 인수 독촉",IF(V24="08-단품준비완료","시험 일정 확인",IF(V24="09-시험준비중","시험 진행 모니터링",IF(V24="10-시험완료","결과 보고서 전산 등록 독촉",IF(V24="12-조건부승인","조건부 승인 여부 판단 → 관련부서 협의","—"))))))))))))
A25: 21 | B25: AE_PE | C25: =IFERROR(VLOOKUP(D25,'Reference Data 기준데이터'!$A$30:$D$41,2,FALSE),"") | D25: 시트(뒤) | E25: =IFERROR(VLOOKUP(D25,'Reference Data 기준데이터'!$A$30:$D$41,3,FALSE),"") | F25: 안전벨트 앵커리지 | G25: =IFERROR(VLOOKUP(F25,'Reference Data 기준데이터'!$A$9:$E$26,2,FALSE),"") | H25: =IFERROR(VLOOKUP(F25,'Reference Data 기준데이터'!$A$9:$E$26,5,FALSE),"") | I25: =IFERROR(VLOOKUP(B25,'Reference Data 기준데이터'!$A$3:$J$5,3,FALSE),"") | J25: =IFERROR(I25+VLOOKUP(B25,'Reference Data 기준데이터'!$A$3:$J$5,7,FALSE),"") | K25: 46048 | L25: Approved | M25: =IFERROR(I25+VLOOKUP(B25,'Reference Data 기준데이터'!$A$3:$J$5,8,FALSE),"") | N25: 46087 | O25: =IFERROR(IF(G25="차량장착",MAX(I25+VLOOKUP(B25,'Reference Data 기준데이터'!$A$3:$J$5,9,FALSE),VLOOKUP(B25,'Reference Data 기준데이터'!$A$3:$J$5,4,FALSE)),I25+VLOOKUP(B25,'Reference Data 기준데이터'!$A$3:$J$5,9,FALSE)),"") | P25: 46102 | Q25: =IFERROR(O25+VLOOKUP(F25,'Reference Data 기준데이터'!$A$9:$E$26,4,FALSE),"") | R25: 46122 | S25: =IFERROR(MIN(I25+VLOOKUP(B25,'Reference Data 기준데이터'!$A$3:$J$5,10,FALSE),VLOOKUP(B25,'Reference Data 기준데이터'!$A$3:$J$5,6,FALSE)),"") | V25: =IF(U25<>"",U25,IF(AND(T25<>"",R25<>""),"11-결과등록완료",IF(AND(R25<>"",T25=""),"10-시험완료",IF(AND(P25<>"",R25=""),"09-시험준비중",IF(AND(N25<>"",P25=""),"08-단품준비완료",IF(L25="Approved","05-계획서승인",IF(L25="Revision Needed","04-검토중_보완",IF(L25="Under Review","03-검토중",IF(AND(K25<>"",L25=""),"02-제출_미검토","01-미제출"))))))))) | W25: =IFS(V25="01-미제출",0,V25="02-제출_미검토",0.05,V25="03-검토중",0.1,V25="04-검토중_보완",0.05,V25="05-계획서승인",0.2,V25="06-BIW중단",0.15,V25="07-미인수",0.3,V25="08-단품준비완료",0.4,V25="09-시험준비중",0.55,V25="10-시험완료",0.85,V25="11-결과등록완료",1,V25="12-조건부승인",0.9,TRUE,0) | X25: =IF(T25<>"","-",IF(S25="","N/A",S25-TODAY())) | Y25: =IF(V25="11-결과등록완료","DONE",IF(U25="06-BIW중단","BLOCKED",IF(AND(K25="",J25<TODAY()),"CRITICAL",IF(AND(ISNUMBER(X25),X25<=0),"OVERDUE",IF(AND(ISNUMBER(X25),X25<=14),"WARNING",IF(U25<>"","ACTION","ON TRACK")))))) | Z25: =IF(OR(T25<>"",R25<>"",P25<>"",N25<>"",K25<>""),TODAY()-MAX(T25,R25,P25,N25,K25),"—") | AA25: =IF(V25="11-결과등록완료","— 완료",IF(V25="01-미제출",IF(J25<TODAY(),"계획서 제출 독촉 (OVERDUE)","계획서 제출 대기"),IF(V25="02-제출_미검토","설계자: 계획서 검토 착수",IF(V25="03-검토중","설계자: 승인 처리",IF(V25="04-검토중_보완","보완 요청 → 협력사 재제출 독촉",IF(V25="05-계획서승인","시험편 준비 현황 확인",IF(V25="06-BIW중단","BIW 생산팀 확인 → 일정 재수립",IF(V25="07-미인수","협력사 인수 독촉",IF(V25="08-단품준비완료","시험 일정 확인",IF(V25="09-시험준비중","시험 진행 모니터링",IF(V25="10-시험완료","결과 보고서 전산 등록 독촉",IF(V25="12-조건부승인","조건부 승인 여부 판단 → 관련부서 협의","—"))))))))))))
A26: 22 | B26: AE_PE | C26: =IFERROR(VLOOKUP(D26,'Reference Data 기준데이터'!$A$30:$D$41,2,FALSE),"") | D26: 시트(뒤) | E26: =IFERROR(VLOOKUP(D26,'Reference Data 기준데이터'!$A$30:$D$41,3,FALSE),"") | F26: ISOFIX 강도 시험 | G26: =IFERROR(VLOOKUP(F26,'Reference Data 기준데이터'!$A$9:$E$26,2,FALSE),"") | H26: =IFERROR(VLOOKUP(F26,'Reference Data 기준데이터'!$A$9:$E$26,5,FALSE),"") | I26: =IFERROR(VLOOKUP(B26,'Reference Data 기준데이터'!$A$3:$J$5,3,FALSE),"") | J26: =IFERROR(I26+VLOOKUP(B26,'Reference Data 기준데이터'!$A$3:$J$5,7,FALSE),"") | K26: 46049 | L26: Approved | M26: =IFERROR(I26+VLOOKUP(B26,'Reference Data 기준데이터'!$A$3:$J$5,8,FALSE),"") | N26: 46088 | O26: =IFERROR(IF(G26="차량장착",MAX(I26+VLOOKUP(B26,'Reference Data 기준데이터'!$A$3:$J$5,9,FALSE),VLOOKUP(B26,'Reference Data 기준데이터'!$A$3:$J$5,4,FALSE)),I26+VLOOKUP(B26,'Reference Data 기준데이터'!$A$3:$J$5,9,FALSE)),"") | P26: 46103 | Q26: =IFERROR(O26+VLOOKUP(F26,'Reference Data 기준데이터'!$A$9:$E$26,4,FALSE),"") | S26: =IFERROR(MIN(I26+VLOOKUP(B26,'Reference Data 기준데이터'!$A$3:$J$5,10,FALSE),VLOOKUP(B26,'Reference Data 기준데이터'!$A$3:$J$5,6,FALSE)),"") | V26: =IF(U26<>"",U26,IF(AND(T26<>"",R26<>""),"11-결과등록완료",IF(AND(R26<>"",T26=""),"10-시험완료",IF(AND(P26<>"",R26=""),"09-시험준비중",IF(AND(N26<>"",P26=""),"08-단품준비완료",IF(L26="Approved","05-계획서승인",IF(L26="Revision Needed","04-검토중_보완",IF(L26="Under Review","03-검토중",IF(AND(K26<>"",L26=""),"02-제출_미검토","01-미제출"))))))))) | W26: =IFS(V26="01-미제출",0,V26="02-제출_미검토",0.05,V26="03-검토중",0.1,V26="04-검토중_보완",0.05,V26="05-계획서승인",0.2,V26="06-BIW중단",0.15,V26="07-미인수",0.3,V26="08-단품준비완료",0.4,V26="09-시험준비중",0.55,V26="10-시험완료",0.85,V26="11-결과등록완료",1,V26="12-조건부승인",0.9,TRUE,0) | X26: =IF(T26<>"","-",IF(S26="","N/A",S26-TODAY())) | Y26: =IF(V26="11-결과등록완료","DONE",IF(U26="06-BIW중단","BLOCKED",IF(AND(K26="",J26<TODAY()),"CRITICAL",IF(AND(ISNUMBER(X26),X26<=0),"OVERDUE",IF(AND(ISNUMBER(X26),X26<=14),"WARNING",IF(U26<>"","ACTION","ON TRACK")))))) | Z26: =IF(OR(T26<>"",R26<>"",P26<>"",N26<>"",K26<>""),TODAY()-MAX(T26,R26,P26,N26,K26),"—") | AA26: =IF(V26="11-결과등록완료","— 완료",IF(V26="01-미제출",IF(J26<TODAY(),"계획서 제출 독촉 (OVERDUE)","계획서 제출 대기"),IF(V26="02-제출_미검토","설계자: 계획서 검토 착수",IF(V26="03-검토중","설계자: 승인 처리",IF(V26="04-검토중_보완","보완 요청 → 협력사 재제출 독촉",IF(V26="05-계획서승인","시험편 준비 현황 확인",IF(V26="06-BIW중단","BIW 생산팀 확인 → 일정 재수립",IF(V26="07-미인수","협력사 인수 독촉",IF(V26="08-단품준비완료","시험 일정 확인",IF(V26="09-시험준비중","시험 진행 모니터링",IF(V26="10-시험완료","결과 보고서 전산 등록 독촉",IF(V26="12-조건부승인","조건부 승인 여부 판단 → 관련부서 협의","—"))))))))))))
A27: 23 | B27: AE_PE | C27: =IFERROR(VLOOKUP(D27,'Reference Data 기준데이터'!$A$30:$D$41,2,FALSE),"") | D27: 시트(뒤) | E27: =IFERROR(VLOOKUP(D27,'Reference Data 기준데이터'!$A$30:$D$41,3,FALSE),"") | F27: 수하물 충격 시험 | G27: =IFERROR(VLOOKUP(F27,'Reference Data 기준데이터'!$A$9:$E$26,2,FALSE),"") | H27: =IFERROR(VLOOKUP(F27,'Reference Data 기준데이터'!$A$9:$E$26,5,FALSE),"") | I27: =IFERROR(VLOOKUP(B27,'Reference Data 기준데이터'!$A$3:$J$5,3,FALSE),"") | J27: =IFERROR(I27+VLOOKUP(B27,'Reference Data 기준데이터'!$A$3:$J$5,7,FALSE),"") | K27: 46050 | L27: Approved | M27: =IFERROR(I27+VLOOKUP(B27,'Reference Data 기준데이터'!$A$3:$J$5,8,FALSE),"") | N27: 46089 | O27: =IFERROR(IF(G27="차량장착",MAX(I27+VLOOKUP(B27,'Reference Data 기준데이터'!$A$3:$J$5,9,FALSE),VLOOKUP(B27,'Reference Data 기준데이터'!$A$3:$J$5,4,FALSE)),I27+VLOOKUP(B27,'Reference Data 기준데이터'!$A$3:$J$5,9,FALSE)),"") | P27: 46104 | Q27: =IFERROR(O27+VLOOKUP(F27,'Reference Data 기준데이터'!$A$9:$E$26,4,FALSE),"") | R27: 46124 | S27: =IFERROR(MIN(I27+VLOOKUP(B27,'Reference Data 기준데이터'!$A$3:$J$5,10,FALSE),VLOOKUP(B27,'Reference Data 기준데이터'!$A$3:$J$5,6,FALSE)),"") | T27: 46133 | V27: =IF(U27<>"",U27,IF(AND(T27<>"",R27<>""),"11-결과등록완료",IF(AND(R27<>"",T27=""),"10-시험완료",IF(AND(P27<>"",R27=""),"09-시험준비중",IF(AND(N27<>"",P27=""),"08-단품준비완료",IF(L27="Approved","05-계획서승인",IF(L27="Revision Needed","04-검토중_보완",IF(L27="Under Review","03-검토중",IF(AND(K27<>"",L27=""),"02-제출_미검토","01-미제출"))))))))) | W27: =IFS(V27="01-미제출",0,V27="02-제출_미검토",0.05,V27="03-검토중",0.1,V27="04-검토중_보완",0.05,V27="05-계획서승인",0.2,V27="06-BIW중단",0.15,V27="07-미인수",0.3,V27="08-단품준비완료",0.4,V27="09-시험준비중",0.55,V27="10-시험완료",0.85,V27="11-결과등록완료",1,V27="12-조건부승인",0.9,TRUE,0) | X27: =IF(T27<>"","-",IF(S27="","N/A",S27-TODAY())) | Y27: =IF(V27="11-결과등록완료","DONE",IF(U27="06-BIW중단","BLOCKED",IF(AND(K27="",J27<TODAY()),"CRITICAL",IF(AND(ISNUMBER(X27),X27<=0),"OVERDUE",IF(AND(ISNUMBER(X27),X27<=14),"WARNING",IF(U27<>"","ACTION","ON TRACK")))))) | Z27: =IF(OR(T27<>"",R27<>"",P27<>"",N27<>"",K27<>""),TODAY()-MAX(T27,R27,P27,N27,K27),"—") | AA27: =IF(V27="11-결과등록완료","— 완료",IF(V27="01-미제출",IF(J27<TODAY(),"계획서 제출 독촉 (OVERDUE)","계획서 제출 대기"),IF(V27="02-제출_미검토","설계자: 계획서 검토 착수",IF(V27="03-검토중","설계자: 승인 처리",IF(V27="04-검토중_보완","보완 요청 → 협력사 재제출 독촉",IF(V27="05-계획서승인","시험편 준비 현황 확인",IF(V27="06-BIW중단","BIW 생산팀 확인 → 일정 재수립",IF(V27="07-미인수","협력사 인수 독촉",IF(V27="08-단품준비완료","시험 일정 확인",IF(V27="09-시험준비중","시험 진행 모니터링",IF(V27="10-시험완료","결과 보고서 전산 등록 독촉",IF(V27="12-조건부승인","조건부 승인 여부 판단 → 관련부서 협의","—"))))))))))))
A28: 24 | B28: SU2i | C28: =IFERROR(VLOOKUP(D28,'Reference Data 기준데이터'!$A$30:$D$41,2,FALSE),"") | D28: 센터콘솔 | E28: =IFERROR(VLOOKUP(D28,'Reference Data 기준데이터'!$A$30:$D$41,3,FALSE),"") | F28: EMC 시험 | G28: =IFERROR(VLOOKUP(F28,'Reference Data 기준데이터'!$A$9:$E$26,2,FALSE),"") | H28: =IFERROR(VLOOKUP(F28,'Reference Data 기준데이터'!$A$9:$E$26,5,FALSE),"") | I28: =IFERROR(VLOOKUP(B28,'Reference Data 기준데이터'!$A$3:$J$5,3,FALSE),"") | J28: =IFERROR(I28+VLOOKUP(B28,'Reference Data 기준데이터'!$A$3:$J$5,7,FALSE),"") | M28: =IFERROR(I28+VLOOKUP(B28,'Reference Data 기준데이터'!$A$3:$J$5,8,FALSE),"") | O28: =IFERROR(IF(G28="차량장착",MAX(I28+VLOOKUP(B28,'Reference Data 기준데이터'!$A$3:$J$5,9,FALSE),VLOOKUP(B28,'Reference Data 기준데이터'!$A$3:$J$5,4,FALSE)),I28+VLOOKUP(B28,'Reference Data 기준데이터'!$A$3:$J$5,9,FALSE)),"") | Q28: =IFERROR(O28+VLOOKUP(F28,'Reference Data 기준데이터'!$A$9:$E$26,4,FALSE),"") | S28: =IFERROR(MIN(I28+VLOOKUP(B28,'Reference Data 기준데이터'!$A$3:$J$5,10,FALSE),VLOOKUP(B28,'Reference Data 기준데이터'!$A$3:$J$5,6,FALSE)),"") | V28: =IF(U28<>"",U28,IF(AND(T28<>"",R28<>""),"11-결과등록완료",IF(AND(R28<>"",T28=""),"10-시험완료",IF(AND(P28<>"",R28=""),"09-시험준비중",IF(AND(N28<>"",P28=""),"08-단품준비완료",IF(L28="Approved","05-계획서승인",IF(L28="Revision Needed","04-검토중_보완",IF(L28="Under Review","03-검토중",IF(AND(K28<>"",L28=""),"02-제출_미검토","01-미제출"))))))))) | W28: =IFS(V28="01-미제출",0,V28="02-제출_미검토",0.05,V28="03-검토중",0.1,V28="04-검토중_보완",0.05,V28="05-계획서승인",0.2,V28="06-BIW중단",0.15,V28="07-미인수",0.3,V28="08-단품준비완료",0.4,V28="09-시험준비중",0.55,V28="10-시험완료",0.85,V28="11-결과등록완료",1,V28="12-조건부승인",0.9,TRUE,0) | X28: =IF(T28<>"","-",IF(S28="","N/A",S28-TODAY())) | Y28: =IF(V28="11-결과등록완료","DONE",IF(U28="06-BIW중단","BLOCKED",IF(AND(K28="",J28<TODAY()),"CRITICAL",IF(AND(ISNUMBER(X28),X28<=0),"OVERDUE",IF(AND(ISNUMBER(X28),X28<=14),"WARNING",IF(U28<>"","ACTION","ON TRACK")))))) | Z28: =IF(OR(T28<>"",R28<>"",P28<>"",N28<>"",K28<>""),TODAY()-MAX(T28,R28,P28,N28,K28),"—") | AA28: =IF(V28="11-결과등록완료","— 완료",IF(V28="01-미제출",IF(J28<TODAY(),"계획서 제출 독촉 (OVERDUE)","계획서 제출 대기"),IF(V28="02-제출_미검토","설계자: 계획서 검토 착수",IF(V28="03-검토중","설계자: 승인 처리",IF(V28="04-검토중_보완","보완 요청 → 협력사 재제출 독촉",IF(V28="05-계획서승인","시험편 준비 현황 확인",IF(V28="06-BIW중단","BIW 생산팀 확인 → 일정 재수립",IF(V28="07-미인수","협력사 인수 독촉",IF(V28="08-단품준비완료","시험 일정 확인",IF(V28="09-시험준비중","시험 진행 모니터링",IF(V28="10-시험완료","결과 보고서 전산 등록 독촉",IF(V28="12-조건부승인","조건부 승인 여부 판단 → 관련부서 협의","—"))))))))))))
A29: 25 | B29: SU2i | C29: =IFERROR(VLOOKUP(D29,'Reference Data 기준데이터'!$A$30:$D$41,2,FALSE),"") | D29: 센터콘솔 | E29: =IFERROR(VLOOKUP(D29,'Reference Data 기준데이터'!$A$30:$D$41,3,FALSE),"") | F29: VOC 방출 시험 | G29: =IFERROR(VLOOKUP(F29,'Reference Data 기준데이터'!$A$9:$E$26,2,FALSE),"") | H29: =IFERROR(VLOOKUP(F29,'Reference Data 기준데이터'!$A$9:$E$26,5,FALSE),"") | I29: =IFERROR(VLOOKUP(B29,'Reference Data 기준데이터'!$A$3:$J$5,3,FALSE),"") | J29: =IFERROR(I29+VLOOKUP(B29,'Reference Data 기준데이터'!$A$3:$J$5,7,FALSE),"") | K29: 46092 | L29: Approved | M29: =IFERROR(I29+VLOOKUP(B29,'Reference Data 기준데이터'!$A$3:$J$5,8,FALSE),"") | O29: =IFERROR(IF(G29="차량장착",MAX(I29+VLOOKUP(B29,'Reference Data 기준데이터'!$A$3:$J$5,9,FALSE),VLOOKUP(B29,'Reference Data 기준데이터'!$A$3:$J$5,4,FALSE)),I29+VLOOKUP(B29,'Reference Data 기준데이터'!$A$3:$J$5,9,FALSE)),"") | Q29: =IFERROR(O29+VLOOKUP(F29,'Reference Data 기준데이터'!$A$9:$E$26,4,FALSE),"") | S29: =IFERROR(MIN(I29+VLOOKUP(B29,'Reference Data 기준데이터'!$A$3:$J$5,10,FALSE),VLOOKUP(B29,'Reference Data 기준데이터'!$A$3:$J$5,6,FALSE)),"") | V29: =IF(U29<>"",U29,IF(AND(T29<>"",R29<>""),"11-결과등록완료",IF(AND(R29<>"",T29=""),"10-시험완료",IF(AND(P29<>"",R29=""),"09-시험준비중",IF(AND(N29<>"",P29=""),"08-단품준비완료",IF(L29="Approved","05-계획서승인",IF(L29="Revision Needed","04-검토중_보완",IF(L29="Under Review","03-검토중",IF(AND(K29<>"",L29=""),"02-제출_미검토","01-미제출"))))))))) | W29: =IFS(V29="01-미제출",0,V29="02-제출_미검토",0.05,V29="03-검토중",0.1,V29="04-검토중_보완",0.05,V29="05-계획서승인",0.2,V29="06-BIW중단",0.15,V29="07-미인수",0.3,V29="08-단품준비완료",0.4,V29="09-시험준비중",0.55,V29="10-시험완료",0.85,V29="11-결과등록완료",1,V29="12-조건부승인",0.9,TRUE,0) | X29: =IF(T29<>"","-",IF(S29="","N/A",S29-TODAY())) | Y29: =IF(V29="11-결과등록완료","DONE",IF(U29="06-BIW중단","BLOCKED",IF(AND(K29="",J29<TODAY()),"CRITICAL",IF(AND(ISNUMBER(X29),X29<=0),"OVERDUE",IF(AND(ISNUMBER(X29),X29<=14),"WARNING",IF(U29<>"","ACTION","ON TRACK")))))) | Z29: =IF(OR(T29<>"",R29<>"",P29<>"",N29<>"",K29<>""),TODAY()-MAX(T29,R29,P29,N29,K29),"—") | AA29: =IF(V29="11-결과등록완료","— 완료",IF(V29="01-미제출",IF(J29<TODAY(),"계획서 제출 독촉 (OVERDUE)","계획서 제출 대기"),IF(V29="02-제출_미검토","설계자: 계획서 검토 착수",IF(V29="03-검토중","설계자: 승인 처리",IF(V29="04-검토중_보완","보완 요청 → 협력사 재제출 독촉",IF(V29="05-계획서승인","시험편 준비 현황 확인",IF(V29="06-BIW중단","BIW 생산팀 확인 → 일정 재수립",IF(V29="07-미인수","협력사 인수 독촉",IF(V29="08-단품준비완료","시험 일정 확인",IF(V29="09-시험준비중","시험 진행 모니터링",IF(V29="10-시험완료","결과 보고서 전산 등록 독촉",IF(V29="12-조건부승인","조건부 승인 여부 판단 → 관련부서 협의","—"))))))))))))
A30: 26 | B30: SU2i | C30: =IFERROR(VLOOKUP(D30,'Reference Data 기준데이터'!$A$30:$D$41,2,FALSE),"") | D30: 센터콘솔 | E30: =IFERROR(VLOOKUP(D30,'Reference Data 기준데이터'!$A$30:$D$41,3,FALSE),"") | F30: 연소성 시험 | G30: =IFERROR(VLOOKUP(F30,'Reference Data 기준데이터'!$A$9:$E$26,2,FALSE),"") | H30: =IFERROR(VLOOKUP(F30,'Reference Data 기준데이터'!$A$9:$E$26,5,FALSE),"") | I30: =IFERROR(VLOOKUP(B30,'Reference Data 기준데이터'!$A$3:$J$5,3,FALSE),"") | J30: =IFERROR(I30+VLOOKUP(B30,'Reference Data 기준데이터'!$A$3:$J$5,7,FALSE),"") | K30: 46093 | L30: Approved | M30: =IFERROR(I30+VLOOKUP(B30,'Reference Data 기준데이터'!$A$3:$J$5,8,FALSE),"") | N30: 46129 | O30: =IFERROR(IF(G30="차량장착",MAX(I30+VLOOKUP(B30,'Reference Data 기준데이터'!$A$3:$J$5,9,FALSE),VLOOKUP(B30,'Reference Data 기준데이터'!$A$3:$J$5,4,FALSE)),I30+VLOOKUP(B30,'Reference Data 기준데이터'!$A$3:$J$5,9,FALSE)),"") | P30: 46146 | Q30: =IFERROR(O30+VLOOKUP(F30,'Reference Data 기준데이터'!$A$9:$E$26,4,FALSE),"") | S30: =IFERROR(MIN(I30+VLOOKUP(B30,'Reference Data 기준데이터'!$A$3:$J$5,10,FALSE),VLOOKUP(B30,'Reference Data 기준데이터'!$A$3:$J$5,6,FALSE)),"") | V30: =IF(U30<>"",U30,IF(AND(T30<>"",R30<>""),"11-결과등록완료",IF(AND(R30<>"",T30=""),"10-시험완료",IF(AND(P30<>"",R30=""),"09-시험준비중",IF(AND(N30<>"",P30=""),"08-단품준비완료",IF(L30="Approved","05-계획서승인",IF(L30="Revision Needed","04-검토중_보완",IF(L30="Under Review","03-검토중",IF(AND(K30<>"",L30=""),"02-제출_미검토","01-미제출"))))))))) | W30: =IFS(V30="01-미제출",0,V30="02-제출_미검토",0.05,V30="03-검토중",0.1,V30="04-검토중_보완",0.05,V30="05-계획서승인",0.2,V30="06-BIW중단",0.15,V30="07-미인수",0.3,V30="08-단품준비완료",0.4,V30="09-시험준비중",0.55,V30="10-시험완료",0.85,V30="11-결과등록완료",1,V30="12-조건부승인",0.9,TRUE,0) | X30: =IF(T30<>"","-",IF(S30="","N/A",S30-TODAY())) | Y30: =IF(V30="11-결과등록완료","DONE",IF(U30="06-BIW중단","BLOCKED",IF(AND(K30="",J30<TODAY()),"CRITICAL",IF(AND(ISNUMBER(X30),X30<=0),"OVERDUE",IF(AND(ISNUMBER(X30),X30<=14),"WARNING",IF(U30<>"","ACTION","ON TRACK")))))) | Z30: =IF(OR(T30<>"",R30<>"",P30<>"",N30<>"",K30<>""),TODAY()-MAX(T30,R30,P30,N30,K30),"—") | AA30: =IF(V30="11-결과등록완료","— 완료",IF(V30="01-미제출",IF(J30<TODAY(),"계획서 제출 독촉 (OVERDUE)","계획서 제출 대기"),IF(V30="02-제출_미검토","설계자: 계획서 검토 착수",IF(V30="03-검토중","설계자: 승인 처리",IF(V30="04-검토중_보완","보완 요청 → 협력사 재제출 독촉",IF(V30="05-계획서승인","시험편 준비 현황 확인",IF(V30="06-BIW중단","BIW 생산팀 확인 → 일정 재수립",IF(V30="07-미인수","협력사 인수 독촉",IF(V30="08-단품준비완료","시험 일정 확인",IF(V30="09-시험준비중","시험 진행 모니터링",IF(V30="10-시험완료","결과 보고서 전산 등록 독촉",IF(V30="12-조건부승인","조건부 승인 여부 판단 → 관련부서 협의","—"))))))))))))
A31: 27 | B31: SU2i | C31: =IFERROR(VLOOKUP(D31,'Reference Data 기준데이터'!$A$30:$D$41,2,FALSE),"") | D31: 센터콘솔 | E31: =IFERROR(VLOOKUP(D31,'Reference Data 기준데이터'!$A$30:$D$41,3,FALSE),"") | F31: BSR 시험 | G31: =IFERROR(VLOOKUP(F31,'Reference Data 기준데이터'!$A$9:$E$26,2,FALSE),"") | H31: =IFERROR(VLOOKUP(F31,'Reference Data 기준데이터'!$A$9:$E$26,5,FALSE),"") | I31: =IFERROR(VLOOKUP(B31,'Reference Data 기준데이터'!$A$3:$J$5,3,FALSE),"") | J31: =IFERROR(I31+VLOOKUP(B31,'Reference Data 기준데이터'!$A$3:$J$5,7,FALSE),"") | K31: 46094 | L31: Approved | M31: =IFERROR(I31+VLOOKUP(B31,'Reference Data 기준데이터'!$A$3:$J$5,8,FALSE),"") | N31: 46130 | O31: =IFERROR(IF(G31="차량장착",MAX(I31+VLOOKUP(B31,'Reference Data 기준데이터'!$A$3:$J$5,9,FALSE),VLOOKUP(B31,'Reference Data 기준데이터'!$A$3:$J$5,4,FALSE)),I31+VLOOKUP(B31,'Reference Data 기준데이터'!$A$3:$J$5,9,FALSE)),"") | P31: 46147 | Q31: =IFERROR(O31+VLOOKUP(F31,'Reference Data 기준데이터'!$A$9:$E$26,4,FALSE),"") | R31: 46173 | S31: =IFERROR(MIN(I31+VLOOKUP(B31,'Reference Data 기준데이터'!$A$3:$J$5,10,FALSE),VLOOKUP(B31,'Reference Data 기준데이터'!$A$3:$J$5,6,FALSE)),"") | T31: 46178 | V31: =IF(U31<>"",U31,IF(AND(T31<>"",R31<>""),"11-결과등록완료",IF(AND(R31<>"",T31=""),"10-시험완료",IF(AND(P31<>"",R31=""),"09-시험준비중",IF(AND(N31<>"",P31=""),"08-단품준비완료",IF(L31="Approved","05-계획서승인",IF(L31="Revision Needed","04-검토중_보완",IF(L31="Under Review","03-검토중",IF(AND(K31<>"",L31=""),"02-제출_미검토","01-미제출"))))))))) | W31: =IFS(V31="01-미제출",0,V31="02-제출_미검토",0.05,V31="03-검토중",0.1,V31="04-검토중_보완",0.05,V31="05-계획서승인",0.2,V31="06-BIW중단",0.15,V31="07-미인수",0.3,V31="08-단품준비완료",0.4,V31="09-시험준비중",0.55,V31="10-시험완료",0.85,V31="11-결과등록완료",1,V31="12-조건부승인",0.9,TRUE,0) | X31: =IF(T31<>"","-",IF(S31="","N/A",S31-TODAY())) | Y31: =IF(V31="11-결과등록완료","DONE",IF(U31="06-BIW중단","BLOCKED",IF(AND(K31="",J31<TODAY()),"CRITICAL",IF(AND(ISNUMBER(X31),X31<=0),"OVERDUE",IF(AND(ISNUMBER(X31),X31<=14),"WARNING",IF(U31<>"","ACTION","ON TRACK")))))) | Z31: =IF(OR(T31<>"",R31<>"",P31<>"",N31<>"",K31<>""),TODAY()-MAX(T31,R31,P31,N31,K31),"—") | AA31: =IF(V31="11-결과등록완료","— 완료",IF(V31="01-미제출",IF(J31<TODAY(),"계획서 제출 독촉 (OVERDUE)","계획서 제출 대기"),IF(V31="02-제출_미검토","설계자: 계획서 검토 착수",IF(V31="03-검토중","설계자: 승인 처리",IF(V31="04-검토중_보완","보완 요청 → 협력사 재제출 독촉",IF(V31="05-계획서승인","시험편 준비 현황 확인",IF(V31="06-BIW중단","BIW 생산팀 확인 → 일정 재수립",IF(V31="07-미인수","협력사 인수 독촉",IF(V31="08-단품준비완료","시험 일정 확인",IF(V31="09-시험준비중","시험 진행 모니터링",IF(V31="10-시험완료","결과 보고서 전산 등록 독촉",IF(V31="12-조건부승인","조건부 승인 여부 판단 → 관련부서 협의","—"))))))))))))
A32: 28 | B32: SU2i | C32: =IFERROR(VLOOKUP(D32,'Reference Data 기준데이터'!$A$30:$D$41,2,FALSE),"") | D32: 센터콘솔 | E32: =IFERROR(VLOOKUP(D32,'Reference Data 기준데이터'!$A$30:$D$41,3,FALSE),"") | F32: 치수 검사 | G32: =IFERROR(VLOOKUP(F32,'Reference Data 기준데이터'!$A$9:$E$26,2,FALSE),"") | H32: =IFERROR(VLOOKUP(F32,'Reference Data 기준데이터'!$A$9:$E$26,5,FALSE),"") | I32: =IFERROR(VLOOKUP(B32,'Reference Data 기준데이터'!$A$3:$J$5,3,FALSE),"") | J32: =IFERROR(I32+VLOOKUP(B32,'Reference Data 기준데이터'!$A$3:$J$5,7,FALSE),"") | K32: 46095 | L32: Under Review | M32: =IFERROR(I32+VLOOKUP(B32,'Reference Data 기준데이터'!$A$3:$J$5,8,FALSE),"") | O32: =IFERROR(IF(G32="차량장착",MAX(I32+VLOOKUP(B32,'Reference Data 기준데이터'!$A$3:$J$5,9,FALSE),VLOOKUP(B32,'Reference Data 기준데이터'!$A$3:$J$5,4,FALSE)),I32+VLOOKUP(B32,'Reference Data 기준데이터'!$A$3:$J$5,9,FALSE)),"") | Q32: =IFERROR(O32+VLOOKUP(F32,'Reference Data 기준데이터'!$A$9:$E$26,4,FALSE),"") | S32: =IFERROR(MIN(I32+VLOOKUP(B32,'Reference Data 기준데이터'!$A$3:$J$5,10,FALSE),VLOOKUP(B32,'Reference Data 기준데이터'!$A$3:$J$5,6,FALSE)),"") | V32: =IF(U32<>"",U32,IF(AND(T32<>"",R32<>""),"11-결과등록완료",IF(AND(R32<>"",T32=""),"10-시험완료",IF(AND(P32<>"",R32=""),"09-시험준비중",IF(AND(N32<>"",P32=""),"08-단품준비완료",IF(L32="Approved","05-계획서승인",IF(L32="Revision Needed","04-검토중_보완",IF(L32="Under Review","03-검토중",IF(AND(K32<>"",L32=""),"02-제출_미검토","01-미제출"))))))))) | W32: =IFS(V32="01-미제출",0,V32="02-제출_미검토",0.05,V32="03-검토중",0.1,V32="04-검토중_보완",0.05,V32="05-계획서승인",0.2,V32="06-BIW중단",0.15,V32="07-미인수",0.3,V32="08-단품준비완료",0.4,V32="09-시험준비중",0.55,V32="10-시험완료",0.85,V32="11-결과등록완료",1,V32="12-조건부승인",0.9,TRUE,0) | X32: =IF(T32<>"","-",IF(S32="","N/A",S32-TODAY())) | Y32: =IF(V32="11-결과등록완료","DONE",IF(U32="06-BIW중단","BLOCKED",IF(AND(K32="",J32<TODAY()),"CRITICAL",IF(AND(ISNUMBER(X32),X32<=0),"OVERDUE",IF(AND(ISNUMBER(X32),X32<=14),"WARNING",IF(U32<>"","ACTION","ON TRACK")))))) | Z32: =IF(OR(T32<>"",R32<>"",P32<>"",N32<>"",K32<>""),TODAY()-MAX(T32,R32,P32,N32,K32),"—") | AA32: =IF(V32="11-결과등록완료","— 완료",IF(V32="01-미제출",IF(J32<TODAY(),"계획서 제출 독촉 (OVERDUE)","계획서 제출 대기"),IF(V32="02-제출_미검토","설계자: 계획서 검토 착수",IF(V32="03-검토중","설계자: 승인 처리",IF(V32="04-검토중_보완","보완 요청 → 협력사 재제출 독촉",IF(V32="05-계획서승인","시험편 준비 현황 확인",IF(V32="06-BIW중단","BIW 생산팀 확인 → 일정 재수립",IF(V32="07-미인수","협력사 인수 독촉",IF(V32="08-단품준비완료","시험 일정 확인",IF(V32="09-시험준비중","시험 진행 모니터링",IF(V32="10-시험완료","결과 보고서 전산 등록 독촉",IF(V32="12-조건부승인","조건부 승인 여부 판단 → 관련부서 협의","—"))))))))))))
A33: 29 | B33: SU2i | C33: =IFERROR(VLOOKUP(D33,'Reference Data 기준데이터'!$A$30:$D$41,2,FALSE),"") | D33: 콘솔리드 | E33: =IFERROR(VLOOKUP(D33,'Reference Data 기준데이터'!$A$30:$D$41,3,FALSE),"") | F33: EMC 시험 | G33: =IFERROR(VLOOKUP(F33,'Reference Data 기준데이터'!$A$9:$E$26,2,FALSE),"") | H33: =IFERROR(VLOOKUP(F33,'Reference Data 기준데이터'!$A$9:$E$26,5,FALSE),"") | I33: =IFERROR(VLOOKUP(B33,'Reference Data 기준데이터'!$A$3:$J$5,3,FALSE),"") | J33: =IFERROR(I33+VLOOKUP(B33,'Reference Data 기준데이터'!$A$3:$J$5,7,FALSE),"") | K33: 46096 | M33: =IFERROR(I33+VLOOKUP(B33,'Reference Data 기준데이터'!$A$3:$J$5,8,FALSE),"") | O33: =IFERROR(IF(G33="차량장착",MAX(I33+VLOOKUP(B33,'Reference Data 기준데이터'!$A$3:$J$5,9,FALSE),VLOOKUP(B33,'Reference Data 기준데이터'!$A$3:$J$5,4,FALSE)),I33+VLOOKUP(B33,'Reference Data 기준데이터'!$A$3:$J$5,9,FALSE)),"") | Q33: =IFERROR(O33+VLOOKUP(F33,'Reference Data 기준데이터'!$A$9:$E$26,4,FALSE),"") | S33: =IFERROR(MIN(I33+VLOOKUP(B33,'Reference Data 기준데이터'!$A$3:$J$5,10,FALSE),VLOOKUP(B33,'Reference Data 기준데이터'!$A$3:$J$5,6,FALSE)),"") | V33: =IF(U33<>"",U33,IF(AND(T33<>"",R33<>""),"11-결과등록완료",IF(AND(R33<>"",T33=""),"10-시험완료",IF(AND(P33<>"",R33=""),"09-시험준비중",IF(AND(N33<>"",P33=""),"08-단품준비완료",IF(L33="Approved","05-계획서승인",IF(L33="Revision Needed","04-검토중_보완",IF(L33="Under Review","03-검토중",IF(AND(K33<>"",L33=""),"02-제출_미검토","01-미제출"))))))))) | W33: =IFS(V33="01-미제출",0,V33="02-제출_미검토",0.05,V33="03-검토중",0.1,V33="04-검토중_보완",0.05,V33="05-계획서승인",0.2,V33="06-BIW중단",0.15,V33="07-미인수",0.3,V33="08-단품준비완료",0.4,V33="09-시험준비중",0.55,V33="10-시험완료",0.85,V33="11-결과등록완료",1,V33="12-조건부승인",0.9,TRUE,0) | X33: =IF(T33<>"","-",IF(S33="","N/A",S33-TODAY())) | Y33: =IF(V33="11-결과등록완료","DONE",IF(U33="06-BIW중단","BLOCKED",IF(AND(K33="",J33<TODAY()),"CRITICAL",IF(AND(ISNUMBER(X33),X33<=0),"OVERDUE",IF(AND(ISNUMBER(X33),X33<=14),"WARNING",IF(U33<>"","ACTION","ON TRACK")))))) | Z33: =IF(OR(T33<>"",R33<>"",P33<>"",N33<>"",K33<>""),TODAY()-MAX(T33,R33,P33,N33,K33),"—") | AA33: =IF(V33="11-결과등록완료","— 완료",IF(V33="01-미제출",IF(J33<TODAY(),"계획서 제출 독촉 (OVERDUE)","계획서 제출 대기"),IF(V33="02-제출_미검토","설계자: 계획서 검토 착수",IF(V33="03-검토중","설계자: 승인 처리",IF(V33="04-검토중_보완","보완 요청 → 협력사 재제출 독촉",IF(V33="05-계획서승인","시험편 준비 현황 확인",IF(V33="06-BIW중단","BIW 생산팀 확인 → 일정 재수립",IF(V33="07-미인수","협력사 인수 독촉",IF(V33="08-단품준비완료","시험 일정 확인",IF(V33="09-시험준비중","시험 진행 모니터링",IF(V33="10-시험완료","결과 보고서 전산 등록 독촉",IF(V33="12-조건부승인","조건부 승인 여부 판단 → 관련부서 협의","—"))))))))))))
A34: 30 | B34: SU2i | C34: =IFERROR(VLOOKUP(D34,'Reference Data 기준데이터'!$A$30:$D$41,2,FALSE),"") | D34: 콘솔리드 | E34: =IFERROR(VLOOKUP(D34,'Reference Data 기준데이터'!$A$30:$D$41,3,FALSE),"") | F34: VOC 방출 시험 | G34: =IFERROR(VLOOKUP(F34,'Reference Data 기준데이터'!$A$9:$E$26,2,FALSE),"") | H34: =IFERROR(VLOOKUP(F34,'Reference Data 기준데이터'!$A$9:$E$26,5,FALSE),"") | I34: =IFERROR(VLOOKUP(B34,'Reference Data 기준데이터'!$A$3:$J$5,3,FALSE),"") | J34: =IFERROR(I34+VLOOKUP(B34,'Reference Data 기준데이터'!$A$3:$J$5,7,FALSE),"") | K34: 46092 | L34: Approved | M34: =IFERROR(I34+VLOOKUP(B34,'Reference Data 기준데이터'!$A$3:$J$5,8,FALSE),"") | N34: 46133 | O34: =IFERROR(IF(G34="차량장착",MAX(I34+VLOOKUP(B34,'Reference Data 기준데이터'!$A$3:$J$5,9,FALSE),VLOOKUP(B34,'Reference Data 기준데이터'!$A$3:$J$5,4,FALSE)),I34+VLOOKUP(B34,'Reference Data 기준데이터'!$A$3:$J$5,9,FALSE)),"") | Q34: =IFERROR(O34+VLOOKUP(F34,'Reference Data 기준데이터'!$A$9:$E$26,4,FALSE),"") | S34: =IFERROR(MIN(I34+VLOOKUP(B34,'Reference Data 기준데이터'!$A$3:$J$5,10,FALSE),VLOOKUP(B34,'Reference Data 기준데이터'!$A$3:$J$5,6,FALSE)),"") | V34: =IF(U34<>"",U34,IF(AND(T34<>"",R34<>""),"11-결과등록완료",IF(AND(R34<>"",T34=""),"10-시험완료",IF(AND(P34<>"",R34=""),"09-시험준비중",IF(AND(N34<>"",P34=""),"08-단품준비완료",IF(L34="Approved","05-계획서승인",IF(L34="Revision Needed","04-검토중_보완",IF(L34="Under Review","03-검토중",IF(AND(K34<>"",L34=""),"02-제출_미검토","01-미제출"))))))))) | W34: =IFS(V34="01-미제출",0,V34="02-제출_미검토",0.05,V34="03-검토중",0.1,V34="04-검토중_보완",0.05,V34="05-계획서승인",0.2,V34="06-BIW중단",0.15,V34="07-미인수",0.3,V34="08-단품준비완료",0.4,V34="09-시험준비중",0.55,V34="10-시험완료",0.85,V34="11-결과등록완료",1,V34="12-조건부승인",0.9,TRUE,0) | X34: =IF(T34<>"","-",IF(S34="","N/A",S34-TODAY())) | Y34: =IF(V34="11-결과등록완료","DONE",IF(U34="06-BIW중단","BLOCKED",IF(AND(K34="",J34<TODAY()),"CRITICAL",IF(AND(ISNUMBER(X34),X34<=0),"OVERDUE",IF(AND(ISNUMBER(X34),X34<=14),"WARNING",IF(U34<>"","ACTION","ON TRACK")))))) | Z34: =IF(OR(T34<>"",R34<>"",P34<>"",N34<>"",K34<>""),TODAY()-MAX(T34,R34,P34,N34,K34),"—") | AA34: =IF(V34="11-결과등록완료","— 완료",IF(V34="01-미제출",IF(J34<TODAY(),"계획서 제출 독촉 (OVERDUE)","계획서 제출 대기"),IF(V34="02-제출_미검토","설계자: 계획서 검토 착수",IF(V34="03-검토중","설계자: 승인 처리",IF(V34="04-검토중_보완","보완 요청 → 협력사 재제출 독촉",IF(V34="05-계획서승인","시험편 준비 현황 확인",IF(V34="06-BIW중단","BIW 생산팀 확인 → 일정 재수립",IF(V34="07-미인수","협력사 인수 독촉",IF(V34="08-단품준비완료","시험 일정 확인",IF(V34="09-시험준비중","시험 진행 모니터링",IF(V34="10-시험완료","결과 보고서 전산 등록 독촉",IF(V34="12-조건부승인","조건부 승인 여부 판단 → 관련부서 협의","—"))))))))))))
A35: 31 | B35: SU2i | C35: =IFERROR(VLOOKUP(D35,'Reference Data 기준데이터'!$A$30:$D$41,2,FALSE),"") | D35: 콘솔리드 | E35: =IFERROR(VLOOKUP(D35,'Reference Data 기준데이터'!$A$30:$D$41,3,FALSE),"") | F35: 연소성 시험 | G35: =IFERROR(VLOOKUP(F35,'Reference Data 기준데이터'!$A$9:$E$26,2,FALSE),"") | H35: =IFERROR(VLOOKUP(F35,'Reference Data 기준데이터'!$A$9:$E$26,5,FALSE),"") | I35: =IFERROR(VLOOKUP(B35,'Reference Data 기준데이터'!$A$3:$J$5,3,FALSE),"") | J35: =IFERROR(I35+VLOOKUP(B35,'Reference Data 기준데이터'!$A$3:$J$5,7,FALSE),"") | K35: 46093 | L35: Approved | M35: =IFERROR(I35+VLOOKUP(B35,'Reference Data 기준데이터'!$A$3:$J$5,8,FALSE),"") | N35: 46134 | O35: =IFERROR(IF(G35="차량장착",MAX(I35+VLOOKUP(B35,'Reference Data 기준데이터'!$A$3:$J$5,9,FALSE),VLOOKUP(B35,'Reference Data 기준데이터'!$A$3:$J$5,4,FALSE)),I35+VLOOKUP(B35,'Reference Data 기준데이터'!$A$3:$J$5,9,FALSE)),"") | P35: 46145 | Q35: =IFERROR(O35+VLOOKUP(F35,'Reference Data 기준데이터'!$A$9:$E$26,4,FALSE),"") | R35: 46170 | S35: =IFERROR(MIN(I35+VLOOKUP(B35,'Reference Data 기준데이터'!$A$3:$J$5,10,FALSE),VLOOKUP(B35,'Reference Data 기준데이터'!$A$3:$J$5,6,FALSE)),"") | V35: =IF(U35<>"",U35,IF(AND(T35<>"",R35<>""),"11-결과등록완료",IF(AND(R35<>"",T35=""),"10-시험완료",IF(AND(P35<>"",R35=""),"09-시험준비중",IF(AND(N35<>"",P35=""),"08-단품준비완료",IF(L35="Approved","05-계획서승인",IF(L35="Revision Needed","04-검토중_보완",IF(L35="Under Review","03-검토중",IF(AND(K35<>"",L35=""),"02-제출_미검토","01-미제출"))))))))) | W35: =IFS(V35="01-미제출",0,V35="02-제출_미검토",0.05,V35="03-검토중",0.1,V35="04-검토중_보완",0.05,V35="05-계획서승인",0.2,V35="06-BIW중단",0.15,V35="07-미인수",0.3,V35="08-단품준비완료",0.4,V35="09-시험준비중",0.55,V35="10-시험완료",0.85,V35="11-결과등록완료",1,V35="12-조건부승인",0.9,TRUE,0) | X35: =IF(T35<>"","-",IF(S35="","N/A",S35-TODAY())) | Y35: =IF(V35="11-결과등록완료","DONE",IF(U35="06-BIW중단","BLOCKED",IF(AND(K35="",J35<TODAY()),"CRITICAL",IF(AND(ISNUMBER(X35),X35<=0),"OVERDUE",IF(AND(ISNUMBER(X35),X35<=14),"WARNING",IF(U35<>"","ACTION","ON TRACK")))))) | Z35: =IF(OR(T35<>"",R35<>"",P35<>"",N35<>"",K35<>""),TODAY()-MAX(T35,R35,P35,N35,K35),"—") | AA35: =IF(V35="11-결과등록완료","— 완료",IF(V35="01-미제출",IF(J35<TODAY(),"계획서 제출 독촉 (OVERDUE)","계획서 제출 대기"),IF(V35="02-제출_미검토","설계자: 계획서 검토 착수",IF(V35="03-검토중","설계자: 승인 처리",IF(V35="04-검토중_보완","보완 요청 → 협력사 재제출 독촉",IF(V35="05-계획서승인","시험편 준비 현황 확인",IF(V35="06-BIW중단","BIW 생산팀 확인 → 일정 재수립",IF(V35="07-미인수","협력사 인수 독촉",IF(V35="08-단품준비완료","시험 일정 확인",IF(V35="09-시험준비중","시험 진행 모니터링",IF(V35="10-시험완료","결과 보고서 전산 등록 독촉",IF(V35="12-조건부승인","조건부 승인 여부 판단 → 관련부서 협의","—"))))))))))))
A36: 32 | B36: SU2i | C36: =IFERROR(VLOOKUP(D36,'Reference Data 기준데이터'!$A$30:$D$41,2,FALSE),"") | D36: 콘솔리드 | E36: =IFERROR(VLOOKUP(D36,'Reference Data 기준데이터'!$A$30:$D$41,3,FALSE),"") | F36: 힌지 내구 시험 | G36: =IFERROR(VLOOKUP(F36,'Reference Data 기준데이터'!$A$9:$E$26,2,FALSE),"") | H36: =IFERROR(VLOOKUP(F36,'Reference Data 기준데이터'!$A$9:$E$26,5,FALSE),"") | I36: =IFERROR(VLOOKUP(B36,'Reference Data 기준데이터'!$A$3:$J$5,3,FALSE),"") | J36: =IFERROR(I36+VLOOKUP(B36,'Reference Data 기준데이터'!$A$3:$J$5,7,FALSE),"") | K36: 46094 | L36: Approved | M36: =IFERROR(I36+VLOOKUP(B36,'Reference Data 기준데이터'!$A$3:$J$5,8,FALSE),"") | O36: =IFERROR(IF(G36="차량장착",MAX(I36+VLOOKUP(B36,'Reference Data 기준데이터'!$A$3:$J$5,9,FALSE),VLOOKUP(B36,'Reference Data 기준데이터'!$A$3:$J$5,4,FALSE)),I36+VLOOKUP(B36,'Reference Data 기준데이터'!$A$3:$J$5,9,FALSE)),"") | Q36: =IFERROR(O36+VLOOKUP(F36,'Reference Data 기준데이터'!$A$9:$E$26,4,FALSE),"") | S36: =IFERROR(MIN(I36+VLOOKUP(B36,'Reference Data 기준데이터'!$A$3:$J$5,10,FALSE),VLOOKUP(B36,'Reference Data 기준데이터'!$A$3:$J$5,6,FALSE)),"") | U36: 06-BIW중단 | V36: =IF(U36<>"",U36,IF(AND(T36<>"",R36<>""),"11-결과등록완료",IF(AND(R36<>"",T36=""),"10-시험완료",IF(AND(P36<>"",R36=""),"09-시험준비중",IF(AND(N36<>"",P36=""),"08-단품준비완료",IF(L36="Approved","05-계획서승인",IF(L36="Revision Needed","04-검토중_보완",IF(L36="Under Review","03-검토중",IF(AND(K36<>"",L36=""),"02-제출_미검토","01-미제출"))))))))) | W36: =IFS(V36="01-미제출",0,V36="02-제출_미검토",0.05,V36="03-검토중",0.1,V36="04-검토중_보완",0.05,V36="05-계획서승인",0.2,V36="06-BIW중단",0.15,V36="07-미인수",0.3,V36="08-단품준비완료",0.4,V36="09-시험준비중",0.55,V36="10-시험완료",0.85,V36="11-결과등록완료",1,V36="12-조건부승인",0.9,TRUE,0) | X36: =IF(T36<>"","-",IF(S36="","N/A",S36-TODAY())) | Y36: =IF(V36="11-결과등록완료","DONE",IF(U36="06-BIW중단","BLOCKED",IF(AND(K36="",J36<TODAY()),"CRITICAL",IF(AND(ISNUMBER(X36),X36<=0),"OVERDUE",IF(AND(ISNUMBER(X36),X36<=14),"WARNING",IF(U36<>"","ACTION","ON TRACK")))))) | Z36: =IF(OR(T36<>"",R36<>"",P36<>"",N36<>"",K36<>""),TODAY()-MAX(T36,R36,P36,N36,K36),"—") | AA36: =IF(V36="11-결과등록완료","— 완료",IF(V36="01-미제출",IF(J36<TODAY(),"계획서 제출 독촉 (OVERDUE)","계획서 제출 대기"),IF(V36="02-제출_미검토","설계자: 계획서 검토 착수",IF(V36="03-검토중","설계자: 승인 처리",IF(V36="04-검토중_보완","보완 요청 → 협력사 재제출 독촉",IF(V36="05-계획서승인","시험편 준비 현황 확인",IF(V36="06-BIW중단","BIW 생산팀 확인 → 일정 재수립",IF(V36="07-미인수","협력사 인수 독촉",IF(V36="08-단품준비완료","시험 일정 확인",IF(V36="09-시험준비중","시험 진행 모니터링",IF(V36="10-시험완료","결과 보고서 전산 등록 독촉",IF(V36="12-조건부승인","조건부 승인 여부 판단 → 관련부서 협의","—"))))))))))))
A37: 33 | B37: SU2i | C37: =IFERROR(VLOOKUP(D37,'Reference Data 기준데이터'!$A$30:$D$41,2,FALSE),"") | D37: 콘솔리드 | E37: =IFERROR(VLOOKUP(D37,'Reference Data 기준데이터'!$A$30:$D$41,3,FALSE),"") | F37: 조작력 시험 | G37: =IFERROR(VLOOKUP(F37,'Reference Data 기준데이터'!$A$9:$E$26,2,FALSE),"") | H37: =IFERROR(VLOOKUP(F37,'Reference Data 기준데이터'!$A$9:$E$26,5,FALSE),"") | I37: =IFERROR(VLOOKUP(B37,'Reference Data 기준데이터'!$A$3:$J$5,3,FALSE),"") | J37: =IFERROR(I37+VLOOKUP(B37,'Reference Data 기준데이터'!$A$3:$J$5,7,FALSE),"") | K37: 46095 | L37: Approved | M37: =IFERROR(I37+VLOOKUP(B37,'Reference Data 기준데이터'!$A$3:$J$5,8,FALSE),"") | N37: 46128 | O37: =IFERROR(IF(G37="차량장착",MAX(I37+VLOOKUP(B37,'Reference Data 기준데이터'!$A$3:$J$5,9,FALSE),VLOOKUP(B37,'Reference Data 기준데이터'!$A$3:$J$5,4,FALSE)),I37+VLOOKUP(B37,'Reference Data 기준데이터'!$A$3:$J$5,9,FALSE)),"") | P37: 46147 | Q37: =IFERROR(O37+VLOOKUP(F37,'Reference Data 기준데이터'!$A$9:$E$26,4,FALSE),"") | R37: 46172 | S37: =IFERROR(MIN(I37+VLOOKUP(B37,'Reference Data 기준데이터'!$A$3:$J$5,10,FALSE),VLOOKUP(B37,'Reference Data 기준데이터'!$A$3:$J$5,6,FALSE)),"") | T37: 46176 | V37: =IF(U37<>"",U37,IF(AND(T37<>"",R37<>""),"11-결과등록완료",IF(AND(R37<>"",T37=""),"10-시험완료",IF(AND(P37<>"",R37=""),"09-시험준비중",IF(AND(N37<>"",P37=""),"08-단품준비완료",IF(L37="Approved","05-계획서승인",IF(L37="Revision Needed","04-검토중_보완",IF(L37="Under Review","03-검토중",IF(AND(K37<>"",L37=""),"02-제출_미검토","01-미제출"))))))))) | W37: =IFS(V37="01-미제출",0,V37="02-제출_미검토",0.05,V37="03-검토중",0.1,V37="04-검토중_보완",0.05,V37="05-계획서승인",0.2,V37="06-BIW중단",0.15,V37="07-미인수",0.3,V37="08-단품준비완료",0.4,V37="09-시험준비중",0.55,V37="10-시험완료",0.85,V37="11-결과등록완료",1,V37="12-조건부승인",0.9,TRUE,0) | X37: =IF(T37<>"","-",IF(S37="","N/A",S37-TODAY())) | Y37: =IF(V37="11-결과등록완료","DONE",IF(U37="06-BIW중단","BLOCKED",IF(AND(K37="",J37<TODAY()),"CRITICAL",IF(AND(ISNUMBER(X37),X37<=0),"OVERDUE",IF(AND(ISNUMBER(X37),X37<=14),"WARNING",IF(U37<>"","ACTION","ON TRACK")))))) | Z37: =IF(OR(T37<>"",R37<>"",P37<>"",N37<>"",K37<>""),TODAY()-MAX(T37,R37,P37,N37,K37),"—") | AA37: =IF(V37="11-결과등록완료","— 완료",IF(V37="01-미제출",IF(J37<TODAY(),"계획서 제출 독촉 (OVERDUE)","계획서 제출 대기"),IF(V37="02-제출_미검토","설계자: 계획서 검토 착수",IF(V37="03-검토중","설계자: 승인 처리",IF(V37="04-검토중_보완","보완 요청 → 협력사 재제출 독촉",IF(V37="05-계획서승인","시험편 준비 현황 확인",IF(V37="06-BIW중단","BIW 생산팀 확인 → 일정 재수립",IF(V37="07-미인수","협력사 인수 독촉",IF(V37="08-단품준비완료","시험 일정 확인",IF(V37="09-시험준비중","시험 진행 모니터링",IF(V37="10-시험완료","결과 보고서 전산 등록 독촉",IF(V37="12-조건부승인","조건부 승인 여부 판단 → 관련부서 협의","—"))))))))))))
A38: 34 | B38: SU2i | C38: =IFERROR(VLOOKUP(D38,'Reference Data 기준데이터'!$A$30:$D$41,2,FALSE),"") | D38: 시트(앞) | E38: =IFERROR(VLOOKUP(D38,'Reference Data 기준데이터'!$A$30:$D$41,3,FALSE),"") | F38: EMC 시험 | G38: =IFERROR(VLOOKUP(F38,'Reference Data 기준데이터'!$A$9:$E$26,2,FALSE),"") | H38: =IFERROR(VLOOKUP(F38,'Reference Data 기준데이터'!$A$9:$E$26,5,FALSE),"") | I38: =IFERROR(VLOOKUP(B38,'Reference Data 기준데이터'!$A$3:$J$5,3,FALSE),"") | J38: =IFERROR(I38+VLOOKUP(B38,'Reference Data 기준데이터'!$A$3:$J$5,7,FALSE),"") | K38: 46096 | L38: Revision Needed | M38: =IFERROR(I38+VLOOKUP(B38,'Reference Data 기준데이터'!$A$3:$J$5,8,FALSE),"") | O38: =IFERROR(IF(G38="차량장착",MAX(I38+VLOOKUP(B38,'Reference Data 기준데이터'!$A$3:$J$5,9,FALSE),VLOOKUP(B38,'Reference Data 기준데이터'!$A$3:$J$5,4,FALSE)),I38+VLOOKUP(B38,'Reference Data 기준데이터'!$A$3:$J$5,9,FALSE)),"") | Q38: =IFERROR(O38+VLOOKUP(F38,'Reference Data 기준데이터'!$A$9:$E$26,4,FALSE),"") | S38: =IFERROR(MIN(I38+VLOOKUP(B38,'Reference Data 기준데이터'!$A$3:$J$5,10,FALSE),VLOOKUP(B38,'Reference Data 기준데이터'!$A$3:$J$5,6,FALSE)),"") | V38: =IF(U38<>"",U38,IF(AND(T38<>"",R38<>""),"11-결과등록완료",IF(AND(R38<>"",T38=""),"10-시험완료",IF(AND(P38<>"",R38=""),"09-시험준비중",IF(AND(N38<>"",P38=""),"08-단품준비완료",IF(L38="Approved","05-계획서승인",IF(L38="Revision Needed","04-검토중_보완",IF(L38="Under Review","03-검토중",IF(AND(K38<>"",L38=""),"02-제출_미검토","01-미제출"))))))))) | W38: =IFS(V38="01-미제출",0,V38="02-제출_미검토",0.05,V38="03-검토중",0.1,V38="04-검토중_보완",0.05,V38="05-계획서승인",0.2,V38="06-BIW중단",0.15,V38="07-미인수",0.3,V38="08-단품준비완료",0.4,V38="09-시험준비중",0.55,V38="10-시험완료",0.85,V38="11-결과등록완료",1,V38="12-조건부승인",0.9,TRUE,0) | X38: =IF(T38<>"","-",IF(S38="","N/A",S38-TODAY())) | Y38: =IF(V38="11-결과등록완료","DONE",IF(U38="06-BIW중단","BLOCKED",IF(AND(K38="",J38<TODAY()),"CRITICAL",IF(AND(ISNUMBER(X38),X38<=0),"OVERDUE",IF(AND(ISNUMBER(X38),X38<=14),"WARNING",IF(U38<>"","ACTION","ON TRACK")))))) | Z38: =IF(OR(T38<>"",R38<>"",P38<>"",N38<>"",K38<>""),TODAY()-MAX(T38,R38,P38,N38,K38),"—") | AA38: =IF(V38="11-결과등록완료","— 완료",IF(V38="01-미제출",IF(J38<TODAY(),"계획서 제출 독촉 (OVERDUE)","계획서 제출 대기"),IF(V38="02-제출_미검토","설계자: 계획서 검토 착수",IF(V38="03-검토중","설계자: 승인 처리",IF(V38="04-검토중_보완","보완 요청 → 협력사 재제출 독촉",IF(V38="05-계획서승인","시험편 준비 현황 확인",IF(V38="06-BIW중단","BIW 생산팀 확인 → 일정 재수립",IF(V38="07-미인수","협력사 인수 독촉",IF(V38="08-단품준비완료","시험 일정 확인",IF(V38="09-시험준비중","시험 진행 모니터링",IF(V38="10-시험완료","결과 보고서 전산 등록 독촉",IF(V38="12-조건부승인","조건부 승인 여부 판단 → 관련부서 협의","—"))))))))))))
A39: 35 | B39: SU2i | C39: =IFERROR(VLOOKUP(D39,'Reference Data 기준데이터'!$A$30:$D$41,2,FALSE),"") | D39: 시트(앞) | E39: =IFERROR(VLOOKUP(D39,'Reference Data 기준데이터'!$A$30:$D$41,3,FALSE),"") | F39: VOC 방출 시험 | G39: =IFERROR(VLOOKUP(F39,'Reference Data 기준데이터'!$A$9:$E$26,2,FALSE),"") | H39: =IFERROR(VLOOKUP(F39,'Reference Data 기준데이터'!$A$9:$E$26,5,FALSE),"") | I39: =IFERROR(VLOOKUP(B39,'Reference Data 기준데이터'!$A$3:$J$5,3,FALSE),"") | J39: =IFERROR(I39+VLOOKUP(B39,'Reference Data 기준데이터'!$A$3:$J$5,7,FALSE),"") | K39: 46092 | L39: Approved | M39: =IFERROR(I39+VLOOKUP(B39,'Reference Data 기준데이터'!$A$3:$J$5,8,FALSE),"") | N39: 46130 | O39: =IFERROR(IF(G39="차량장착",MAX(I39+VLOOKUP(B39,'Reference Data 기준데이터'!$A$3:$J$5,9,FALSE),VLOOKUP(B39,'Reference Data 기준데이터'!$A$3:$J$5,4,FALSE)),I39+VLOOKUP(B39,'Reference Data 기준데이터'!$A$3:$J$5,9,FALSE)),"") | P39: 46149 | Q39: =IFERROR(O39+VLOOKUP(F39,'Reference Data 기준데이터'!$A$9:$E$26,4,FALSE),"") | S39: =IFERROR(MIN(I39+VLOOKUP(B39,'Reference Data 기준데이터'!$A$3:$J$5,10,FALSE),VLOOKUP(B39,'Reference Data 기준데이터'!$A$3:$J$5,6,FALSE)),"") | V39: =IF(U39<>"",U39,IF(AND(T39<>"",R39<>""),"11-결과등록완료",IF(AND(R39<>"",T39=""),"10-시험완료",IF(AND(P39<>"",R39=""),"09-시험준비중",IF(AND(N39<>"",P39=""),"08-단품준비완료",IF(L39="Approved","05-계획서승인",IF(L39="Revision Needed","04-검토중_보완",IF(L39="Under Review","03-검토중",IF(AND(K39<>"",L39=""),"02-제출_미검토","01-미제출"))))))))) | W39: =IFS(V39="01-미제출",0,V39="02-제출_미검토",0.05,V39="03-검토중",0.1,V39="04-검토중_보완",0.05,V39="05-계획서승인",0.2,V39="06-BIW중단",0.15,V39="07-미인수",0.3,V39="08-단품준비완료",0.4,V39="09-시험준비중",0.55,V39="10-시험완료",0.85,V39="11-결과등록완료",1,V39="12-조건부승인",0.9,TRUE,0) | X39: =IF(T39<>"","-",IF(S39="","N/A",S39-TODAY())) | Y39: =IF(V39="11-결과등록완료","DONE",IF(U39="06-BIW중단","BLOCKED",IF(AND(K39="",J39<TODAY()),"CRITICAL",IF(AND(ISNUMBER(X39),X39<=0),"OVERDUE",IF(AND(ISNUMBER(X39),X39<=14),"WARNING",IF(U39<>"","ACTION","ON TRACK")))))) | Z39: =IF(OR(T39<>"",R39<>"",P39<>"",N39<>"",K39<>""),TODAY()-MAX(T39,R39,P39,N39,K39),"—") | AA39: =IF(V39="11-결과등록완료","— 완료",IF(V39="01-미제출",IF(J39<TODAY(),"계획서 제출 독촉 (OVERDUE)","계획서 제출 대기"),IF(V39="02-제출_미검토","설계자: 계획서 검토 착수",IF(V39="03-검토중","설계자: 승인 처리",IF(V39="04-검토중_보완","보완 요청 → 협력사 재제출 독촉",IF(V39="05-계획서승인","시험편 준비 현황 확인",IF(V39="06-BIW중단","BIW 생산팀 확인 → 일정 재수립",IF(V39="07-미인수","협력사 인수 독촉",IF(V39="08-단품준비완료","시험 일정 확인",IF(V39="09-시험준비중","시험 진행 모니터링",IF(V39="10-시험완료","결과 보고서 전산 등록 독촉",IF(V39="12-조건부승인","조건부 승인 여부 판단 → 관련부서 협의","—"))))))))))))
A40: 36 | B40: SU2i | C40: =IFERROR(VLOOKUP(D40,'Reference Data 기준데이터'!$A$30:$D$41,2,FALSE),"") | D40: 시트(앞) | E40: =IFERROR(VLOOKUP(D40,'Reference Data 기준데이터'!$A$30:$D$41,3,FALSE),"") | F40: 연소성 시험 | G40: =IFERROR(VLOOKUP(F40,'Reference Data 기준데이터'!$A$9:$E$26,2,FALSE),"") | H40: =IFERROR(VLOOKUP(F40,'Reference Data 기준데이터'!$A$9:$E$26,5,FALSE),"") | I40: =IFERROR(VLOOKUP(B40,'Reference Data 기준데이터'!$A$3:$J$5,3,FALSE),"") | J40: =IFERROR(I40+VLOOKUP(B40,'Reference Data 기준데이터'!$A$3:$J$5,7,FALSE),"") | K40: 46093 | L40: Approved | M40: =IFERROR(I40+VLOOKUP(B40,'Reference Data 기준데이터'!$A$3:$J$5,8,FALSE),"") | N40: 46131 | O40: =IFERROR(IF(G40="차량장착",MAX(I40+VLOOKUP(B40,'Reference Data 기준데이터'!$A$3:$J$5,9,FALSE),VLOOKUP(B40,'Reference Data 기준데이터'!$A$3:$J$5,4,FALSE)),I40+VLOOKUP(B40,'Reference Data 기준데이터'!$A$3:$J$5,9,FALSE)),"") | P40: 46144 | Q40: =IFERROR(O40+VLOOKUP(F40,'Reference Data 기준데이터'!$A$9:$E$26,4,FALSE),"") | R40: 46168 | S40: =IFERROR(MIN(I40+VLOOKUP(B40,'Reference Data 기준데이터'!$A$3:$J$5,10,FALSE),VLOOKUP(B40,'Reference Data 기준데이터'!$A$3:$J$5,6,FALSE)),"") | T40: 46175 | V40: =IF(U40<>"",U40,IF(AND(T40<>"",R40<>""),"11-결과등록완료",IF(AND(R40<>"",T40=""),"10-시험완료",IF(AND(P40<>"",R40=""),"09-시험준비중",IF(AND(N40<>"",P40=""),"08-단품준비완료",IF(L40="Approved","05-계획서승인",IF(L40="Revision Needed","04-검토중_보완",IF(L40="Under Review","03-검토중",IF(AND(K40<>"",L40=""),"02-제출_미검토","01-미제출"))))))))) | W40: =IFS(V40="01-미제출",0,V40="02-제출_미검토",0.05,V40="03-검토중",0.1,V40="04-검토중_보완",0.05,V40="05-계획서승인",0.2,V40="06-BIW중단",0.15,V40="07-미인수",0.3,V40="08-단품준비완료",0.4,V40="09-시험준비중",0.55,V40="10-시험완료",0.85,V40="11-결과등록완료",1,V40="12-조건부승인",0.9,TRUE,0) | X40: =IF(T40<>"","-",IF(S40="","N/A",S40-TODAY())) | Y40: =IF(V40="11-결과등록완료","DONE",IF(U40="06-BIW중단","BLOCKED",IF(AND(K40="",J40<TODAY()),"CRITICAL",IF(AND(ISNUMBER(X40),X40<=0),"OVERDUE",IF(AND(ISNUMBER(X40),X40<=14),"WARNING",IF(U40<>"","ACTION","ON TRACK")))))) | Z40: =IF(OR(T40<>"",R40<>"",P40<>"",N40<>"",K40<>""),TODAY()-MAX(T40,R40,P40,N40,K40),"—") | AA40: =IF(V40="11-결과등록완료","— 완료",IF(V40="01-미제출",IF(J40<TODAY(),"계획서 제출 독촉 (OVERDUE)","계획서 제출 대기"),IF(V40="02-제출_미검토","설계자: 계획서 검토 착수",IF(V40="03-검토중","설계자: 승인 처리",IF(V40="04-검토중_보완","보완 요청 → 협력사 재제출 독촉",IF(V40="05-계획서승인","시험편 준비 현황 확인",IF(V40="06-BIW중단","BIW 생산팀 확인 → 일정 재수립",IF(V40="07-미인수","협력사 인수 독촉",IF(V40="08-단품준비완료","시험 일정 확인",IF(V40="09-시험준비중","시험 진행 모니터링",IF(V40="10-시험완료","결과 보고서 전산 등록 독촉",IF(V40="12-조건부승인","조건부 승인 여부 판단 → 관련부서 협의","—"))))))))))))
A41: 37 | B41: SU2i | C41: =IFERROR(VLOOKUP(D41,'Reference Data 기준데이터'!$A$30:$D$41,2,FALSE),"") | D41: 시트(앞) | E41: =IFERROR(VLOOKUP(D41,'Reference Data 기준데이터'!$A$30:$D$41,3,FALSE),"") | F41: 시트 내구 시험 | G41: =IFERROR(VLOOKUP(F41,'Reference Data 기준데이터'!$A$9:$E$26,2,FALSE),"") | H41: =IFERROR(VLOOKUP(F41,'Reference Data 기준데이터'!$A$9:$E$26,5,FALSE),"") | I41: =IFERROR(VLOOKUP(B41,'Reference Data 기준데이터'!$A$3:$J$5,3,FALSE),"") | J41: =IFERROR(I41+VLOOKUP(B41,'Reference Data 기준데이터'!$A$3:$J$5,7,FALSE),"") | K41: 46094 | L41: Approved | M41: =IFERROR(I41+VLOOKUP(B41,'Reference Data 기준데이터'!$A$3:$J$5,8,FALSE),"") | O41: =IFERROR(IF(G41="차량장착",MAX(I41+VLOOKUP(B41,'Reference Data 기준데이터'!$A$3:$J$5,9,FALSE),VLOOKUP(B41,'Reference Data 기준데이터'!$A$3:$J$5,4,FALSE)),I41+VLOOKUP(B41,'Reference Data 기준데이터'!$A$3:$J$5,9,FALSE)),"") | Q41: =IFERROR(O41+VLOOKUP(F41,'Reference Data 기준데이터'!$A$9:$E$26,4,FALSE),"") | S41: =IFERROR(MIN(I41+VLOOKUP(B41,'Reference Data 기준데이터'!$A$3:$J$5,10,FALSE),VLOOKUP(B41,'Reference Data 기준데이터'!$A$3:$J$5,6,FALSE)),"") | V41: =IF(U41<>"",U41,IF(AND(T41<>"",R41<>""),"11-결과등록완료",IF(AND(R41<>"",T41=""),"10-시험완료",IF(AND(P41<>"",R41=""),"09-시험준비중",IF(AND(N41<>"",P41=""),"08-단품준비완료",IF(L41="Approved","05-계획서승인",IF(L41="Revision Needed","04-검토중_보완",IF(L41="Under Review","03-검토중",IF(AND(K41<>"",L41=""),"02-제출_미검토","01-미제출"))))))))) | W41: =IFS(V41="01-미제출",0,V41="02-제출_미검토",0.05,V41="03-검토중",0.1,V41="04-검토중_보완",0.05,V41="05-계획서승인",0.2,V41="06-BIW중단",0.15,V41="07-미인수",0.3,V41="08-단품준비완료",0.4,V41="09-시험준비중",0.55,V41="10-시험완료",0.85,V41="11-결과등록완료",1,V41="12-조건부승인",0.9,TRUE,0) | X41: =IF(T41<>"","-",IF(S41="","N/A",S41-TODAY())) | Y41: =IF(V41="11-결과등록완료","DONE",IF(U41="06-BIW중단","BLOCKED",IF(AND(K41="",J41<TODAY()),"CRITICAL",IF(AND(ISNUMBER(X41),X41<=0),"OVERDUE",IF(AND(ISNUMBER(X41),X41<=14),"WARNING",IF(U41<>"","ACTION","ON TRACK")))))) | Z41: =IF(OR(T41<>"",R41<>"",P41<>"",N41<>"",K41<>""),TODAY()-MAX(T41,R41,P41,N41,K41),"—") | AA41: =IF(V41="11-결과등록완료","— 완료",IF(V41="01-미제출",IF(J41<TODAY(),"계획서 제출 독촉 (OVERDUE)","계획서 제출 대기"),IF(V41="02-제출_미검토","설계자: 계획서 검토 착수",IF(V41="03-검토중","설계자: 승인 처리",IF(V41="04-검토중_보완","보완 요청 → 협력사 재제출 독촉",IF(V41="05-계획서승인","시험편 준비 현황 확인",IF(V41="06-BIW중단","BIW 생산팀 확인 → 일정 재수립",IF(V41="07-미인수","협력사 인수 독촉",IF(V41="08-단품준비완료","시험 일정 확인",IF(V41="09-시험준비중","시험 진행 모니터링",IF(V41="10-시험완료","결과 보고서 전산 등록 독촉",IF(V41="12-조건부승인","조건부 승인 여부 판단 → 관련부서 협의","—"))))))))))))
A42: 38 | B42: SU2i | C42: =IFERROR(VLOOKUP(D42,'Reference Data 기준데이터'!$A$30:$D$41,2,FALSE),"") | D42: 시트(앞) | E42: =IFERROR(VLOOKUP(D42,'Reference Data 기준데이터'!$A$30:$D$41,3,FALSE),"") | F42: H-Point 검증 | G42: =IFERROR(VLOOKUP(F42,'Reference Data 기준데이터'!$A$9:$E$26,2,FALSE),"") | H42: =IFERROR(VLOOKUP(F42,'Reference Data 기준데이터'!$A$9:$E$26,5,FALSE),"") | I42: =IFERROR(VLOOKUP(B42,'Reference Data 기준데이터'!$A$3:$J$5,3,FALSE),"") | J42: =IFERROR(I42+VLOOKUP(B42,'Reference Data 기준데이터'!$A$3:$J$5,7,FALSE),"") | K42: 46095 | L42: Approved | M42: =IFERROR(I42+VLOOKUP(B42,'Reference Data 기준데이터'!$A$3:$J$5,8,FALSE),"") | N42: 46133 | O42: =IFERROR(IF(G42="차량장착",MAX(I42+VLOOKUP(B42,'Reference Data 기준데이터'!$A$3:$J$5,9,FALSE),VLOOKUP(B42,'Reference Data 기준데이터'!$A$3:$J$5,4,FALSE)),I42+VLOOKUP(B42,'Reference Data 기준데이터'!$A$3:$J$5,9,FALSE)),"") | Q42: =IFERROR(O42+VLOOKUP(F42,'Reference Data 기준데이터'!$A$9:$E$26,4,FALSE),"") | S42: =IFERROR(MIN(I42+VLOOKUP(B42,'Reference Data 기준데이터'!$A$3:$J$5,10,FALSE),VLOOKUP(B42,'Reference Data 기준데이터'!$A$3:$J$5,6,FALSE)),"") | U42: 07-미인수 | V42: =IF(U42<>"",U42,IF(AND(T42<>"",R42<>""),"11-결과등록완료",IF(AND(R42<>"",T42=""),"10-시험완료",IF(AND(P42<>"",R42=""),"09-시험준비중",IF(AND(N42<>"",P42=""),"08-단품준비완료",IF(L42="Approved","05-계획서승인",IF(L42="Revision Needed","04-검토중_보완",IF(L42="Under Review","03-검토중",IF(AND(K42<>"",L42=""),"02-제출_미검토","01-미제출"))))))))) | W42: =IFS(V42="01-미제출",0,V42="02-제출_미검토",0.05,V42="03-검토중",0.1,V42="04-검토중_보완",0.05,V42="05-계획서승인",0.2,V42="06-BIW중단",0.15,V42="07-미인수",0.3,V42="08-단품준비완료",0.4,V42="09-시험준비중",0.55,V42="10-시험완료",0.85,V42="11-결과등록완료",1,V42="12-조건부승인",0.9,TRUE,0) | X42: =IF(T42<>"","-",IF(S42="","N/A",S42-TODAY())) | Y42: =IF(V42="11-결과등록완료","DONE",IF(U42="06-BIW중단","BLOCKED",IF(AND(K42="",J42<TODAY()),"CRITICAL",IF(AND(ISNUMBER(X42),X42<=0),"OVERDUE",IF(AND(ISNUMBER(X42),X42<=14),"WARNING",IF(U42<>"","ACTION","ON TRACK")))))) | Z42: =IF(OR(T42<>"",R42<>"",P42<>"",N42<>"",K42<>""),TODAY()-MAX(T42,R42,P42,N42,K42),"—") | AA42: =IF(V42="11-결과등록완료","— 완료",IF(V42="01-미제출",IF(J42<TODAY(),"계획서 제출 독촉 (OVERDUE)","계획서 제출 대기"),IF(V42="02-제출_미검토","설계자: 계획서 검토 착수",IF(V42="03-검토중","설계자: 승인 처리",IF(V42="04-검토중_보완","보완 요청 → 협력사 재제출 독촉",IF(V42="05-계획서승인","시험편 준비 현황 확인",IF(V42="06-BIW중단","BIW 생산팀 확인 → 일정 재수립",IF(V42="07-미인수","협력사 인수 독촉",IF(V42="08-단품준비완료","시험 일정 확인",IF(V42="09-시험준비중","시험 진행 모니터링",IF(V42="10-시험완료","결과 보고서 전산 등록 독촉",IF(V42="12-조건부승인","조건부 승인 여부 판단 → 관련부서 협의","—"))))))))))))
A43: 39 | B43: SU2i | C43: =IFERROR(VLOOKUP(D43,'Reference Data 기준데이터'!$A$30:$D$41,2,FALSE),"") | D43: 시트(앞) | E43: =IFERROR(VLOOKUP(D43,'Reference Data 기준데이터'!$A$30:$D$41,3,FALSE),"") | F43: 안전벨트 앵커리지 | G43: =IFERROR(VLOOKUP(F43,'Reference Data 기준데이터'!$A$9:$E$26,2,FALSE),"") | H43: =IFERROR(VLOOKUP(F43,'Reference Data 기준데이터'!$A$9:$E$26,5,FALSE),"") | I43: =IFERROR(VLOOKUP(B43,'Reference Data 기준데이터'!$A$3:$J$5,3,FALSE),"") | J43: =IFERROR(I43+VLOOKUP(B43,'Reference Data 기준데이터'!$A$3:$J$5,7,FALSE),"") | K43: 46096 | L43: Under Review | M43: =IFERROR(I43+VLOOKUP(B43,'Reference Data 기준데이터'!$A$3:$J$5,8,FALSE),"") | O43: =IFERROR(IF(G43="차량장착",MAX(I43+VLOOKUP(B43,'Reference Data 기준데이터'!$A$3:$J$5,9,FALSE),VLOOKUP(B43,'Reference Data 기준데이터'!$A$3:$J$5,4,FALSE)),I43+VLOOKUP(B43,'Reference Data 기준데이터'!$A$3:$J$5,9,FALSE)),"") | Q43: =IFERROR(O43+VLOOKUP(F43,'Reference Data 기준데이터'!$A$9:$E$26,4,FALSE),"") | S43: =IFERROR(MIN(I43+VLOOKUP(B43,'Reference Data 기준데이터'!$A$3:$J$5,10,FALSE),VLOOKUP(B43,'Reference Data 기준데이터'!$A$3:$J$5,6,FALSE)),"") | V43: =IF(U43<>"",U43,IF(AND(T43<>"",R43<>""),"11-결과등록완료",IF(AND(R43<>"",T43=""),"10-시험완료",IF(AND(P43<>"",R43=""),"09-시험준비중",IF(AND(N43<>"",P43=""),"08-단품준비완료",IF(L43="Approved","05-계획서승인",IF(L43="Revision Needed","04-검토중_보완",IF(L43="Under Review","03-검토중",IF(AND(K43<>"",L43=""),"02-제출_미검토","01-미제출"))))))))) | W43: =IFS(V43="01-미제출",0,V43="02-제출_미검토",0.05,V43="03-검토중",0.1,V43="04-검토중_보완",0.05,V43="05-계획서승인",0.2,V43="06-BIW중단",0.15,V43="07-미인수",0.3,V43="08-단품준비완료",0.4,V43="09-시험준비중",0.55,V43="10-시험완료",0.85,V43="11-결과등록완료",1,V43="12-조건부승인",0.9,TRUE,0) | X43: =IF(T43<>"","-",IF(S43="","N/A",S43-TODAY())) | Y43: =IF(V43="11-결과등록완료","DONE",IF(U43="06-BIW중단","BLOCKED",IF(AND(K43="",J43<TODAY()),"CRITICAL",IF(AND(ISNUMBER(X43),X43<=0),"OVERDUE",IF(AND(ISNUMBER(X43),X43<=14),"WARNING",IF(U43<>"","ACTION","ON TRACK")))))) | Z43: =IF(OR(T43<>"",R43<>"",P43<>"",N43<>"",K43<>""),TODAY()-MAX(T43,R43,P43,N43,K43),"—") | AA43: =IF(V43="11-결과등록완료","— 완료",IF(V43="01-미제출",IF(J43<TODAY(),"계획서 제출 독촉 (OVERDUE)","계획서 제출 대기"),IF(V43="02-제출_미검토","설계자: 계획서 검토 착수",IF(V43="03-검토중","설계자: 승인 처리",IF(V43="04-검토중_보완","보완 요청 → 협력사 재제출 독촉",IF(V43="05-계획서승인","시험편 준비 현황 확인",IF(V43="06-BIW중단","BIW 생산팀 확인 → 일정 재수립",IF(V43="07-미인수","협력사 인수 독촉",IF(V43="08-단품준비완료","시험 일정 확인",IF(V43="09-시험준비중","시험 진행 모니터링",IF(V43="10-시험완료","결과 보고서 전산 등록 독촉",IF(V43="12-조건부승인","조건부 승인 여부 판단 → 관련부서 협의","—"))))))))))))
A44: 40 | B44: SU2i | C44: =IFERROR(VLOOKUP(D44,'Reference Data 기준데이터'!$A$30:$D$41,2,FALSE),"") | D44: 시트(뒤) | E44: =IFERROR(VLOOKUP(D44,'Reference Data 기준데이터'!$A$30:$D$41,3,FALSE),"") | F44: EMC 시험 | G44: =IFERROR(VLOOKUP(F44,'Reference Data 기준데이터'!$A$9:$E$26,2,FALSE),"") | H44: =IFERROR(VLOOKUP(F44,'Reference Data 기준데이터'!$A$9:$E$26,5,FALSE),"") | I44: =IFERROR(VLOOKUP(B44,'Reference Data 기준데이터'!$A$3:$J$5,3,FALSE),"") | J44: =IFERROR(I44+VLOOKUP(B44,'Reference Data 기준데이터'!$A$3:$J$5,7,FALSE),"") | K44: 46092 | L44: Approved | M44: =IFERROR(I44+VLOOKUP(B44,'Reference Data 기준데이터'!$A$3:$J$5,8,FALSE),"") | N44: 46127 | O44: =IFERROR(IF(G44="차량장착",MAX(I44+VLOOKUP(B44,'Reference Data 기준데이터'!$A$3:$J$5,9,FALSE),VLOOKUP(B44,'Reference Data 기준데이터'!$A$3:$J$5,4,FALSE)),I44+VLOOKUP(B44,'Reference Data 기준데이터'!$A$3:$J$5,9,FALSE)),"") | Q44: =IFERROR(O44+VLOOKUP(F44,'Reference Data 기준데이터'!$A$9:$E$26,4,FALSE),"") | S44: =IFERROR(MIN(I44+VLOOKUP(B44,'Reference Data 기준데이터'!$A$3:$J$5,10,FALSE),VLOOKUP(B44,'Reference Data 기준데이터'!$A$3:$J$5,6,FALSE)),"") | V44: =IF(U44<>"",U44,IF(AND(T44<>"",R44<>""),"11-결과등록완료",IF(AND(R44<>"",T44=""),"10-시험완료",IF(AND(P44<>"",R44=""),"09-시험준비중",IF(AND(N44<>"",P44=""),"08-단품준비완료",IF(L44="Approved","05-계획서승인",IF(L44="Revision Needed","04-검토중_보완",IF(L44="Under Review","03-검토중",IF(AND(K44<>"",L44=""),"02-제출_미검토","01-미제출"))))))))) | W44: =IFS(V44="01-미제출",0,V44="02-제출_미검토",0.05,V44="03-검토중",0.1,V44="04-검토중_보완",0.05,V44="05-계획서승인",0.2,V44="06-BIW중단",0.15,V44="07-미인수",0.3,V44="08-단품준비완료",0.4,V44="09-시험준비중",0.55,V44="10-시험완료",0.85,V44="11-결과등록완료",1,V44="12-조건부승인",0.9,TRUE,0) | X44: =IF(T44<>"","-",IF(S44="","N/A",S44-TODAY())) | Y44: =IF(V44="11-결과등록완료","DONE",IF(U44="06-BIW중단","BLOCKED",IF(AND(K44="",J44<TODAY()),"CRITICAL",IF(AND(ISNUMBER(X44),X44<=0),"OVERDUE",IF(AND(ISNUMBER(X44),X44<=14),"WARNING",IF(U44<>"","ACTION","ON TRACK")))))) | Z44: =IF(OR(T44<>"",R44<>"",P44<>"",N44<>"",K44<>""),TODAY()-MAX(T44,R44,P44,N44,K44),"—") | AA44: =IF(V44="11-결과등록완료","— 완료",IF(V44="01-미제출",IF(J44<TODAY(),"계획서 제출 독촉 (OVERDUE)","계획서 제출 대기"),IF(V44="02-제출_미검토","설계자: 계획서 검토 착수",IF(V44="03-검토중","설계자: 승인 처리",IF(V44="04-검토중_보완","보완 요청 → 협력사 재제출 독촉",IF(V44="05-계획서승인","시험편 준비 현황 확인",IF(V44="06-BIW중단","BIW 생산팀 확인 → 일정 재수립",IF(V44="07-미인수","협력사 인수 독촉",IF(V44="08-단품준비완료","시험 일정 확인",IF(V44="09-시험준비중","시험 진행 모니터링",IF(V44="10-시험완료","결과 보고서 전산 등록 독촉",IF(V44="12-조건부승인","조건부 승인 여부 판단 → 관련부서 협의","—"))))))))))))
A45: 41 | B45: SU2i | C45: =IFERROR(VLOOKUP(D45,'Reference Data 기준데이터'!$A$30:$D$41,2,FALSE),"") | D45: 시트(뒤) | E45: =IFERROR(VLOOKUP(D45,'Reference Data 기준데이터'!$A$30:$D$41,3,FALSE),"") | F45: VOC 방출 시험 | G45: =IFERROR(VLOOKUP(F45,'Reference Data 기준데이터'!$A$9:$E$26,2,FALSE),"") | H45: =IFERROR(VLOOKUP(F45,'Reference Data 기준데이터'!$A$9:$E$26,5,FALSE),"") | I45: =IFERROR(VLOOKUP(B45,'Reference Data 기준데이터'!$A$3:$J$5,3,FALSE),"") | J45: =IFERROR(I45+VLOOKUP(B45,'Reference Data 기준데이터'!$A$3:$J$5,7,FALSE),"") | K45: 46093 | L45: Approved | M45: =IFERROR(I45+VLOOKUP(B45,'Reference Data 기준데이터'!$A$3:$J$5,8,FALSE),"") | N45: 46128 | O45: =IFERROR(IF(G45="차량장착",MAX(I45+VLOOKUP(B45,'Reference Data 기준데이터'!$A$3:$J$5,9,FALSE),VLOOKUP(B45,'Reference Data 기준데이터'!$A$3:$J$5,4,FALSE)),I45+VLOOKUP(B45,'Reference Data 기준데이터'!$A$3:$J$5,9,FALSE)),"") | P45: 46149 | Q45: =IFERROR(O45+VLOOKUP(F45,'Reference Data 기준데이터'!$A$9:$E$26,4,FALSE),"") | R45: 46173 | S45: =IFERROR(MIN(I45+VLOOKUP(B45,'Reference Data 기준데이터'!$A$3:$J$5,10,FALSE),VLOOKUP(B45,'Reference Data 기준데이터'!$A$3:$J$5,6,FALSE)),"") | T45: 46176 | U45: 12-조건부승인 | V45: =IF(U45<>"",U45,IF(AND(T45<>"",R45<>""),"11-결과등록완료",IF(AND(R45<>"",T45=""),"10-시험완료",IF(AND(P45<>"",R45=""),"09-시험준비중",IF(AND(N45<>"",P45=""),"08-단품준비완료",IF(L45="Approved","05-계획서승인",IF(L45="Revision Needed","04-검토중_보완",IF(L45="Under Review","03-검토중",IF(AND(K45<>"",L45=""),"02-제출_미검토","01-미제출"))))))))) | W45: =IFS(V45="01-미제출",0,V45="02-제출_미검토",0.05,V45="03-검토중",0.1,V45="04-검토중_보완",0.05,V45="05-계획서승인",0.2,V45="06-BIW중단",0.15,V45="07-미인수",0.3,V45="08-단품준비완료",0.4,V45="09-시험준비중",0.55,V45="10-시험완료",0.85,V45="11-결과등록완료",1,V45="12-조건부승인",0.9,TRUE,0) | X45: =IF(T45<>"","-",IF(S45="","N/A",S45-TODAY())) | Y45: =IF(V45="11-결과등록완료","DONE",IF(U45="06-BIW중단","BLOCKED",IF(AND(K45="",J45<TODAY()),"CRITICAL",IF(AND(ISNUMBER(X45),X45<=0),"OVERDUE",IF(AND(ISNUMBER(X45),X45<=14),"WARNING",IF(U45<>"","ACTION","ON TRACK")))))) | Z45: =IF(OR(T45<>"",R45<>"",P45<>"",N45<>"",K45<>""),TODAY()-MAX(T45,R45,P45,N45,K45),"—") | AA45: =IF(V45="11-결과등록완료","— 완료",IF(V45="01-미제출",IF(J45<TODAY(),"계획서 제출 독촉 (OVERDUE)","계획서 제출 대기"),IF(V45="02-제출_미검토","설계자: 계획서 검토 착수",IF(V45="03-검토중","설계자: 승인 처리",IF(V45="04-검토중_보완","보완 요청 → 협력사 재제출 독촉",IF(V45="05-계획서승인","시험편 준비 현황 확인",IF(V45="06-BIW중단","BIW 생산팀 확인 → 일정 재수립",IF(V45="07-미인수","협력사 인수 독촉",IF(V45="08-단품준비완료","시험 일정 확인",IF(V45="09-시험준비중","시험 진행 모니터링",IF(V45="10-시험완료","결과 보고서 전산 등록 독촉",IF(V45="12-조건부승인","조건부 승인 여부 판단 → 관련부서 협의","—"))))))))))))
A46: 42 | B46: SU2i | C46: =IFERROR(VLOOKUP(D46,'Reference Data 기준데이터'!$A$30:$D$41,2,FALSE),"") | D46: 시트(뒤) | E46: =IFERROR(VLOOKUP(D46,'Reference Data 기준데이터'!$A$30:$D$41,3,FALSE),"") | F46: 연소성 시험 | G46: =IFERROR(VLOOKUP(F46,'Reference Data 기준데이터'!$A$9:$E$26,2,FALSE),"") | H46: =IFERROR(VLOOKUP(F46,'Reference Data 기준데이터'!$A$9:$E$26,5,FALSE),"") | I46: =IFERROR(VLOOKUP(B46,'Reference Data 기준데이터'!$A$3:$J$5,3,FALSE),"") | J46: =IFERROR(I46+VLOOKUP(B46,'Reference Data 기준데이터'!$A$3:$J$5,7,FALSE),"") | M46: =IFERROR(I46+VLOOKUP(B46,'Reference Data 기준데이터'!$A$3:$J$5,8,FALSE),"") | O46: =IFERROR(IF(G46="차량장착",MAX(I46+VLOOKUP(B46,'Reference Data 기준데이터'!$A$3:$J$5,9,FALSE),VLOOKUP(B46,'Reference Data 기준데이터'!$A$3:$J$5,4,FALSE)),I46+VLOOKUP(B46,'Reference Data 기준데이터'!$A$3:$J$5,9,FALSE)),"") | Q46: =IFERROR(O46+VLOOKUP(F46,'Reference Data 기준데이터'!$A$9:$E$26,4,FALSE),"") | S46: =IFERROR(MIN(I46+VLOOKUP(B46,'Reference Data 기준데이터'!$A$3:$J$5,10,FALSE),VLOOKUP(B46,'Reference Data 기준데이터'!$A$3:$J$5,6,FALSE)),"") | V46: =IF(U46<>"",U46,IF(AND(T46<>"",R46<>""),"11-결과등록완료",IF(AND(R46<>"",T46=""),"10-시험완료",IF(AND(P46<>"",R46=""),"09-시험준비중",IF(AND(N46<>"",P46=""),"08-단품준비완료",IF(L46="Approved","05-계획서승인",IF(L46="Revision Needed","04-검토중_보완",IF(L46="Under Review","03-검토중",IF(AND(K46<>"",L46=""),"02-제출_미검토","01-미제출"))))))))) | W46: =IFS(V46="01-미제출",0,V46="02-제출_미검토",0.05,V46="03-검토중",0.1,V46="04-검토중_보완",0.05,V46="05-계획서승인",0.2,V46="06-BIW중단",0.15,V46="07-미인수",0.3,V46="08-단품준비완료",0.4,V46="09-시험준비중",0.55,V46="10-시험완료",0.85,V46="11-결과등록완료",1,V46="12-조건부승인",0.9,TRUE,0) | X46: =IF(T46<>"","-",IF(S46="","N/A",S46-TODAY())) | Y46: =IF(V46="11-결과등록완료","DONE",IF(U46="06-BIW중단","BLOCKED",IF(AND(K46="",J46<TODAY()),"CRITICAL",IF(AND(ISNUMBER(X46),X46<=0),"OVERDUE",IF(AND(ISNUMBER(X46),X46<=14),"WARNING",IF(U46<>"","ACTION","ON TRACK")))))) | Z46: =IF(OR(T46<>"",R46<>"",P46<>"",N46<>"",K46<>""),TODAY()-MAX(T46,R46,P46,N46,K46),"—") | AA46: =IF(V46="11-결과등록완료","— 완료",IF(V46="01-미제출",IF(J46<TODAY(),"계획서 제출 독촉 (OVERDUE)","계획서 제출 대기"),IF(V46="02-제출_미검토","설계자: 계획서 검토 착수",IF(V46="03-검토중","설계자: 승인 처리",IF(V46="04-검토중_보완","보완 요청 → 협력사 재제출 독촉",IF(V46="05-계획서승인","시험편 준비 현황 확인",IF(V46="06-BIW중단","BIW 생산팀 확인 → 일정 재수립",IF(V46="07-미인수","협력사 인수 독촉",IF(V46="08-단품준비완료","시험 일정 확인",IF(V46="09-시험준비중","시험 진행 모니터링",IF(V46="10-시험완료","결과 보고서 전산 등록 독촉",IF(V46="12-조건부승인","조건부 승인 여부 판단 → 관련부서 협의","—"))))))))))))
A47: 43 | B47: SU2i | C47: =IFERROR(VLOOKUP(D47,'Reference Data 기준데이터'!$A$30:$D$41,2,FALSE),"") | D47: 시트(뒤) | E47: =IFERROR(VLOOKUP(D47,'Reference Data 기준데이터'!$A$30:$D$41,3,FALSE),"") | F47: 시트 내구 시험 | G47: =IFERROR(VLOOKUP(F47,'Reference Data 기준데이터'!$A$9:$E$26,2,FALSE),"") | H47: =IFERROR(VLOOKUP(F47,'Reference Data 기준데이터'!$A$9:$E$26,5,FALSE),"") | I47: =IFERROR(VLOOKUP(B47,'Reference Data 기준데이터'!$A$3:$J$5,3,FALSE),"") | J47: =IFERROR(I47+VLOOKUP(B47,'Reference Data 기준데이터'!$A$3:$J$5,7,FALSE),"") | K47: 46095 | L47: Approved | M47: =IFERROR(I47+VLOOKUP(B47,'Reference Data 기준데이터'!$A$3:$J$5,8,FALSE),"") | N47: 46130 | O47: =IFERROR(IF(G47="차량장착",MAX(I47+VLOOKUP(B47,'Reference Data 기준데이터'!$A$3:$J$5,9,FALSE),VLOOKUP(B47,'Reference Data 기준데이터'!$A$3:$J$5,4,FALSE)),I47+VLOOKUP(B47,'Reference Data 기준데이터'!$A$3:$J$5,9,FALSE)),"") | P47: 46145 | Q47: =IFERROR(O47+VLOOKUP(F47,'Reference Data 기준데이터'!$A$9:$E$26,4,FALSE),"") | R47: 46168 | S47: =IFERROR(MIN(I47+VLOOKUP(B47,'Reference Data 기준데이터'!$A$3:$J$5,10,FALSE),VLOOKUP(B47,'Reference Data 기준데이터'!$A$3:$J$5,6,FALSE)),"") | T47: 46178 | V47: =IF(U47<>"",U47,IF(AND(T47<>"",R47<>""),"11-결과등록완료",IF(AND(R47<>"",T47=""),"10-시험완료",IF(AND(P47<>"",R47=""),"09-시험준비중",IF(AND(N47<>"",P47=""),"08-단품준비완료",IF(L47="Approved","05-계획서승인",IF(L47="Revision Needed","04-검토중_보완",IF(L47="Under Review","03-검토중",IF(AND(K47<>"",L47=""),"02-제출_미검토","01-미제출"))))))))) | W47: =IFS(V47="01-미제출",0,V47="02-제출_미검토",0.05,V47="03-검토중",0.1,V47="04-검토중_보완",0.05,V47="05-계획서승인",0.2,V47="06-BIW중단",0.15,V47="07-미인수",0.3,V47="08-단품준비완료",0.4,V47="09-시험준비중",0.55,V47="10-시험완료",0.85,V47="11-결과등록완료",1,V47="12-조건부승인",0.9,TRUE,0) | X47: =IF(T47<>"","-",IF(S47="","N/A",S47-TODAY())) | Y47: =IF(V47="11-결과등록완료","DONE",IF(U47="06-BIW중단","BLOCKED",IF(AND(K47="",J47<TODAY()),"CRITICAL",IF(AND(ISNUMBER(X47),X47<=0),"OVERDUE",IF(AND(ISNUMBER(X47),X47<=14),"WARNING",IF(U47<>"","ACTION","ON TRACK")))))) | Z47: =IF(OR(T47<>"",R47<>"",P47<>"",N47<>"",K47<>""),TODAY()-MAX(T47,R47,P47,N47,K47),"—") | AA47: =IF(V47="11-결과등록완료","— 완료",IF(V47="01-미제출",IF(J47<TODAY(),"계획서 제출 독촉 (OVERDUE)","계획서 제출 대기"),IF(V47="02-제출_미검토","설계자: 계획서 검토 착수",IF(V47="03-검토중","설계자: 승인 처리",IF(V47="04-검토중_보완","보완 요청 → 협력사 재제출 독촉",IF(V47="05-계획서승인","시험편 준비 현황 확인",IF(V47="06-BIW중단","BIW 생산팀 확인 → 일정 재수립",IF(V47="07-미인수","협력사 인수 독촉",IF(V47="08-단품준비완료","시험 일정 확인",IF(V47="09-시험준비중","시험 진행 모니터링",IF(V47="10-시험완료","결과 보고서 전산 등록 독촉",IF(V47="12-조건부승인","조건부 승인 여부 판단 → 관련부서 협의","—"))))))))))))
A48: 44 | B48: SU2i | C48: =IFERROR(VLOOKUP(D48,'Reference Data 기준데이터'!$A$30:$D$41,2,FALSE),"") | D48: 시트(뒤) | E48: =IFERROR(VLOOKUP(D48,'Reference Data 기준데이터'!$A$30:$D$41,3,FALSE),"") | F48: 안전벨트 앵커리지 | G48: =IFERROR(VLOOKUP(F48,'Reference Data 기준데이터'!$A$9:$E$26,2,FALSE),"") | H48: =IFERROR(VLOOKUP(F48,'Reference Data 기준데이터'!$A$9:$E$26,5,FALSE),"") | I48: =IFERROR(VLOOKUP(B48,'Reference Data 기준데이터'!$A$3:$J$5,3,FALSE),"") | J48: =IFERROR(I48+VLOOKUP(B48,'Reference Data 기준데이터'!$A$3:$J$5,7,FALSE),"") | K48: 46096 | L48: Approved | M48: =IFERROR(I48+VLOOKUP(B48,'Reference Data 기준데이터'!$A$3:$J$5,8,FALSE),"") | N48: 46131 | O48: =IFERROR(IF(G48="차량장착",MAX(I48+VLOOKUP(B48,'Reference Data 기준데이터'!$A$3:$J$5,9,FALSE),VLOOKUP(B48,'Reference Data 기준데이터'!$A$3:$J$5,4,FALSE)),I48+VLOOKUP(B48,'Reference Data 기준데이터'!$A$3:$J$5,9,FALSE)),"") | P48: 46146 | Q48: =IFERROR(O48+VLOOKUP(F48,'Reference Data 기준데이터'!$A$9:$E$26,4,FALSE),"") | R48: 46169 | S48: =IFERROR(MIN(I48+VLOOKUP(B48,'Reference Data 기준데이터'!$A$3:$J$5,10,FALSE),VLOOKUP(B48,'Reference Data 기준데이터'!$A$3:$J$5,6,FALSE)),"") | V48: =IF(U48<>"",U48,IF(AND(T48<>"",R48<>""),"11-결과등록완료",IF(AND(R48<>"",T48=""),"10-시험완료",IF(AND(P48<>"",R48=""),"09-시험준비중",IF(AND(N48<>"",P48=""),"08-단품준비완료",IF(L48="Approved","05-계획서승인",IF(L48="Revision Needed","04-검토중_보완",IF(L48="Under Review","03-검토중",IF(AND(K48<>"",L48=""),"02-제출_미검토","01-미제출"))))))))) | W48: =IFS(V48="01-미제출",0,V48="02-제출_미검토",0.05,V48="03-검토중",0.1,V48="04-검토중_보완",0.05,V48="05-계획서승인",0.2,V48="06-BIW중단",0.15,V48="07-미인수",0.3,V48="08-단품준비완료",0.4,V48="09-시험준비중",0.55,V48="10-시험완료",0.85,V48="11-결과등록완료",1,V48="12-조건부승인",0.9,TRUE,0) | X48: =IF(T48<>"","-",IF(S48="","N/A",S48-TODAY())) | Y48: =IF(V48="11-결과등록완료","DONE",IF(U48="06-BIW중단","BLOCKED",IF(AND(K48="",J48<TODAY()),"CRITICAL",IF(AND(ISNUMBER(X48),X48<=0),"OVERDUE",IF(AND(ISNUMBER(X48),X48<=14),"WARNING",IF(U48<>"","ACTION","ON TRACK")))))) | Z48: =IF(OR(T48<>"",R48<>"",P48<>"",N48<>"",K48<>""),TODAY()-MAX(T48,R48,P48,N48,K48),"—") | AA48: =IF(V48="11-결과등록완료","— 완료",IF(V48="01-미제출",IF(J48<TODAY(),"계획서 제출 독촉 (OVERDUE)","계획서 제출 대기"),IF(V48="02-제출_미검토","설계자: 계획서 검토 착수",IF(V48="03-검토중","설계자: 승인 처리",IF(V48="04-검토중_보완","보완 요청 → 협력사 재제출 독촉",IF(V48="05-계획서승인","시험편 준비 현황 확인",IF(V48="06-BIW중단","BIW 생산팀 확인 → 일정 재수립",IF(V48="07-미인수","협력사 인수 독촉",IF(V48="08-단품준비완료","시험 일정 확인",IF(V48="09-시험준비중","시험 진행 모니터링",IF(V48="10-시험완료","결과 보고서 전산 등록 독촉",IF(V48="12-조건부승인","조건부 승인 여부 판단 → 관련부서 협의","—"))))))))))))
A49: 45 | B49: SU2i | C49: =IFERROR(VLOOKUP(D49,'Reference Data 기준데이터'!$A$30:$D$41,2,FALSE),"") | D49: 시트(뒤) | E49: =IFERROR(VLOOKUP(D49,'Reference Data 기준데이터'!$A$30:$D$41,3,FALSE),"") | F49: ISOFIX 강도 시험 | G49: =IFERROR(VLOOKUP(F49,'Reference Data 기준데이터'!$A$9:$E$26,2,FALSE),"") | H49: =IFERROR(VLOOKUP(F49,'Reference Data 기준데이터'!$A$9:$E$26,5,FALSE),"") | I49: =IFERROR(VLOOKUP(B49,'Reference Data 기준데이터'!$A$3:$J$5,3,FALSE),"") | J49: =IFERROR(I49+VLOOKUP(B49,'Reference Data 기준데이터'!$A$3:$J$5,7,FALSE),"") | K49: 46092 | L49: Approved | M49: =IFERROR(I49+VLOOKUP(B49,'Reference Data 기준데이터'!$A$3:$J$5,8,FALSE),"") | N49: 46132 | O49: =IFERROR(IF(G49="차량장착",MAX(I49+VLOOKUP(B49,'Reference Data 기준데이터'!$A$3:$J$5,9,FALSE),VLOOKUP(B49,'Reference Data 기준데이터'!$A$3:$J$5,4,FALSE)),I49+VLOOKUP(B49,'Reference Data 기준데이터'!$A$3:$J$5,9,FALSE)),"") | P49: 46147 | Q49: =IFERROR(O49+VLOOKUP(F49,'Reference Data 기준데이터'!$A$9:$E$26,4,FALSE),"") | S49: =IFERROR(MIN(I49+VLOOKUP(B49,'Reference Data 기준데이터'!$A$3:$J$5,10,FALSE),VLOOKUP(B49,'Reference Data 기준데이터'!$A$3:$J$5,6,FALSE)),"") | V49: =IF(U49<>"",U49,IF(AND(T49<>"",R49<>""),"11-결과등록완료",IF(AND(R49<>"",T49=""),"10-시험완료",IF(AND(P49<>"",R49=""),"09-시험준비중",IF(AND(N49<>"",P49=""),"08-단품준비완료",IF(L49="Approved","05-계획서승인",IF(L49="Revision Needed","04-검토중_보완",IF(L49="Under Review","03-검토중",IF(AND(K49<>"",L49=""),"02-제출_미검토","01-미제출"))))))))) | W49: =IFS(V49="01-미제출",0,V49="02-제출_미검토",0.05,V49="03-검토중",0.1,V49="04-검토중_보완",0.05,V49="05-계획서승인",0.2,V49="06-BIW중단",0.15,V49="07-미인수",0.3,V49="08-단품준비완료",0.4,V49="09-시험준비중",0.55,V49="10-시험완료",0.85,V49="11-결과등록완료",1,V49="12-조건부승인",0.9,TRUE,0) | X49: =IF(T49<>"","-",IF(S49="","N/A",S49-TODAY())) | Y49: =IF(V49="11-결과등록완료","DONE",IF(U49="06-BIW중단","BLOCKED",IF(AND(K49="",J49<TODAY()),"CRITICAL",IF(AND(ISNUMBER(X49),X49<=0),"OVERDUE",IF(AND(ISNUMBER(X49),X49<=14),"WARNING",IF(U49<>"","ACTION","ON TRACK")))))) | Z49: =IF(OR(T49<>"",R49<>"",P49<>"",N49<>"",K49<>""),TODAY()-MAX(T49,R49,P49,N49,K49),"—") | AA49: =IF(V49="11-결과등록완료","— 완료",IF(V49="01-미제출",IF(J49<TODAY(),"계획서 제출 독촉 (OVERDUE)","계획서 제출 대기"),IF(V49="02-제출_미검토","설계자: 계획서 검토 착수",IF(V49="03-검토중","설계자: 승인 처리",IF(V49="04-검토중_보완","보완 요청 → 협력사 재제출 독촉",IF(V49="05-계획서승인","시험편 준비 현황 확인",IF(V49="06-BIW중단","BIW 생산팀 확인 → 일정 재수립",IF(V49="07-미인수","협력사 인수 독촉",IF(V49="08-단품준비완료","시험 일정 확인",IF(V49="09-시험준비중","시험 진행 모니터링",IF(V49="10-시험완료","결과 보고서 전산 등록 독촉",IF(V49="12-조건부승인","조건부 승인 여부 판단 → 관련부서 협의","—"))))))))))))
A50: 46 | B50: SU2i | C50: =IFERROR(VLOOKUP(D50,'Reference Data 기준데이터'!$A$30:$D$41,2,FALSE),"") | D50: 시트(뒤) | E50: =IFERROR(VLOOKUP(D50,'Reference Data 기준데이터'!$A$30:$D$41,3,FALSE),"") | F50: 수하물 충격 시험 | G50: =IFERROR(VLOOKUP(F50,'Reference Data 기준데이터'!$A$9:$E$26,2,FALSE),"") | H50: =IFERROR(VLOOKUP(F50,'Reference Data 기준데이터'!$A$9:$E$26,5,FALSE),"") | I50: =IFERROR(VLOOKUP(B50,'Reference Data 기준데이터'!$A$3:$J$5,3,FALSE),"") | J50: =IFERROR(I50+VLOOKUP(B50,'Reference Data 기준데이터'!$A$3:$J$5,7,FALSE),"") | K50: 46093 | L50: Approved | M50: =IFERROR(I50+VLOOKUP(B50,'Reference Data 기준데이터'!$A$3:$J$5,8,FALSE),"") | N50: 46133 | O50: =IFERROR(IF(G50="차량장착",MAX(I50+VLOOKUP(B50,'Reference Data 기준데이터'!$A$3:$J$5,9,FALSE),VLOOKUP(B50,'Reference Data 기준데이터'!$A$3:$J$5,4,FALSE)),I50+VLOOKUP(B50,'Reference Data 기준데이터'!$A$3:$J$5,9,FALSE)),"") | P50: 46148 | Q50: =IFERROR(O50+VLOOKUP(F50,'Reference Data 기준데이터'!$A$9:$E$26,4,FALSE),"") | R50: 46171 | S50: =IFERROR(MIN(I50+VLOOKUP(B50,'Reference Data 기준데이터'!$A$3:$J$5,10,FALSE),VLOOKUP(B50,'Reference Data 기준데이터'!$A$3:$J$5,6,FALSE)),"") | T50: 46177 | V50: =IF(U50<>"",U50,IF(AND(T50<>"",R50<>""),"11-결과등록완료",IF(AND(R50<>"",T50=""),"10-시험완료",IF(AND(P50<>"",R50=""),"09-시험준비중",IF(AND(N50<>"",P50=""),"08-단품준비완료",IF(L50="Approved","05-계획서승인",IF(L50="Revision Needed","04-검토중_보완",IF(L50="Under Review","03-검토중",IF(AND(K50<>"",L50=""),"02-제출_미검토","01-미제출"))))))))) | W50: =IFS(V50="01-미제출",0,V50="02-제출_미검토",0.05,V50="03-검토중",0.1,V50="04-검토중_보완",0.05,V50="05-계획서승인",0.2,V50="06-BIW중단",0.15,V50="07-미인수",0.3,V50="08-단품준비완료",0.4,V50="09-시험준비중",0.55,V50="10-시험완료",0.85,V50="11-결과등록완료",1,V50="12-조건부승인",0.9,TRUE,0) | X50: =IF(T50<>"","-",IF(S50="","N/A",S50-TODAY())) | Y50: =IF(V50="11-결과등록완료","DONE",IF(U50="06-BIW중단","BLOCKED",IF(AND(K50="",J50<TODAY()),"CRITICAL",IF(AND(ISNUMBER(X50),X50<=0),"OVERDUE",IF(AND(ISNUMBER(X50),X50<=14),"WARNING",IF(U50<>"","ACTION","ON TRACK")))))) | Z50: =IF(OR(T50<>"",R50<>"",P50<>"",N50<>"",K50<>""),TODAY()-MAX(T50,R50,P50,N50,K50),"—") | AA50: =IF(V50="11-결과등록완료","— 완료",IF(V50="01-미제출",IF(J50<TODAY(),"계획서 제출 독촉 (OVERDUE)","계획서 제출 대기"),IF(V50="02-제출_미검토","설계자: 계획서 검토 착수",IF(V50="03-검토중","설계자: 승인 처리",IF(V50="04-검토중_보완","보완 요청 → 협력사 재제출 독촉",IF(V50="05-계획서승인","시험편 준비 현황 확인",IF(V50="06-BIW중단","BIW 생산팀 확인 → 일정 재수립",IF(V50="07-미인수","협력사 인수 독촉",IF(V50="08-단품준비완료","시험 일정 확인",IF(V50="09-시험준비중","시험 진행 모니터링",IF(V50="10-시험완료","결과 보고서 전산 등록 독촉",IF(V50="12-조건부승인","조건부 승인 여부 판단 → 관련부서 협의","—"))))))))))))
A51: 47 | B51: EN_SUV | C51: =IFERROR(VLOOKUP(D51,'Reference Data 기준데이터'!$A$30:$D$41,2,FALSE),"") | D51: 센터콘솔 | E51: =IFERROR(VLOOKUP(D51,'Reference Data 기준데이터'!$A$30:$D$41,3,FALSE),"") | F51: EMC 시험 | G51: =IFERROR(VLOOKUP(F51,'Reference Data 기준데이터'!$A$9:$E$26,2,FALSE),"") | H51: =IFERROR(VLOOKUP(F51,'Reference Data 기준데이터'!$A$9:$E$26,5,FALSE),"") | I51: =IFERROR(VLOOKUP(B51,'Reference Data 기준데이터'!$A$3:$J$5,3,FALSE),"") | J51: =IFERROR(I51+VLOOKUP(B51,'Reference Data 기준데이터'!$A$3:$J$5,7,FALSE),"") | M51: =IFERROR(I51+VLOOKUP(B51,'Reference Data 기준데이터'!$A$3:$J$5,8,FALSE),"") | O51: =IFERROR(IF(G51="차량장착",MAX(I51+VLOOKUP(B51,'Reference Data 기준데이터'!$A$3:$J$5,9,FALSE),VLOOKUP(B51,'Reference Data 기준데이터'!$A$3:$J$5,4,FALSE)),I51+VLOOKUP(B51,'Reference Data 기준데이터'!$A$3:$J$5,9,FALSE)),"") | Q51: =IFERROR(O51+VLOOKUP(F51,'Reference Data 기준데이터'!$A$9:$E$26,4,FALSE),"") | S51: =IFERROR(MIN(I51+VLOOKUP(B51,'Reference Data 기준데이터'!$A$3:$J$5,10,FALSE),VLOOKUP(B51,'Reference Data 기준데이터'!$A$3:$J$5,6,FALSE)),"") | V51: =IF(U51<>"",U51,IF(AND(T51<>"",R51<>""),"11-결과등록완료",IF(AND(R51<>"",T51=""),"10-시험완료",IF(AND(P51<>"",R51=""),"09-시험준비중",IF(AND(N51<>"",P51=""),"08-단품준비완료",IF(L51="Approved","05-계획서승인",IF(L51="Revision Needed","04-검토중_보완",IF(L51="Under Review","03-검토중",IF(AND(K51<>"",L51=""),"02-제출_미검토","01-미제출"))))))))) | W51: =IFS(V51="01-미제출",0,V51="02-제출_미검토",0.05,V51="03-검토중",0.1,V51="04-검토중_보완",0.05,V51="05-계획서승인",0.2,V51="06-BIW중단",0.15,V51="07-미인수",0.3,V51="08-단품준비완료",0.4,V51="09-시험준비중",0.55,V51="10-시험완료",0.85,V51="11-결과등록완료",1,V51="12-조건부승인",0.9,TRUE,0) | X51: =IF(T51<>"","-",IF(S51="","N/A",S51-TODAY())) | Y51: =IF(V51="11-결과등록완료","DONE",IF(U51="06-BIW중단","BLOCKED",IF(AND(K51="",J51<TODAY()),"CRITICAL",IF(AND(ISNUMBER(X51),X51<=0),"OVERDUE",IF(AND(ISNUMBER(X51),X51<=14),"WARNING",IF(U51<>"","ACTION","ON TRACK")))))) | Z51: =IF(OR(T51<>"",R51<>"",P51<>"",N51<>"",K51<>""),TODAY()-MAX(T51,R51,P51,N51,K51),"—") | AA51: =IF(V51="11-결과등록완료","— 완료",IF(V51="01-미제출",IF(J51<TODAY(),"계획서 제출 독촉 (OVERDUE)","계획서 제출 대기"),IF(V51="02-제출_미검토","설계자: 계획서 검토 착수",IF(V51="03-검토중","설계자: 승인 처리",IF(V51="04-검토중_보완","보완 요청 → 협력사 재제출 독촉",IF(V51="05-계획서승인","시험편 준비 현황 확인",IF(V51="06-BIW중단","BIW 생산팀 확인 → 일정 재수립",IF(V51="07-미인수","협력사 인수 독촉",IF(V51="08-단품준비완료","시험 일정 확인",IF(V51="09-시험준비중","시험 진행 모니터링",IF(V51="10-시험완료","결과 보고서 전산 등록 독촉",IF(V51="12-조건부승인","조건부 승인 여부 판단 → 관련부서 협의","—"))))))))))))
A52: 48 | B52: EN_SUV | C52: =IFERROR(VLOOKUP(D52,'Reference Data 기준데이터'!$A$30:$D$41,2,FALSE),"") | D52: 센터콘솔 | E52: =IFERROR(VLOOKUP(D52,'Reference Data 기준데이터'!$A$30:$D$41,3,FALSE),"") | F52: VOC 방출 시험 | G52: =IFERROR(VLOOKUP(F52,'Reference Data 기준데이터'!$A$9:$E$26,2,FALSE),"") | H52: =IFERROR(VLOOKUP(F52,'Reference Data 기준데이터'!$A$9:$E$26,5,FALSE),"") | I52: =IFERROR(VLOOKUP(B52,'Reference Data 기준데이터'!$A$3:$J$5,3,FALSE),"") | J52: =IFERROR(I52+VLOOKUP(B52,'Reference Data 기준데이터'!$A$3:$J$5,7,FALSE),"") | K52: 46067 | L52: Approved | M52: =IFERROR(I52+VLOOKUP(B52,'Reference Data 기준데이터'!$A$3:$J$5,8,FALSE),"") | O52: =IFERROR(IF(G52="차량장착",MAX(I52+VLOOKUP(B52,'Reference Data 기준데이터'!$A$3:$J$5,9,FALSE),VLOOKUP(B52,'Reference Data 기준데이터'!$A$3:$J$5,4,FALSE)),I52+VLOOKUP(B52,'Reference Data 기준데이터'!$A$3:$J$5,9,FALSE)),"") | Q52: =IFERROR(O52+VLOOKUP(F52,'Reference Data 기준데이터'!$A$9:$E$26,4,FALSE),"") | S52: =IFERROR(MIN(I52+VLOOKUP(B52,'Reference Data 기준데이터'!$A$3:$J$5,10,FALSE),VLOOKUP(B52,'Reference Data 기준데이터'!$A$3:$J$5,6,FALSE)),"") | V52: =IF(U52<>"",U52,IF(AND(T52<>"",R52<>""),"11-결과등록완료",IF(AND(R52<>"",T52=""),"10-시험완료",IF(AND(P52<>"",R52=""),"09-시험준비중",IF(AND(N52<>"",P52=""),"08-단품준비완료",IF(L52="Approved","05-계획서승인",IF(L52="Revision Needed","04-검토중_보완",IF(L52="Under Review","03-검토중",IF(AND(K52<>"",L52=""),"02-제출_미검토","01-미제출"))))))))) | W52: =IFS(V52="01-미제출",0,V52="02-제출_미검토",0.05,V52="03-검토중",0.1,V52="04-검토중_보완",0.05,V52="05-계획서승인",0.2,V52="06-BIW중단",0.15,V52="07-미인수",0.3,V52="08-단품준비완료",0.4,V52="09-시험준비중",0.55,V52="10-시험완료",0.85,V52="11-결과등록완료",1,V52="12-조건부승인",0.9,TRUE,0) | X52: =IF(T52<>"","-",IF(S52="","N/A",S52-TODAY())) | Y52: =IF(V52="11-결과등록완료","DONE",IF(U52="06-BIW중단","BLOCKED",IF(AND(K52="",J52<TODAY()),"CRITICAL",IF(AND(ISNUMBER(X52),X52<=0),"OVERDUE",IF(AND(ISNUMBER(X52),X52<=14),"WARNING",IF(U52<>"","ACTION","ON TRACK")))))) | Z52: =IF(OR(T52<>"",R52<>"",P52<>"",N52<>"",K52<>""),TODAY()-MAX(T52,R52,P52,N52,K52),"—") | AA52: =IF(V52="11-결과등록완료","— 완료",IF(V52="01-미제출",IF(J52<TODAY(),"계획서 제출 독촉 (OVERDUE)","계획서 제출 대기"),IF(V52="02-제출_미검토","설계자: 계획서 검토 착수",IF(V52="03-검토중","설계자: 승인 처리",IF(V52="04-검토중_보완","보완 요청 → 협력사 재제출 독촉",IF(V52="05-계획서승인","시험편 준비 현황 확인",IF(V52="06-BIW중단","BIW 생산팀 확인 → 일정 재수립",IF(V52="07-미인수","협력사 인수 독촉",IF(V52="08-단품준비완료","시험 일정 확인",IF(V52="09-시험준비중","시험 진행 모니터링",IF(V52="10-시험완료","결과 보고서 전산 등록 독촉",IF(V52="12-조건부승인","조건부 승인 여부 판단 → 관련부서 협의","—"))))))))))))
A53: 49 | B53: EN_SUV | C53: =IFERROR(VLOOKUP(D53,'Reference Data 기준데이터'!$A$30:$D$41,2,FALSE),"") | D53: 센터콘솔 | E53: =IFERROR(VLOOKUP(D53,'Reference Data 기준데이터'!$A$30:$D$41,3,FALSE),"") | F53: 연소성 시험 | G53: =IFERROR(VLOOKUP(F53,'Reference Data 기준데이터'!$A$9:$E$26,2,FALSE),"") | H53: =IFERROR(VLOOKUP(F53,'Reference Data 기준데이터'!$A$9:$E$26,5,FALSE),"") | I53: =IFERROR(VLOOKUP(B53,'Reference Data 기준데이터'!$A$3:$J$5,3,FALSE),"") | J53: =IFERROR(I53+VLOOKUP(B53,'Reference Data 기준데이터'!$A$3:$J$5,7,FALSE),"") | K53: 46068 | L53: Approved | M53: =IFERROR(I53+VLOOKUP(B53,'Reference Data 기준데이터'!$A$3:$J$5,8,FALSE),"") | N53: 46100 | O53: =IFERROR(IF(G53="차량장착",MAX(I53+VLOOKUP(B53,'Reference Data 기준데이터'!$A$3:$J$5,9,FALSE),VLOOKUP(B53,'Reference Data 기준데이터'!$A$3:$J$5,4,FALSE)),I53+VLOOKUP(B53,'Reference Data 기준데이터'!$A$3:$J$5,9,FALSE)),"") | P53: 46117 | Q53: =IFERROR(O53+VLOOKUP(F53,'Reference Data 기준데이터'!$A$9:$E$26,4,FALSE),"") | S53: =IFERROR(MIN(I53+VLOOKUP(B53,'Reference Data 기준데이터'!$A$3:$J$5,10,FALSE),VLOOKUP(B53,'Reference Data 기준데이터'!$A$3:$J$5,6,FALSE)),"") | V53: =IF(U53<>"",U53,IF(AND(T53<>"",R53<>""),"11-결과등록완료",IF(AND(R53<>"",T53=""),"10-시험완료",IF(AND(P53<>"",R53=""),"09-시험준비중",IF(AND(N53<>"",P53=""),"08-단품준비완료",IF(L53="Approved","05-계획서승인",IF(L53="Revision Needed","04-검토중_보완",IF(L53="Under Review","03-검토중",IF(AND(K53<>"",L53=""),"02-제출_미검토","01-미제출"))))))))) | W53: =IFS(V53="01-미제출",0,V53="02-제출_미검토",0.05,V53="03-검토중",0.1,V53="04-검토중_보완",0.05,V53="05-계획서승인",0.2,V53="06-BIW중단",0.15,V53="07-미인수",0.3,V53="08-단품준비완료",0.4,V53="09-시험준비중",0.55,V53="10-시험완료",0.85,V53="11-결과등록완료",1,V53="12-조건부승인",0.9,TRUE,0) | X53: =IF(T53<>"","-",IF(S53="","N/A",S53-TODAY())) | Y53: =IF(V53="11-결과등록완료","DONE",IF(U53="06-BIW중단","BLOCKED",IF(AND(K53="",J53<TODAY()),"CRITICAL",IF(AND(ISNUMBER(X53),X53<=0),"OVERDUE",IF(AND(ISNUMBER(X53),X53<=14),"WARNING",IF(U53<>"","ACTION","ON TRACK")))))) | Z53: =IF(OR(T53<>"",R53<>"",P53<>"",N53<>"",K53<>""),TODAY()-MAX(T53,R53,P53,N53,K53),"—") | AA53: =IF(V53="11-결과등록완료","— 완료",IF(V53="01-미제출",IF(J53<TODAY(),"계획서 제출 독촉 (OVERDUE)","계획서 제출 대기"),IF(V53="02-제출_미검토","설계자: 계획서 검토 착수",IF(V53="03-검토중","설계자: 승인 처리",IF(V53="04-검토중_보완","보완 요청 → 협력사 재제출 독촉",IF(V53="05-계획서승인","시험편 준비 현황 확인",IF(V53="06-BIW중단","BIW 생산팀 확인 → 일정 재수립",IF(V53="07-미인수","협력사 인수 독촉",IF(V53="08-단품준비완료","시험 일정 확인",IF(V53="09-시험준비중","시험 진행 모니터링",IF(V53="10-시험완료","결과 보고서 전산 등록 독촉",IF(V53="12-조건부승인","조건부 승인 여부 판단 → 관련부서 협의","—"))))))))))))
A54: 50 | B54: EN_SUV | C54: =IFERROR(VLOOKUP(D54,'Reference Data 기준데이터'!$A$30:$D$41,2,FALSE),"") | D54: 센터콘솔 | E54: =IFERROR(VLOOKUP(D54,'Reference Data 기준데이터'!$A$30:$D$41,3,FALSE),"") | F54: BSR 시험 | G54: =IFERROR(VLOOKUP(F54,'Reference Data 기준데이터'!$A$9:$E$26,2,FALSE),"") | H54: =IFERROR(VLOOKUP(F54,'Reference Data 기준데이터'!$A$9:$E$26,5,FALSE),"") | I54: =IFERROR(VLOOKUP(B54,'Reference Data 기준데이터'!$A$3:$J$5,3,FALSE),"") | J54: =IFERROR(I54+VLOOKUP(B54,'Reference Data 기준데이터'!$A$3:$J$5,7,FALSE),"") | K54: 46064 | L54: Approved | M54: =IFERROR(I54+VLOOKUP(B54,'Reference Data 기준데이터'!$A$3:$J$5,8,FALSE),"") | N54: 46101 | O54: =IFERROR(IF(G54="차량장착",MAX(I54+VLOOKUP(B54,'Reference Data 기준데이터'!$A$3:$J$5,9,FALSE),VLOOKUP(B54,'Reference Data 기준데이터'!$A$3:$J$5,4,FALSE)),I54+VLOOKUP(B54,'Reference Data 기준데이터'!$A$3:$J$5,9,FALSE)),"") | P54: 46118 | Q54: =IFERROR(O54+VLOOKUP(F54,'Reference Data 기준데이터'!$A$9:$E$26,4,FALSE),"") | R54: 46140 | S54: =IFERROR(MIN(I54+VLOOKUP(B54,'Reference Data 기준데이터'!$A$3:$J$5,10,FALSE),VLOOKUP(B54,'Reference Data 기준데이터'!$A$3:$J$5,6,FALSE)),"") | T54: 46149 | V54: =IF(U54<>"",U54,IF(AND(T54<>"",R54<>""),"11-결과등록완료",IF(AND(R54<>"",T54=""),"10-시험완료",IF(AND(P54<>"",R54=""),"09-시험준비중",IF(AND(N54<>"",P54=""),"08-단품준비완료",IF(L54="Approved","05-계획서승인",IF(L54="Revision Needed","04-검토중_보완",IF(L54="Under Review","03-검토중",IF(AND(K54<>"",L54=""),"02-제출_미검토","01-미제출"))))))))) | W54: =IFS(V54="01-미제출",0,V54="02-제출_미검토",0.05,V54="03-검토중",0.1,V54="04-검토중_보완",0.05,V54="05-계획서승인",0.2,V54="06-BIW중단",0.15,V54="07-미인수",0.3,V54="08-단품준비완료",0.4,V54="09-시험준비중",0.55,V54="10-시험완료",0.85,V54="11-결과등록완료",1,V54="12-조건부승인",0.9,TRUE,0) | X54: =IF(T54<>"","-",IF(S54="","N/A",S54-TODAY())) | Y54: =IF(V54="11-결과등록완료","DONE",IF(U54="06-BIW중단","BLOCKED",IF(AND(K54="",J54<TODAY()),"CRITICAL",IF(AND(ISNUMBER(X54),X54<=0),"OVERDUE",IF(AND(ISNUMBER(X54),X54<=14),"WARNING",IF(U54<>"","ACTION","ON TRACK")))))) | Z54: =IF(OR(T54<>"",R54<>"",P54<>"",N54<>"",K54<>""),TODAY()-MAX(T54,R54,P54,N54,K54),"—") | AA54: =IF(V54="11-결과등록완료","— 완료",IF(V54="01-미제출",IF(J54<TODAY(),"계획서 제출 독촉 (OVERDUE)","계획서 제출 대기"),IF(V54="02-제출_미검토","설계자: 계획서 검토 착수",IF(V54="03-검토중","설계자: 승인 처리",IF(V54="04-검토중_보완","보완 요청 → 협력사 재제출 독촉",IF(V54="05-계획서승인","시험편 준비 현황 확인",IF(V54="06-BIW중단","BIW 생산팀 확인 → 일정 재수립",IF(V54="07-미인수","협력사 인수 독촉",IF(V54="08-단품준비완료","시험 일정 확인",IF(V54="09-시험준비중","시험 진행 모니터링",IF(V54="10-시험완료","결과 보고서 전산 등록 독촉",IF(V54="12-조건부승인","조건부 승인 여부 판단 → 관련부서 협의","—"))))))))))))
A55: 51 | B55: EN_SUV | C55: =IFERROR(VLOOKUP(D55,'Reference Data 기준데이터'!$A$30:$D$41,2,FALSE),"") | D55: 센터콘솔 | E55: =IFERROR(VLOOKUP(D55,'Reference Data 기준데이터'!$A$30:$D$41,3,FALSE),"") | F55: 치수 검사 | G55: =IFERROR(VLOOKUP(F55,'Reference Data 기준데이터'!$A$9:$E$26,2,FALSE),"") | H55: =IFERROR(VLOOKUP(F55,'Reference Data 기준데이터'!$A$9:$E$26,5,FALSE),"") | I55: =IFERROR(VLOOKUP(B55,'Reference Data 기준데이터'!$A$3:$J$5,3,FALSE),"") | J55: =IFERROR(I55+VLOOKUP(B55,'Reference Data 기준데이터'!$A$3:$J$5,7,FALSE),"") | K55: 46065 | L55: Under Review | M55: =IFERROR(I55+VLOOKUP(B55,'Reference Data 기준데이터'!$A$3:$J$5,8,FALSE),"") | O55: =IFERROR(IF(G55="차량장착",MAX(I55+VLOOKUP(B55,'Reference Data 기준데이터'!$A$3:$J$5,9,FALSE),VLOOKUP(B55,'Reference Data 기준데이터'!$A$3:$J$5,4,FALSE)),I55+VLOOKUP(B55,'Reference Data 기준데이터'!$A$3:$J$5,9,FALSE)),"") | Q55: =IFERROR(O55+VLOOKUP(F55,'Reference Data 기준데이터'!$A$9:$E$26,4,FALSE),"") | S55: =IFERROR(MIN(I55+VLOOKUP(B55,'Reference Data 기준데이터'!$A$3:$J$5,10,FALSE),VLOOKUP(B55,'Reference Data 기준데이터'!$A$3:$J$5,6,FALSE)),"") | V55: =IF(U55<>"",U55,IF(AND(T55<>"",R55<>""),"11-결과등록완료",IF(AND(R55<>"",T55=""),"10-시험완료",IF(AND(P55<>"",R55=""),"09-시험준비중",IF(AND(N55<>"",P55=""),"08-단품준비완료",IF(L55="Approved","05-계획서승인",IF(L55="Revision Needed","04-검토중_보완",IF(L55="Under Review","03-검토중",IF(AND(K55<>"",L55=""),"02-제출_미검토","01-미제출"))))))))) | W55: =IFS(V55="01-미제출",0,V55="02-제출_미검토",0.05,V55="03-검토중",0.1,V55="04-검토중_보완",0.05,V55="05-계획서승인",0.2,V55="06-BIW중단",0.15,V55="07-미인수",0.3,V55="08-단품준비완료",0.4,V55="09-시험준비중",0.55,V55="10-시험완료",0.85,V55="11-결과등록완료",1,V55="12-조건부승인",0.9,TRUE,0) | X55: =IF(T55<>"","-",IF(S55="","N/A",S55-TODAY())) | Y55: =IF(V55="11-결과등록완료","DONE",IF(U55="06-BIW중단","BLOCKED",IF(AND(K55="",J55<TODAY()),"CRITICAL",IF(AND(ISNUMBER(X55),X55<=0),"OVERDUE",IF(AND(ISNUMBER(X55),X55<=14),"WARNING",IF(U55<>"","ACTION","ON TRACK")))))) | Z55: =IF(OR(T55<>"",R55<>"",P55<>"",N55<>"",K55<>""),TODAY()-MAX(T55,R55,P55,N55,K55),"—") | AA55: =IF(V55="11-결과등록완료","— 완료",IF(V55="01-미제출",IF(J55<TODAY(),"계획서 제출 독촉 (OVERDUE)","계획서 제출 대기"),IF(V55="02-제출_미검토","설계자: 계획서 검토 착수",IF(V55="03-검토중","설계자: 승인 처리",IF(V55="04-검토중_보완","보완 요청 → 협력사 재제출 독촉",IF(V55="05-계획서승인","시험편 준비 현황 확인",IF(V55="06-BIW중단","BIW 생산팀 확인 → 일정 재수립",IF(V55="07-미인수","협력사 인수 독촉",IF(V55="08-단품준비완료","시험 일정 확인",IF(V55="09-시험준비중","시험 진행 모니터링",IF(V55="10-시험완료","결과 보고서 전산 등록 독촉",IF(V55="12-조건부승인","조건부 승인 여부 판단 → 관련부서 협의","—"))))))))))))
A56: 52 | B56: EN_SUV | C56: =IFERROR(VLOOKUP(D56,'Reference Data 기준데이터'!$A$30:$D$41,2,FALSE),"") | D56: 콘솔리드 | E56: =IFERROR(VLOOKUP(D56,'Reference Data 기준데이터'!$A$30:$D$41,3,FALSE),"") | F56: EMC 시험 | G56: =IFERROR(VLOOKUP(F56,'Reference Data 기준데이터'!$A$9:$E$26,2,FALSE),"") | H56: =IFERROR(VLOOKUP(F56,'Reference Data 기준데이터'!$A$9:$E$26,5,FALSE),"") | I56: =IFERROR(VLOOKUP(B56,'Reference Data 기준데이터'!$A$3:$J$5,3,FALSE),"") | J56: =IFERROR(I56+VLOOKUP(B56,'Reference Data 기준데이터'!$A$3:$J$5,7,FALSE),"") | K56: 46066 | M56: =IFERROR(I56+VLOOKUP(B56,'Reference Data 기준데이터'!$A$3:$J$5,8,FALSE),"") | O56: =IFERROR(IF(G56="차량장착",MAX(I56+VLOOKUP(B56,'Reference Data 기준데이터'!$A$3:$J$5,9,FALSE),VLOOKUP(B56,'Reference Data 기준데이터'!$A$3:$J$5,4,FALSE)),I56+VLOOKUP(B56,'Reference Data 기준데이터'!$A$3:$J$5,9,FALSE)),"") | Q56: =IFERROR(O56+VLOOKUP(F56,'Reference Data 기준데이터'!$A$9:$E$26,4,FALSE),"") | S56: =IFERROR(MIN(I56+VLOOKUP(B56,'Reference Data 기준데이터'!$A$3:$J$5,10,FALSE),VLOOKUP(B56,'Reference Data 기준데이터'!$A$3:$J$5,6,FALSE)),"") | V56: =IF(U56<>"",U56,IF(AND(T56<>"",R56<>""),"11-결과등록완료",IF(AND(R56<>"",T56=""),"10-시험완료",IF(AND(P56<>"",R56=""),"09-시험준비중",IF(AND(N56<>"",P56=""),"08-단품준비완료",IF(L56="Approved","05-계획서승인",IF(L56="Revision Needed","04-검토중_보완",IF(L56="Under Review","03-검토중",IF(AND(K56<>"",L56=""),"02-제출_미검토","01-미제출"))))))))) | W56: =IFS(V56="01-미제출",0,V56="02-제출_미검토",0.05,V56="03-검토중",0.1,V56="04-검토중_보완",0.05,V56="05-계획서승인",0.2,V56="06-BIW중단",0.15,V56="07-미인수",0.3,V56="08-단품준비완료",0.4,V56="09-시험준비중",0.55,V56="10-시험완료",0.85,V56="11-결과등록완료",1,V56="12-조건부승인",0.9,TRUE,0) | X56: =IF(T56<>"","-",IF(S56="","N/A",S56-TODAY())) | Y56: =IF(V56="11-결과등록완료","DONE",IF(U56="06-BIW중단","BLOCKED",IF(AND(K56="",J56<TODAY()),"CRITICAL",IF(AND(ISNUMBER(X56),X56<=0),"OVERDUE",IF(AND(ISNUMBER(X56),X56<=14),"WARNING",IF(U56<>"","ACTION","ON TRACK")))))) | Z56: =IF(OR(T56<>"",R56<>"",P56<>"",N56<>"",K56<>""),TODAY()-MAX(T56,R56,P56,N56,K56),"—") | AA56: =IF(V56="11-결과등록완료","— 완료",IF(V56="01-미제출",IF(J56<TODAY(),"계획서 제출 독촉 (OVERDUE)","계획서 제출 대기"),IF(V56="02-제출_미검토","설계자: 계획서 검토 착수",IF(V56="03-검토중","설계자: 승인 처리",IF(V56="04-검토중_보완","보완 요청 → 협력사 재제출 독촉",IF(V56="05-계획서승인","시험편 준비 현황 확인",IF(V56="06-BIW중단","BIW 생산팀 확인 → 일정 재수립",IF(V56="07-미인수","협력사 인수 독촉",IF(V56="08-단품준비완료","시험 일정 확인",IF(V56="09-시험준비중","시험 진행 모니터링",IF(V56="10-시험완료","결과 보고서 전산 등록 독촉",IF(V56="12-조건부승인","조건부 승인 여부 판단 → 관련부서 협의","—"))))))))))))
A57: 53 | B57: EN_SUV | C57: =IFERROR(VLOOKUP(D57,'Reference Data 기준데이터'!$A$30:$D$41,2,FALSE),"") | D57: 콘솔리드 | E57: =IFERROR(VLOOKUP(D57,'Reference Data 기준데이터'!$A$30:$D$41,3,FALSE),"") | F57: VOC 방출 시험 | G57: =IFERROR(VLOOKUP(F57,'Reference Data 기준데이터'!$A$9:$E$26,2,FALSE),"") | H57: =IFERROR(VLOOKUP(F57,'Reference Data 기준데이터'!$A$9:$E$26,5,FALSE),"") | I57: =IFERROR(VLOOKUP(B57,'Reference Data 기준데이터'!$A$3:$J$5,3,FALSE),"") | J57: =IFERROR(I57+VLOOKUP(B57,'Reference Data 기준데이터'!$A$3:$J$5,7,FALSE),"") | K57: 46067 | L57: Approved | M57: =IFERROR(I57+VLOOKUP(B57,'Reference Data 기준데이터'!$A$3:$J$5,8,FALSE),"") | N57: 46104 | O57: =IFERROR(IF(G57="차량장착",MAX(I57+VLOOKUP(B57,'Reference Data 기준데이터'!$A$3:$J$5,9,FALSE),VLOOKUP(B57,'Reference Data 기준데이터'!$A$3:$J$5,4,FALSE)),I57+VLOOKUP(B57,'Reference Data 기준데이터'!$A$3:$J$5,9,FALSE)),"") | Q57: =IFERROR(O57+VLOOKUP(F57,'Reference Data 기준데이터'!$A$9:$E$26,4,FALSE),"") | S57: =IFERROR(MIN(I57+VLOOKUP(B57,'Reference Data 기준데이터'!$A$3:$J$5,10,FALSE),VLOOKUP(B57,'Reference Data 기준데이터'!$A$3:$J$5,6,FALSE)),"") | V57: =IF(U57<>"",U57,IF(AND(T57<>"",R57<>""),"11-결과등록완료",IF(AND(R57<>"",T57=""),"10-시험완료",IF(AND(P57<>"",R57=""),"09-시험준비중",IF(AND(N57<>"",P57=""),"08-단품준비완료",IF(L57="Approved","05-계획서승인",IF(L57="Revision Needed","04-검토중_보완",IF(L57="Under Review","03-검토중",IF(AND(K57<>"",L57=""),"02-제출_미검토","01-미제출"))))))))) | W57: =IFS(V57="01-미제출",0,V57="02-제출_미검토",0.05,V57="03-검토중",0.1,V57="04-검토중_보완",0.05,V57="05-계획서승인",0.2,V57="06-BIW중단",0.15,V57="07-미인수",0.3,V57="08-단품준비완료",0.4,V57="09-시험준비중",0.55,V57="10-시험완료",0.85,V57="11-결과등록완료",1,V57="12-조건부승인",0.9,TRUE,0) | X57: =IF(T57<>"","-",IF(S57="","N/A",S57-TODAY())) | Y57: =IF(V57="11-결과등록완료","DONE",IF(U57="06-BIW중단","BLOCKED",IF(AND(K57="",J57<TODAY()),"CRITICAL",IF(AND(ISNUMBER(X57),X57<=0),"OVERDUE",IF(AND(ISNUMBER(X57),X57<=14),"WARNING",IF(U57<>"","ACTION","ON TRACK")))))) | Z57: =IF(OR(T57<>"",R57<>"",P57<>"",N57<>"",K57<>""),TODAY()-MAX(T57,R57,P57,N57,K57),"—") | AA57: =IF(V57="11-결과등록완료","— 완료",IF(V57="01-미제출",IF(J57<TODAY(),"계획서 제출 독촉 (OVERDUE)","계획서 제출 대기"),IF(V57="02-제출_미검토","설계자: 계획서 검토 착수",IF(V57="03-검토중","설계자: 승인 처리",IF(V57="04-검토중_보완","보완 요청 → 협력사 재제출 독촉",IF(V57="05-계획서승인","시험편 준비 현황 확인",IF(V57="06-BIW중단","BIW 생산팀 확인 → 일정 재수립",IF(V57="07-미인수","협력사 인수 독촉",IF(V57="08-단품준비완료","시험 일정 확인",IF(V57="09-시험준비중","시험 진행 모니터링",IF(V57="10-시험완료","결과 보고서 전산 등록 독촉",IF(V57="12-조건부승인","조건부 승인 여부 판단 → 관련부서 협의","—"))))))))))))
A58: 54 | B58: EN_SUV | C58: =IFERROR(VLOOKUP(D58,'Reference Data 기준데이터'!$A$30:$D$41,2,FALSE),"") | D58: 콘솔리드 | E58: =IFERROR(VLOOKUP(D58,'Reference Data 기준데이터'!$A$30:$D$41,3,FALSE),"") | F58: 연소성 시험 | G58: =IFERROR(VLOOKUP(F58,'Reference Data 기준데이터'!$A$9:$E$26,2,FALSE),"") | H58: =IFERROR(VLOOKUP(F58,'Reference Data 기준데이터'!$A$9:$E$26,5,FALSE),"") | I58: =IFERROR(VLOOKUP(B58,'Reference Data 기준데이터'!$A$3:$J$5,3,FALSE),"") | J58: =IFERROR(I58+VLOOKUP(B58,'Reference Data 기준데이터'!$A$3:$J$5,7,FALSE),"") | K58: 46068 | L58: Approved | M58: =IFERROR(I58+VLOOKUP(B58,'Reference Data 기준데이터'!$A$3:$J$5,8,FALSE),"") | N58: 46105 | O58: =IFERROR(IF(G58="차량장착",MAX(I58+VLOOKUP(B58,'Reference Data 기준데이터'!$A$3:$J$5,9,FALSE),VLOOKUP(B58,'Reference Data 기준데이터'!$A$3:$J$5,4,FALSE)),I58+VLOOKUP(B58,'Reference Data 기준데이터'!$A$3:$J$5,9,FALSE)),"") | P58: 46116 | Q58: =IFERROR(O58+VLOOKUP(F58,'Reference Data 기준데이터'!$A$9:$E$26,4,FALSE),"") | R58: 46144 | S58: =IFERROR(MIN(I58+VLOOKUP(B58,'Reference Data 기준데이터'!$A$3:$J$5,10,FALSE),VLOOKUP(B58,'Reference Data 기준데이터'!$A$3:$J$5,6,FALSE)),"") | V58: =IF(U58<>"",U58,IF(AND(T58<>"",R58<>""),"11-결과등록완료",IF(AND(R58<>"",T58=""),"10-시험완료",IF(AND(P58<>"",R58=""),"09-시험준비중",IF(AND(N58<>"",P58=""),"08-단품준비완료",IF(L58="Approved","05-계획서승인",IF(L58="Revision Needed","04-검토중_보완",IF(L58="Under Review","03-검토중",IF(AND(K58<>"",L58=""),"02-제출_미검토","01-미제출"))))))))) | W58: =IFS(V58="01-미제출",0,V58="02-제출_미검토",0.05,V58="03-검토중",0.1,V58="04-검토중_보완",0.05,V58="05-계획서승인",0.2,V58="06-BIW중단",0.15,V58="07-미인수",0.3,V58="08-단품준비완료",0.4,V58="09-시험준비중",0.55,V58="10-시험완료",0.85,V58="11-결과등록완료",1,V58="12-조건부승인",0.9,TRUE,0) | X58: =IF(T58<>"","-",IF(S58="","N/A",S58-TODAY())) | Y58: =IF(V58="11-결과등록완료","DONE",IF(U58="06-BIW중단","BLOCKED",IF(AND(K58="",J58<TODAY()),"CRITICAL",IF(AND(ISNUMBER(X58),X58<=0),"OVERDUE",IF(AND(ISNUMBER(X58),X58<=14),"WARNING",IF(U58<>"","ACTION","ON TRACK")))))) | Z58: =IF(OR(T58<>"",R58<>"",P58<>"",N58<>"",K58<>""),TODAY()-MAX(T58,R58,P58,N58,K58),"—") | AA58: =IF(V58="11-결과등록완료","— 완료",IF(V58="01-미제출",IF(J58<TODAY(),"계획서 제출 독촉 (OVERDUE)","계획서 제출 대기"),IF(V58="02-제출_미검토","설계자: 계획서 검토 착수",IF(V58="03-검토중","설계자: 승인 처리",IF(V58="04-검토중_보완","보완 요청 → 협력사 재제출 독촉",IF(V58="05-계획서승인","시험편 준비 현황 확인",IF(V58="06-BIW중단","BIW 생산팀 확인 → 일정 재수립",IF(V58="07-미인수","협력사 인수 독촉",IF(V58="08-단품준비완료","시험 일정 확인",IF(V58="09-시험준비중","시험 진행 모니터링",IF(V58="10-시험완료","결과 보고서 전산 등록 독촉",IF(V58="12-조건부승인","조건부 승인 여부 판단 → 관련부서 협의","—"))))))))))))
A59: 55 | B59: EN_SUV | C59: =IFERROR(VLOOKUP(D59,'Reference Data 기준데이터'!$A$30:$D$41,2,FALSE),"") | D59: 콘솔리드 | E59: =IFERROR(VLOOKUP(D59,'Reference Data 기준데이터'!$A$30:$D$41,3,FALSE),"") | F59: 힌지 내구 시험 | G59: =IFERROR(VLOOKUP(F59,'Reference Data 기준데이터'!$A$9:$E$26,2,FALSE),"") | H59: =IFERROR(VLOOKUP(F59,'Reference Data 기준데이터'!$A$9:$E$26,5,FALSE),"") | I59: =IFERROR(VLOOKUP(B59,'Reference Data 기준데이터'!$A$3:$J$5,3,FALSE),"") | J59: =IFERROR(I59+VLOOKUP(B59,'Reference Data 기준데이터'!$A$3:$J$5,7,FALSE),"") | K59: 46064 | L59: Approved | M59: =IFERROR(I59+VLOOKUP(B59,'Reference Data 기준데이터'!$A$3:$J$5,8,FALSE),"") | O59: =IFERROR(IF(G59="차량장착",MAX(I59+VLOOKUP(B59,'Reference Data 기준데이터'!$A$3:$J$5,9,FALSE),VLOOKUP(B59,'Reference Data 기준데이터'!$A$3:$J$5,4,FALSE)),I59+VLOOKUP(B59,'Reference Data 기준데이터'!$A$3:$J$5,9,FALSE)),"") | Q59: =IFERROR(O59+VLOOKUP(F59,'Reference Data 기준데이터'!$A$9:$E$26,4,FALSE),"") | S59: =IFERROR(MIN(I59+VLOOKUP(B59,'Reference Data 기준데이터'!$A$3:$J$5,10,FALSE),VLOOKUP(B59,'Reference Data 기준데이터'!$A$3:$J$5,6,FALSE)),"") | U59: 06-BIW중단 | V59: =IF(U59<>"",U59,IF(AND(T59<>"",R59<>""),"11-결과등록완료",IF(AND(R59<>"",T59=""),"10-시험완료",IF(AND(P59<>"",R59=""),"09-시험준비중",IF(AND(N59<>"",P59=""),"08-단품준비완료",IF(L59="Approved","05-계획서승인",IF(L59="Revision Needed","04-검토중_보완",IF(L59="Under Review","03-검토중",IF(AND(K59<>"",L59=""),"02-제출_미검토","01-미제출"))))))))) | W59: =IFS(V59="01-미제출",0,V59="02-제출_미검토",0.05,V59="03-검토중",0.1,V59="04-검토중_보완",0.05,V59="05-계획서승인",0.2,V59="06-BIW중단",0.15,V59="07-미인수",0.3,V59="08-단품준비완료",0.4,V59="09-시험준비중",0.55,V59="10-시험완료",0.85,V59="11-결과등록완료",1,V59="12-조건부승인",0.9,TRUE,0) | X59: =IF(T59<>"","-",IF(S59="","N/A",S59-TODAY())) | Y59: =IF(V59="11-결과등록완료","DONE",IF(U59="06-BIW중단","BLOCKED",IF(AND(K59="",J59<TODAY()),"CRITICAL",IF(AND(ISNUMBER(X59),X59<=0),"OVERDUE",IF(AND(ISNUMBER(X59),X59<=14),"WARNING",IF(U59<>"","ACTION","ON TRACK")))))) | Z59: =IF(OR(T59<>"",R59<>"",P59<>"",N59<>"",K59<>""),TODAY()-MAX(T59,R59,P59,N59,K59),"—") | AA59: =IF(V59="11-결과등록완료","— 완료",IF(V59="01-미제출",IF(J59<TODAY(),"계획서 제출 독촉 (OVERDUE)","계획서 제출 대기"),IF(V59="02-제출_미검토","설계자: 계획서 검토 착수",IF(V59="03-검토중","설계자: 승인 처리",IF(V59="04-검토중_보완","보완 요청 → 협력사 재제출 독촉",IF(V59="05-계획서승인","시험편 준비 현황 확인",IF(V59="06-BIW중단","BIW 생산팀 확인 → 일정 재수립",IF(V59="07-미인수","협력사 인수 독촉",IF(V59="08-단품준비완료","시험 일정 확인",IF(V59="09-시험준비중","시험 진행 모니터링",IF(V59="10-시험완료","결과 보고서 전산 등록 독촉",IF(V59="12-조건부승인","조건부 승인 여부 판단 → 관련부서 협의","—"))))))))))))
A60: 56 | B60: EN_SUV | C60: =IFERROR(VLOOKUP(D60,'Reference Data 기준데이터'!$A$30:$D$41,2,FALSE),"") | D60: 콘솔리드 | E60: =IFERROR(VLOOKUP(D60,'Reference Data 기준데이터'!$A$30:$D$41,3,FALSE),"") | F60: 조작력 시험 | G60: =IFERROR(VLOOKUP(F60,'Reference Data 기준데이터'!$A$9:$E$26,2,FALSE),"") | H60: =IFERROR(VLOOKUP(F60,'Reference Data 기준데이터'!$A$9:$E$26,5,FALSE),"") | I60: =IFERROR(VLOOKUP(B60,'Reference Data 기준데이터'!$A$3:$J$5,3,FALSE),"") | J60: =IFERROR(I60+VLOOKUP(B60,'Reference Data 기준데이터'!$A$3:$J$5,7,FALSE),"") | K60: 46065 | L60: Approved | M60: =IFERROR(I60+VLOOKUP(B60,'Reference Data 기준데이터'!$A$3:$J$5,8,FALSE),"") | N60: 46099 | O60: =IFERROR(IF(G60="차량장착",MAX(I60+VLOOKUP(B60,'Reference Data 기준데이터'!$A$3:$J$5,9,FALSE),VLOOKUP(B60,'Reference Data 기준데이터'!$A$3:$J$5,4,FALSE)),I60+VLOOKUP(B60,'Reference Data 기준데이터'!$A$3:$J$5,9,FALSE)),"") | P60: 46118 | Q60: =IFERROR(O60+VLOOKUP(F60,'Reference Data 기준데이터'!$A$9:$E$26,4,FALSE),"") | R60: 46139 | S60: =IFERROR(MIN(I60+VLOOKUP(B60,'Reference Data 기준데이터'!$A$3:$J$5,10,FALSE),VLOOKUP(B60,'Reference Data 기준데이터'!$A$3:$J$5,6,FALSE)),"") | T60: 46147 | V60: =IF(U60<>"",U60,IF(AND(T60<>"",R60<>""),"11-결과등록완료",IF(AND(R60<>"",T60=""),"10-시험완료",IF(AND(P60<>"",R60=""),"09-시험준비중",IF(AND(N60<>"",P60=""),"08-단품준비완료",IF(L60="Approved","05-계획서승인",IF(L60="Revision Needed","04-검토중_보완",IF(L60="Under Review","03-검토중",IF(AND(K60<>"",L60=""),"02-제출_미검토","01-미제출"))))))))) | W60: =IFS(V60="01-미제출",0,V60="02-제출_미검토",0.05,V60="03-검토중",0.1,V60="04-검토중_보완",0.05,V60="05-계획서승인",0.2,V60="06-BIW중단",0.15,V60="07-미인수",0.3,V60="08-단품준비완료",0.4,V60="09-시험준비중",0.55,V60="10-시험완료",0.85,V60="11-결과등록완료",1,V60="12-조건부승인",0.9,TRUE,0) | X60: =IF(T60<>"","-",IF(S60="","N/A",S60-TODAY())) | Y60: =IF(V60="11-결과등록완료","DONE",IF(U60="06-BIW중단","BLOCKED",IF(AND(K60="",J60<TODAY()),"CRITICAL",IF(AND(ISNUMBER(X60),X60<=0),"OVERDUE",IF(AND(ISNUMBER(X60),X60<=14),"WARNING",IF(U60<>"","ACTION","ON TRACK")))))) | Z60: =IF(OR(T60<>"",R60<>"",P60<>"",N60<>"",K60<>""),TODAY()-MAX(T60,R60,P60,N60,K60),"—") | AA60: =IF(V60="11-결과등록완료","— 완료",IF(V60="01-미제출",IF(J60<TODAY(),"계획서 제출 독촉 (OVERDUE)","계획서 제출 대기"),IF(V60="02-제출_미검토","설계자: 계획서 검토 착수",IF(V60="03-검토중","설계자: 승인 처리",IF(V60="04-검토중_보완","보완 요청 → 협력사 재제출 독촉",IF(V60="05-계획서승인","시험편 준비 현황 확인",IF(V60="06-BIW중단","BIW 생산팀 확인 → 일정 재수립",IF(V60="07-미인수","협력사 인수 독촉",IF(V60="08-단품준비완료","시험 일정 확인",IF(V60="09-시험준비중","시험 진행 모니터링",IF(V60="10-시험완료","결과 보고서 전산 등록 독촉",IF(V60="12-조건부승인","조건부 승인 여부 판단 → 관련부서 협의","—"))))))))))))
A61: 57 | B61: EN_SUV | C61: =IFERROR(VLOOKUP(D61,'Reference Data 기준데이터'!$A$30:$D$41,2,FALSE),"") | D61: 시트(앞) | E61: =IFERROR(VLOOKUP(D61,'Reference Data 기준데이터'!$A$30:$D$41,3,FALSE),"") | F61: EMC 시험 | G61: =IFERROR(VLOOKUP(F61,'Reference Data 기준데이터'!$A$9:$E$26,2,FALSE),"") | H61: =IFERROR(VLOOKUP(F61,'Reference Data 기준데이터'!$A$9:$E$26,5,FALSE),"") | I61: =IFERROR(VLOOKUP(B61,'Reference Data 기준데이터'!$A$3:$J$5,3,FALSE),"") | J61: =IFERROR(I61+VLOOKUP(B61,'Reference Data 기준데이터'!$A$3:$J$5,7,FALSE),"") | K61: 46066 | L61: Revision Needed | M61: =IFERROR(I61+VLOOKUP(B61,'Reference Data 기준데이터'!$A$3:$J$5,8,FALSE),"") | O61: =IFERROR(IF(G61="차량장착",MAX(I61+VLOOKUP(B61,'Reference Data 기준데이터'!$A$3:$J$5,9,FALSE),VLOOKUP(B61,'Reference Data 기준데이터'!$A$3:$J$5,4,FALSE)),I61+VLOOKUP(B61,'Reference Data 기준데이터'!$A$3:$J$5,9,FALSE)),"") | Q61: =IFERROR(O61+VLOOKUP(F61,'Reference Data 기준데이터'!$A$9:$E$26,4,FALSE),"") | S61: =IFERROR(MIN(I61+VLOOKUP(B61,'Reference Data 기준데이터'!$A$3:$J$5,10,FALSE),VLOOKUP(B61,'Reference Data 기준데이터'!$A$3:$J$5,6,FALSE)),"") | V61: =IF(U61<>"",U61,IF(AND(T61<>"",R61<>""),"11-결과등록완료",IF(AND(R61<>"",T61=""),"10-시험완료",IF(AND(P61<>"",R61=""),"09-시험준비중",IF(AND(N61<>"",P61=""),"08-단품준비완료",IF(L61="Approved","05-계획서승인",IF(L61="Revision Needed","04-검토중_보완",IF(L61="Under Review","03-검토중",IF(AND(K61<>"",L61=""),"02-제출_미검토","01-미제출"))))))))) | W61: =IFS(V61="01-미제출",0,V61="02-제출_미검토",0.05,V61="03-검토중",0.1,V61="04-검토중_보완",0.05,V61="05-계획서승인",0.2,V61="06-BIW중단",0.15,V61="07-미인수",0.3,V61="08-단품준비완료",0.4,V61="09-시험준비중",0.55,V61="10-시험완료",0.85,V61="11-결과등록완료",1,V61="12-조건부승인",0.9,TRUE,0) | X61: =IF(T61<>"","-",IF(S61="","N/A",S61-TODAY())) | Y61: =IF(V61="11-결과등록완료","DONE",IF(U61="06-BIW중단","BLOCKED",IF(AND(K61="",J61<TODAY()),"CRITICAL",IF(AND(ISNUMBER(X61),X61<=0),"OVERDUE",IF(AND(ISNUMBER(X61),X61<=14),"WARNING",IF(U61<>"","ACTION","ON TRACK")))))) | Z61: =IF(OR(T61<>"",R61<>"",P61<>"",N61<>"",K61<>""),TODAY()-MAX(T61,R61,P61,N61,K61),"—") | AA61: =IF(V61="11-결과등록완료","— 완료",IF(V61="01-미제출",IF(J61<TODAY(),"계획서 제출 독촉 (OVERDUE)","계획서 제출 대기"),IF(V61="02-제출_미검토","설계자: 계획서 검토 착수",IF(V61="03-검토중","설계자: 승인 처리",IF(V61="04-검토중_보완","보완 요청 → 협력사 재제출 독촉",IF(V61="05-계획서승인","시험편 준비 현황 확인",IF(V61="06-BIW중단","BIW 생산팀 확인 → 일정 재수립",IF(V61="07-미인수","협력사 인수 독촉",IF(V61="08-단품준비완료","시험 일정 확인",IF(V61="09-시험준비중","시험 진행 모니터링",IF(V61="10-시험완료","결과 보고서 전산 등록 독촉",IF(V61="12-조건부승인","조건부 승인 여부 판단 → 관련부서 협의","—"))))))))))))
A62: 58 | B62: EN_SUV | C62: =IFERROR(VLOOKUP(D62,'Reference Data 기준데이터'!$A$30:$D$41,2,FALSE),"") | D62: 시트(앞) | E62: =IFERROR(VLOOKUP(D62,'Reference Data 기준데이터'!$A$30:$D$41,3,FALSE),"") | F62: VOC 방출 시험 | G62: =IFERROR(VLOOKUP(F62,'Reference Data 기준데이터'!$A$9:$E$26,2,FALSE),"") | H62: =IFERROR(VLOOKUP(F62,'Reference Data 기준데이터'!$A$9:$E$26,5,FALSE),"") | I62: =IFERROR(VLOOKUP(B62,'Reference Data 기준데이터'!$A$3:$J$5,3,FALSE),"") | J62: =IFERROR(I62+VLOOKUP(B62,'Reference Data 기준데이터'!$A$3:$J$5,7,FALSE),"") | K62: 46067 | L62: Approved | M62: =IFERROR(I62+VLOOKUP(B62,'Reference Data 기준데이터'!$A$3:$J$5,8,FALSE),"") | N62: 46101 | O62: =IFERROR(IF(G62="차량장착",MAX(I62+VLOOKUP(B62,'Reference Data 기준데이터'!$A$3:$J$5,9,FALSE),VLOOKUP(B62,'Reference Data 기준데이터'!$A$3:$J$5,4,FALSE)),I62+VLOOKUP(B62,'Reference Data 기준데이터'!$A$3:$J$5,9,FALSE)),"") | P62: 46120 | Q62: =IFERROR(O62+VLOOKUP(F62,'Reference Data 기준데이터'!$A$9:$E$26,4,FALSE),"") | S62: =IFERROR(MIN(I62+VLOOKUP(B62,'Reference Data 기준데이터'!$A$3:$J$5,10,FALSE),VLOOKUP(B62,'Reference Data 기준데이터'!$A$3:$J$5,6,FALSE)),"") | V62: =IF(U62<>"",U62,IF(AND(T62<>"",R62<>""),"11-결과등록완료",IF(AND(R62<>"",T62=""),"10-시험완료",IF(AND(P62<>"",R62=""),"09-시험준비중",IF(AND(N62<>"",P62=""),"08-단품준비완료",IF(L62="Approved","05-계획서승인",IF(L62="Revision Needed","04-검토중_보완",IF(L62="Under Review","03-검토중",IF(AND(K62<>"",L62=""),"02-제출_미검토","01-미제출"))))))))) | W62: =IFS(V62="01-미제출",0,V62="02-제출_미검토",0.05,V62="03-검토중",0.1,V62="04-검토중_보완",0.05,V62="05-계획서승인",0.2,V62="06-BIW중단",0.15,V62="07-미인수",0.3,V62="08-단품준비완료",0.4,V62="09-시험준비중",0.55,V62="10-시험완료",0.85,V62="11-결과등록완료",1,V62="12-조건부승인",0.9,TRUE,0) | X62: =IF(T62<>"","-",IF(S62="","N/A",S62-TODAY())) | Y62: =IF(V62="11-결과등록완료","DONE",IF(U62="06-BIW중단","BLOCKED",IF(AND(K62="",J62<TODAY()),"CRITICAL",IF(AND(ISNUMBER(X62),X62<=0),"OVERDUE",IF(AND(ISNUMBER(X62),X62<=14),"WARNING",IF(U62<>"","ACTION","ON TRACK")))))) | Z62: =IF(OR(T62<>"",R62<>"",P62<>"",N62<>"",K62<>""),TODAY()-MAX(T62,R62,P62,N62,K62),"—") | AA62: =IF(V62="11-결과등록완료","— 완료",IF(V62="01-미제출",IF(J62<TODAY(),"계획서 제출 독촉 (OVERDUE)","계획서 제출 대기"),IF(V62="02-제출_미검토","설계자: 계획서 검토 착수",IF(V62="03-검토중","설계자: 승인 처리",IF(V62="04-검토중_보완","보완 요청 → 협력사 재제출 독촉",IF(V62="05-계획서승인","시험편 준비 현황 확인",IF(V62="06-BIW중단","BIW 생산팀 확인 → 일정 재수립",IF(V62="07-미인수","협력사 인수 독촉",IF(V62="08-단품준비완료","시험 일정 확인",IF(V62="09-시험준비중","시험 진행 모니터링",IF(V62="10-시험완료","결과 보고서 전산 등록 독촉",IF(V62="12-조건부승인","조건부 승인 여부 판단 → 관련부서 협의","—"))))))))))))
A63: 59 | B63: EN_SUV | C63: =IFERROR(VLOOKUP(D63,'Reference Data 기준데이터'!$A$30:$D$41,2,FALSE),"") | D63: 시트(앞) | E63: =IFERROR(VLOOKUP(D63,'Reference Data 기준데이터'!$A$30:$D$41,3,FALSE),"") | F63: 연소성 시험 | G63: =IFERROR(VLOOKUP(F63,'Reference Data 기준데이터'!$A$9:$E$26,2,FALSE),"") | H63: =IFERROR(VLOOKUP(F63,'Reference Data 기준데이터'!$A$9:$E$26,5,FALSE),"") | I63: =IFERROR(VLOOKUP(B63,'Reference Data 기준데이터'!$A$3:$J$5,3,FALSE),"") | J63: =IFERROR(I63+VLOOKUP(B63,'Reference Data 기준데이터'!$A$3:$J$5,7,FALSE),"") | K63: 46068 | L63: Approved | M63: =IFERROR(I63+VLOOKUP(B63,'Reference Data 기준데이터'!$A$3:$J$5,8,FALSE),"") | N63: 46102 | O63: =IFERROR(IF(G63="차량장착",MAX(I63+VLOOKUP(B63,'Reference Data 기준데이터'!$A$3:$J$5,9,FALSE),VLOOKUP(B63,'Reference Data 기준데이터'!$A$3:$J$5,4,FALSE)),I63+VLOOKUP(B63,'Reference Data 기준데이터'!$A$3:$J$5,9,FALSE)),"") | P63: 46121 | Q63: =IFERROR(O63+VLOOKUP(F63,'Reference Data 기준데이터'!$A$9:$E$26,4,FALSE),"") | R63: 46142 | S63: =IFERROR(MIN(I63+VLOOKUP(B63,'Reference Data 기준데이터'!$A$3:$J$5,10,FALSE),VLOOKUP(B63,'Reference Data 기준데이터'!$A$3:$J$5,6,FALSE)),"") | T63: 46150 | V63: =IF(U63<>"",U63,IF(AND(T63<>"",R63<>""),"11-결과등록완료",IF(AND(R63<>"",T63=""),"10-시험완료",IF(AND(P63<>"",R63=""),"09-시험준비중",IF(AND(N63<>"",P63=""),"08-단품준비완료",IF(L63="Approved","05-계획서승인",IF(L63="Revision Needed","04-검토중_보완",IF(L63="Under Review","03-검토중",IF(AND(K63<>"",L63=""),"02-제출_미검토","01-미제출"))))))))) | W63: =IFS(V63="01-미제출",0,V63="02-제출_미검토",0.05,V63="03-검토중",0.1,V63="04-검토중_보완",0.05,V63="05-계획서승인",0.2,V63="06-BIW중단",0.15,V63="07-미인수",0.3,V63="08-단품준비완료",0.4,V63="09-시험준비중",0.55,V63="10-시험완료",0.85,V63="11-결과등록완료",1,V63="12-조건부승인",0.9,TRUE,0) | X63: =IF(T63<>"","-",IF(S63="","N/A",S63-TODAY())) | Y63: =IF(V63="11-결과등록완료","DONE",IF(U63="06-BIW중단","BLOCKED",IF(AND(K63="",J63<TODAY()),"CRITICAL",IF(AND(ISNUMBER(X63),X63<=0),"OVERDUE",IF(AND(ISNUMBER(X63),X63<=14),"WARNING",IF(U63<>"","ACTION","ON TRACK")))))) | Z63: =IF(OR(T63<>"",R63<>"",P63<>"",N63<>"",K63<>""),TODAY()-MAX(T63,R63,P63,N63,K63),"—") | AA63: =IF(V63="11-결과등록완료","— 완료",IF(V63="01-미제출",IF(J63<TODAY(),"계획서 제출 독촉 (OVERDUE)","계획서 제출 대기"),IF(V63="02-제출_미검토","설계자: 계획서 검토 착수",IF(V63="03-검토중","설계자: 승인 처리",IF(V63="04-검토중_보완","보완 요청 → 협력사 재제출 독촉",IF(V63="05-계획서승인","시험편 준비 현황 확인",IF(V63="06-BIW중단","BIW 생산팀 확인 → 일정 재수립",IF(V63="07-미인수","협력사 인수 독촉",IF(V63="08-단품준비완료","시험 일정 확인",IF(V63="09-시험준비중","시험 진행 모니터링",IF(V63="10-시험완료","결과 보고서 전산 등록 독촉",IF(V63="12-조건부승인","조건부 승인 여부 판단 → 관련부서 협의","—"))))))))))))
A64: 60 | B64: EN_SUV | C64: =IFERROR(VLOOKUP(D64,'Reference Data 기준데이터'!$A$30:$D$41,2,FALSE),"") | D64: 시트(앞) | E64: =IFERROR(VLOOKUP(D64,'Reference Data 기준데이터'!$A$30:$D$41,3,FALSE),"") | F64: 시트 내구 시험 | G64: =IFERROR(VLOOKUP(F64,'Reference Data 기준데이터'!$A$9:$E$26,2,FALSE),"") | H64: =IFERROR(VLOOKUP(F64,'Reference Data 기준데이터'!$A$9:$E$26,5,FALSE),"") | I64: =IFERROR(VLOOKUP(B64,'Reference Data 기준데이터'!$A$3:$J$5,3,FALSE),"") | J64: =IFERROR(I64+VLOOKUP(B64,'Reference Data 기준데이터'!$A$3:$J$5,7,FALSE),"") | K64: 46064 | L64: Approved | M64: =IFERROR(I64+VLOOKUP(B64,'Reference Data 기준데이터'!$A$3:$J$5,8,FALSE),"") | O64: =IFERROR(IF(G64="차량장착",MAX(I64+VLOOKUP(B64,'Reference Data 기준데이터'!$A$3:$J$5,9,FALSE),VLOOKUP(B64,'Reference Data 기준데이터'!$A$3:$J$5,4,FALSE)),I64+VLOOKUP(B64,'Reference Data 기준데이터'!$A$3:$J$5,9,FALSE)),"") | Q64: =IFERROR(O64+VLOOKUP(F64,'Reference Data 기준데이터'!$A$9:$E$26,4,FALSE),"") | S64: =IFERROR(MIN(I64+VLOOKUP(B64,'Reference Data 기준데이터'!$A$3:$J$5,10,FALSE),VLOOKUP(B64,'Reference Data 기준데이터'!$A$3:$J$5,6,FALSE)),"") | V64: =IF(U64<>"",U64,IF(AND(T64<>"",R64<>""),"11-결과등록완료",IF(AND(R64<>"",T64=""),"10-시험완료",IF(AND(P64<>"",R64=""),"09-시험준비중",IF(AND(N64<>"",P64=""),"08-단품준비완료",IF(L64="Approved","05-계획서승인",IF(L64="Revision Needed","04-검토중_보완",IF(L64="Under Review","03-검토중",IF(AND(K64<>"",L64=""),"02-제출_미검토","01-미제출"))))))))) | W64: =IFS(V64="01-미제출",0,V64="02-제출_미검토",0.05,V64="03-검토중",0.1,V64="04-검토중_보완",0.05,V64="05-계획서승인",0.2,V64="06-BIW중단",0.15,V64="07-미인수",0.3,V64="08-단품준비완료",0.4,V64="09-시험준비중",0.55,V64="10-시험완료",0.85,V64="11-결과등록완료",1,V64="12-조건부승인",0.9,TRUE,0) | X64: =IF(T64<>"","-",IF(S64="","N/A",S64-TODAY())) | Y64: =IF(V64="11-결과등록완료","DONE",IF(U64="06-BIW중단","BLOCKED",IF(AND(K64="",J64<TODAY()),"CRITICAL",IF(AND(ISNUMBER(X64),X64<=0),"OVERDUE",IF(AND(ISNUMBER(X64),X64<=14),"WARNING",IF(U64<>"","ACTION","ON TRACK")))))) | Z64: =IF(OR(T64<>"",R64<>"",P64<>"",N64<>"",K64<>""),TODAY()-MAX(T64,R64,P64,N64,K64),"—") | AA64: =IF(V64="11-결과등록완료","— 완료",IF(V64="01-미제출",IF(J64<TODAY(),"계획서 제출 독촉 (OVERDUE)","계획서 제출 대기"),IF(V64="02-제출_미검토","설계자: 계획서 검토 착수",IF(V64="03-검토중","설계자: 승인 처리",IF(V64="04-검토중_보완","보완 요청 → 협력사 재제출 독촉",IF(V64="05-계획서승인","시험편 준비 현황 확인",IF(V64="06-BIW중단","BIW 생산팀 확인 → 일정 재수립",IF(V64="07-미인수","협력사 인수 독촉",IF(V64="08-단품준비완료","시험 일정 확인",IF(V64="09-시험준비중","시험 진행 모니터링",IF(V64="10-시험완료","결과 보고서 전산 등록 독촉",IF(V64="12-조건부승인","조건부 승인 여부 판단 → 관련부서 협의","—"))))))))))))
A65: 61 | B65: EN_SUV | C65: =IFERROR(VLOOKUP(D65,'Reference Data 기준데이터'!$A$30:$D$41,2,FALSE),"") | D65: 시트(앞) | E65: =IFERROR(VLOOKUP(D65,'Reference Data 기준데이터'!$A$30:$D$41,3,FALSE),"") | F65: H-Point 검증 | G65: =IFERROR(VLOOKUP(F65,'Reference Data 기준데이터'!$A$9:$E$26,2,FALSE),"") | H65: =IFERROR(VLOOKUP(F65,'Reference Data 기준데이터'!$A$9:$E$26,5,FALSE),"") | I65: =IFERROR(VLOOKUP(B65,'Reference Data 기준데이터'!$A$3:$J$5,3,FALSE),"") | J65: =IFERROR(I65+VLOOKUP(B65,'Reference Data 기준데이터'!$A$3:$J$5,7,FALSE),"") | K65: 46065 | L65: Approved | M65: =IFERROR(I65+VLOOKUP(B65,'Reference Data 기준데이터'!$A$3:$J$5,8,FALSE),"") | N65: 46104 | O65: =IFERROR(IF(G65="차량장착",MAX(I65+VLOOKUP(B65,'Reference Data 기준데이터'!$A$3:$J$5,9,FALSE),VLOOKUP(B65,'Reference Data 기준데이터'!$A$3:$J$5,4,FALSE)),I65+VLOOKUP(B65,'Reference Data 기준데이터'!$A$3:$J$5,9,FALSE)),"") | Q65: =IFERROR(O65+VLOOKUP(F65,'Reference Data 기준데이터'!$A$9:$E$26,4,FALSE),"") | S65: =IFERROR(MIN(I65+VLOOKUP(B65,'Reference Data 기준데이터'!$A$3:$J$5,10,FALSE),VLOOKUP(B65,'Reference Data 기준데이터'!$A$3:$J$5,6,FALSE)),"") | U65: 07-미인수 | V65: =IF(U65<>"",U65,IF(AND(T65<>"",R65<>""),"11-결과등록완료",IF(AND(R65<>"",T65=""),"10-시험완료",IF(AND(P65<>"",R65=""),"09-시험준비중",IF(AND(N65<>"",P65=""),"08-단품준비완료",IF(L65="Approved","05-계획서승인",IF(L65="Revision Needed","04-검토중_보완",IF(L65="Under Review","03-검토중",IF(AND(K65<>"",L65=""),"02-제출_미검토","01-미제출"))))))))) | W65: =IFS(V65="01-미제출",0,V65="02-제출_미검토",0.05,V65="03-검토중",0.1,V65="04-검토중_보완",0.05,V65="05-계획서승인",0.2,V65="06-BIW중단",0.15,V65="07-미인수",0.3,V65="08-단품준비완료",0.4,V65="09-시험준비중",0.55,V65="10-시험완료",0.85,V65="11-결과등록완료",1,V65="12-조건부승인",0.9,TRUE,0) | X65: =IF(T65<>"","-",IF(S65="","N/A",S65-TODAY())) | Y65: =IF(V65="11-결과등록완료","DONE",IF(U65="06-BIW중단","BLOCKED",IF(AND(K65="",J65<TODAY()),"CRITICAL",IF(AND(ISNUMBER(X65),X65<=0),"OVERDUE",IF(AND(ISNUMBER(X65),X65<=14),"WARNING",IF(U65<>"","ACTION","ON TRACK")))))) | Z65: =IF(OR(T65<>"",R65<>"",P65<>"",N65<>"",K65<>""),TODAY()-MAX(T65,R65,P65,N65,K65),"—") | AA65: =IF(V65="11-결과등록완료","— 완료",IF(V65="01-미제출",IF(J65<TODAY(),"계획서 제출 독촉 (OVERDUE)","계획서 제출 대기"),IF(V65="02-제출_미검토","설계자: 계획서 검토 착수",IF(V65="03-검토중","설계자: 승인 처리",IF(V65="04-검토중_보완","보완 요청 → 협력사 재제출 독촉",IF(V65="05-계획서승인","시험편 준비 현황 확인",IF(V65="06-BIW중단","BIW 생산팀 확인 → 일정 재수립",IF(V65="07-미인수","협력사 인수 독촉",IF(V65="08-단품준비완료","시험 일정 확인",IF(V65="09-시험준비중","시험 진행 모니터링",IF(V65="10-시험완료","결과 보고서 전산 등록 독촉",IF(V65="12-조건부승인","조건부 승인 여부 판단 → 관련부서 협의","—"))))))))))))
A66: 62 | B66: EN_SUV | C66: =IFERROR(VLOOKUP(D66,'Reference Data 기준데이터'!$A$30:$D$41,2,FALSE),"") | D66: 시트(앞) | E66: =IFERROR(VLOOKUP(D66,'Reference Data 기준데이터'!$A$30:$D$41,3,FALSE),"") | F66: 안전벨트 앵커리지 | G66: =IFERROR(VLOOKUP(F66,'Reference Data 기준데이터'!$A$9:$E$26,2,FALSE),"") | H66: =IFERROR(VLOOKUP(F66,'Reference Data 기준데이터'!$A$9:$E$26,5,FALSE),"") | I66: =IFERROR(VLOOKUP(B66,'Reference Data 기준데이터'!$A$3:$J$5,3,FALSE),"") | J66: =IFERROR(I66+VLOOKUP(B66,'Reference Data 기준데이터'!$A$3:$J$5,7,FALSE),"") | K66: 46066 | L66: Under Review | M66: =IFERROR(I66+VLOOKUP(B66,'Reference Data 기준데이터'!$A$3:$J$5,8,FALSE),"") | O66: =IFERROR(IF(G66="차량장착",MAX(I66+VLOOKUP(B66,'Reference Data 기준데이터'!$A$3:$J$5,9,FALSE),VLOOKUP(B66,'Reference Data 기준데이터'!$A$3:$J$5,4,FALSE)),I66+VLOOKUP(B66,'Reference Data 기준데이터'!$A$3:$J$5,9,FALSE)),"") | Q66: =IFERROR(O66+VLOOKUP(F66,'Reference Data 기준데이터'!$A$9:$E$26,4,FALSE),"") | S66: =IFERROR(MIN(I66+VLOOKUP(B66,'Reference Data 기준데이터'!$A$3:$J$5,10,FALSE),VLOOKUP(B66,'Reference Data 기준데이터'!$A$3:$J$5,6,FALSE)),"") | V66: =IF(U66<>"",U66,IF(AND(T66<>"",R66<>""),"11-결과등록완료",IF(AND(R66<>"",T66=""),"10-시험완료",IF(AND(P66<>"",R66=""),"09-시험준비중",IF(AND(N66<>"",P66=""),"08-단품준비완료",IF(L66="Approved","05-계획서승인",IF(L66="Revision Needed","04-검토중_보완",IF(L66="Under Review","03-검토중",IF(AND(K66<>"",L66=""),"02-제출_미검토","01-미제출"))))))))) | W66: =IFS(V66="01-미제출",0,V66="02-제출_미검토",0.05,V66="03-검토중",0.1,V66="04-검토중_보완",0.05,V66="05-계획서승인",0.2,V66="06-BIW중단",0.15,V66="07-미인수",0.3,V66="08-단품준비완료",0.4,V66="09-시험준비중",0.55,V66="10-시험완료",0.85,V66="11-결과등록완료",1,V66="12-조건부승인",0.9,TRUE,0) | X66: =IF(T66<>"","-",IF(S66="","N/A",S66-TODAY())) | Y66: =IF(V66="11-결과등록완료","DONE",IF(U66="06-BIW중단","BLOCKED",IF(AND(K66="",J66<TODAY()),"CRITICAL",IF(AND(ISNUMBER(X66),X66<=0),"OVERDUE",IF(AND(ISNUMBER(X66),X66<=14),"WARNING",IF(U66<>"","ACTION","ON TRACK")))))) | Z66: =IF(OR(T66<>"",R66<>"",P66<>"",N66<>"",K66<>""),TODAY()-MAX(T66,R66,P66,N66,K66),"—") | AA66: =IF(V66="11-결과등록완료","— 완료",IF(V66="01-미제출",IF(J66<TODAY(),"계획서 제출 독촉 (OVERDUE)","계획서 제출 대기"),IF(V66="02-제출_미검토","설계자: 계획서 검토 착수",IF(V66="03-검토중","설계자: 승인 처리",IF(V66="04-검토중_보완","보완 요청 → 협력사 재제출 독촉",IF(V66="05-계획서승인","시험편 준비 현황 확인",IF(V66="06-BIW중단","BIW 생산팀 확인 → 일정 재수립",IF(V66="07-미인수","협력사 인수 독촉",IF(V66="08-단품준비완료","시험 일정 확인",IF(V66="09-시험준비중","시험 진행 모니터링",IF(V66="10-시험완료","결과 보고서 전산 등록 독촉",IF(V66="12-조건부승인","조건부 승인 여부 판단 → 관련부서 협의","—"))))))))))))
A67: 63 | B67: EN_SUV | C67: =IFERROR(VLOOKUP(D67,'Reference Data 기준데이터'!$A$30:$D$41,2,FALSE),"") | D67: 시트(뒤) | E67: =IFERROR(VLOOKUP(D67,'Reference Data 기준데이터'!$A$30:$D$41,3,FALSE),"") | F67: EMC 시험 | G67: =IFERROR(VLOOKUP(F67,'Reference Data 기준데이터'!$A$9:$E$26,2,FALSE),"") | H67: =IFERROR(VLOOKUP(F67,'Reference Data 기준데이터'!$A$9:$E$26,5,FALSE),"") | I67: =IFERROR(VLOOKUP(B67,'Reference Data 기준데이터'!$A$3:$J$5,3,FALSE),"") | J67: =IFERROR(I67+VLOOKUP(B67,'Reference Data 기준데이터'!$A$3:$J$5,7,FALSE),"") | K67: 46067 | L67: Approved | M67: =IFERROR(I67+VLOOKUP(B67,'Reference Data 기준데이터'!$A$3:$J$5,8,FALSE),"") | N67: 46106 | O67: =IFERROR(IF(G67="차량장착",MAX(I67+VLOOKUP(B67,'Reference Data 기준데이터'!$A$3:$J$5,9,FALSE),VLOOKUP(B67,'Reference Data 기준데이터'!$A$3:$J$5,4,FALSE)),I67+VLOOKUP(B67,'Reference Data 기준데이터'!$A$3:$J$5,9,FALSE)),"") | Q67: =IFERROR(O67+VLOOKUP(F67,'Reference Data 기준데이터'!$A$9:$E$26,4,FALSE),"") | S67: =IFERROR(MIN(I67+VLOOKUP(B67,'Reference Data 기준데이터'!$A$3:$J$5,10,FALSE),VLOOKUP(B67,'Reference Data 기준데이터'!$A$3:$J$5,6,FALSE)),"") | V67: =IF(U67<>"",U67,IF(AND(T67<>"",R67<>""),"11-결과등록완료",IF(AND(R67<>"",T67=""),"10-시험완료",IF(AND(P67<>"",R67=""),"09-시험준비중",IF(AND(N67<>"",P67=""),"08-단품준비완료",IF(L67="Approved","05-계획서승인",IF(L67="Revision Needed","04-검토중_보완",IF(L67="Under Review","03-검토중",IF(AND(K67<>"",L67=""),"02-제출_미검토","01-미제출"))))))))) | W67: =IFS(V67="01-미제출",0,V67="02-제출_미검토",0.05,V67="03-검토중",0.1,V67="04-검토중_보완",0.05,V67="05-계획서승인",0.2,V67="06-BIW중단",0.15,V67="07-미인수",0.3,V67="08-단품준비완료",0.4,V67="09-시험준비중",0.55,V67="10-시험완료",0.85,V67="11-결과등록완료",1,V67="12-조건부승인",0.9,TRUE,0) | X67: =IF(T67<>"","-",IF(S67="","N/A",S67-TODAY())) | Y67: =IF(V67="11-결과등록완료","DONE",IF(U67="06-BIW중단","BLOCKED",IF(AND(K67="",J67<TODAY()),"CRITICAL",IF(AND(ISNUMBER(X67),X67<=0),"OVERDUE",IF(AND(ISNUMBER(X67),X67<=14),"WARNING",IF(U67<>"","ACTION","ON TRACK")))))) | Z67: =IF(OR(T67<>"",R67<>"",P67<>"",N67<>"",K67<>""),TODAY()-MAX(T67,R67,P67,N67,K67),"—") | AA67: =IF(V67="11-결과등록완료","— 완료",IF(V67="01-미제출",IF(J67<TODAY(),"계획서 제출 독촉 (OVERDUE)","계획서 제출 대기"),IF(V67="02-제출_미검토","설계자: 계획서 검토 착수",IF(V67="03-검토중","설계자: 승인 처리",IF(V67="04-검토중_보완","보완 요청 → 협력사 재제출 독촉",IF(V67="05-계획서승인","시험편 준비 현황 확인",IF(V67="06-BIW중단","BIW 생산팀 확인 → 일정 재수립",IF(V67="07-미인수","협력사 인수 독촉",IF(V67="08-단품준비완료","시험 일정 확인",IF(V67="09-시험준비중","시험 진행 모니터링",IF(V67="10-시험완료","결과 보고서 전산 등록 독촉",IF(V67="12-조건부승인","조건부 승인 여부 판단 → 관련부서 협의","—"))))))))))))
A68: 64 | B68: EN_SUV | C68: =IFERROR(VLOOKUP(D68,'Reference Data 기준데이터'!$A$30:$D$41,2,FALSE),"") | D68: 시트(뒤) | E68: =IFERROR(VLOOKUP(D68,'Reference Data 기준데이터'!$A$30:$D$41,3,FALSE),"") | F68: VOC 방출 시험 | G68: =IFERROR(VLOOKUP(F68,'Reference Data 기준데이터'!$A$9:$E$26,2,FALSE),"") | H68: =IFERROR(VLOOKUP(F68,'Reference Data 기준데이터'!$A$9:$E$26,5,FALSE),"") | I68: =IFERROR(VLOOKUP(B68,'Reference Data 기준데이터'!$A$3:$J$5,3,FALSE),"") | J68: =IFERROR(I68+VLOOKUP(B68,'Reference Data 기준데이터'!$A$3:$J$5,7,FALSE),"") | K68: 46068 | L68: Approved | M68: =IFERROR(I68+VLOOKUP(B68,'Reference Data 기준데이터'!$A$3:$J$5,8,FALSE),"") | N68: 46099 | O68: =IFERROR(IF(G68="차량장착",MAX(I68+VLOOKUP(B68,'Reference Data 기준데이터'!$A$3:$J$5,9,FALSE),VLOOKUP(B68,'Reference Data 기준데이터'!$A$3:$J$5,4,FALSE)),I68+VLOOKUP(B68,'Reference Data 기준데이터'!$A$3:$J$5,9,FALSE)),"") | P68: 46120 | Q68: =IFERROR(O68+VLOOKUP(F68,'Reference Data 기준데이터'!$A$9:$E$26,4,FALSE),"") | R68: 46140 | S68: =IFERROR(MIN(I68+VLOOKUP(B68,'Reference Data 기준데이터'!$A$3:$J$5,10,FALSE),VLOOKUP(B68,'Reference Data 기준데이터'!$A$3:$J$5,6,FALSE)),"") | T68: 46147 | U68: 12-조건부승인 | V68: =IF(U68<>"",U68,IF(AND(T68<>"",R68<>""),"11-결과등록완료",IF(AND(R68<>"",T68=""),"10-시험완료",IF(AND(P68<>"",R68=""),"09-시험준비중",IF(AND(N68<>"",P68=""),"08-단품준비완료",IF(L68="Approved","05-계획서승인",IF(L68="Revision Needed","04-검토중_보완",IF(L68="Under Review","03-검토중",IF(AND(K68<>"",L68=""),"02-제출_미검토","01-미제출"))))))))) | W68: =IFS(V68="01-미제출",0,V68="02-제출_미검토",0.05,V68="03-검토중",0.1,V68="04-검토중_보완",0.05,V68="05-계획서승인",0.2,V68="06-BIW중단",0.15,V68="07-미인수",0.3,V68="08-단품준비완료",0.4,V68="09-시험준비중",0.55,V68="10-시험완료",0.85,V68="11-결과등록완료",1,V68="12-조건부승인",0.9,TRUE,0) | X68: =IF(T68<>"","-",IF(S68="","N/A",S68-TODAY())) | Y68: =IF(V68="11-결과등록완료","DONE",IF(U68="06-BIW중단","BLOCKED",IF(AND(K68="",J68<TODAY()),"CRITICAL",IF(AND(ISNUMBER(X68),X68<=0),"OVERDUE",IF(AND(ISNUMBER(X68),X68<=14),"WARNING",IF(U68<>"","ACTION","ON TRACK")))))) | Z68: =IF(OR(T68<>"",R68<>"",P68<>"",N68<>"",K68<>""),TODAY()-MAX(T68,R68,P68,N68,K68),"—") | AA68: =IF(V68="11-결과등록완료","— 완료",IF(V68="01-미제출",IF(J68<TODAY(),"계획서 제출 독촉 (OVERDUE)","계획서 제출 대기"),IF(V68="02-제출_미검토","설계자: 계획서 검토 착수",IF(V68="03-검토중","설계자: 승인 처리",IF(V68="04-검토중_보완","보완 요청 → 협력사 재제출 독촉",IF(V68="05-계획서승인","시험편 준비 현황 확인",IF(V68="06-BIW중단","BIW 생산팀 확인 → 일정 재수립",IF(V68="07-미인수","협력사 인수 독촉",IF(V68="08-단품준비완료","시험 일정 확인",IF(V68="09-시험준비중","시험 진행 모니터링",IF(V68="10-시험완료","결과 보고서 전산 등록 독촉",IF(V68="12-조건부승인","조건부 승인 여부 판단 → 관련부서 협의","—"))))))))))))
A69: 65 | B69: EN_SUV | C69: =IFERROR(VLOOKUP(D69,'Reference Data 기준데이터'!$A$30:$D$41,2,FALSE),"") | D69: 시트(뒤) | E69: =IFERROR(VLOOKUP(D69,'Reference Data 기준데이터'!$A$30:$D$41,3,FALSE),"") | F69: 연소성 시험 | G69: =IFERROR(VLOOKUP(F69,'Reference Data 기준데이터'!$A$9:$E$26,2,FALSE),"") | H69: =IFERROR(VLOOKUP(F69,'Reference Data 기준데이터'!$A$9:$E$26,5,FALSE),"") | I69: =IFERROR(VLOOKUP(B69,'Reference Data 기준데이터'!$A$3:$J$5,3,FALSE),"") | J69: =IFERROR(I69+VLOOKUP(B69,'Reference Data 기준데이터'!$A$3:$J$5,7,FALSE),"") | M69: =IFERROR(I69+VLOOKUP(B69,'Reference Data 기준데이터'!$A$3:$J$5,8,FALSE),"") | O69: =IFERROR(IF(G69="차량장착",MAX(I69+VLOOKUP(B69,'Reference Data 기준데이터'!$A$3:$J$5,9,FALSE),VLOOKUP(B69,'Reference Data 기준데이터'!$A$3:$J$5,4,FALSE)),I69+VLOOKUP(B69,'Reference Data 기준데이터'!$A$3:$J$5,9,FALSE)),"") | Q69: =IFERROR(O69+VLOOKUP(F69,'Reference Data 기준데이터'!$A$9:$E$26,4,FALSE),"") | S69: =IFERROR(MIN(I69+VLOOKUP(B69,'Reference Data 기준데이터'!$A$3:$J$5,10,FALSE),VLOOKUP(B69,'Reference Data 기준데이터'!$A$3:$J$5,6,FALSE)),"") | V69: =IF(U69<>"",U69,IF(AND(T69<>"",R69<>""),"11-결과등록완료",IF(AND(R69<>"",T69=""),"10-시험완료",IF(AND(P69<>"",R69=""),"09-시험준비중",IF(AND(N69<>"",P69=""),"08-단품준비완료",IF(L69="Approved","05-계획서승인",IF(L69="Revision Needed","04-검토중_보완",IF(L69="Under Review","03-검토중",IF(AND(K69<>"",L69=""),"02-제출_미검토","01-미제출"))))))))) | W69: =IFS(V69="01-미제출",0,V69="02-제출_미검토",0.05,V69="03-검토중",0.1,V69="04-검토중_보완",0.05,V69="05-계획서승인",0.2,V69="06-BIW중단",0.15,V69="07-미인수",0.3,V69="08-단품준비완료",0.4,V69="09-시험준비중",0.55,V69="10-시험완료",0.85,V69="11-결과등록완료",1,V69="12-조건부승인",0.9,TRUE,0) | X69: =IF(T69<>"","-",IF(S69="","N/A",S69-TODAY())) | Y69: =IF(V69="11-결과등록완료","DONE",IF(U69="06-BIW중단","BLOCKED",IF(AND(K69="",J69<TODAY()),"CRITICAL",IF(AND(ISNUMBER(X69),X69<=0),"OVERDUE",IF(AND(ISNUMBER(X69),X69<=14),"WARNING",IF(U69<>"","ACTION","ON TRACK")))))) | Z69: =IF(OR(T69<>"",R69<>"",P69<>"",N69<>"",K69<>""),TODAY()-MAX(T69,R69,P69,N69,K69),"—") | AA69: =IF(V69="11-결과등록완료","— 완료",IF(V69="01-미제출",IF(J69<TODAY(),"계획서 제출 독촉 (OVERDUE)","계획서 제출 대기"),IF(V69="02-제출_미검토","설계자: 계획서 검토 착수",IF(V69="03-검토중","설계자: 승인 처리",IF(V69="04-검토중_보완","보완 요청 → 협력사 재제출 독촉",IF(V69="05-계획서승인","시험편 준비 현황 확인",IF(V69="06-BIW중단","BIW 생산팀 확인 → 일정 재수립",IF(V69="07-미인수","협력사 인수 독촉",IF(V69="08-단품준비완료","시험 일정 확인",IF(V69="09-시험준비중","시험 진행 모니터링",IF(V69="10-시험완료","결과 보고서 전산 등록 독촉",IF(V69="12-조건부승인","조건부 승인 여부 판단 → 관련부서 협의","—"))))))))))))
A70: 66 | B70: EN_SUV | C70: =IFERROR(VLOOKUP(D70,'Reference Data 기준데이터'!$A$30:$D$41,2,FALSE),"") | D70: 시트(뒤) | E70: =IFERROR(VLOOKUP(D70,'Reference Data 기준데이터'!$A$30:$D$41,3,FALSE),"") | F70: 시트 내구 시험 | G70: =IFERROR(VLOOKUP(F70,'Reference Data 기준데이터'!$A$9:$E$26,2,FALSE),"") | H70: =IFERROR(VLOOKUP(F70,'Reference Data 기준데이터'!$A$9:$E$26,5,FALSE),"") | I70: =IFERROR(VLOOKUP(B70,'Reference Data 기준데이터'!$A$3:$J$5,3,FALSE),"") | J70: =IFERROR(I70+VLOOKUP(B70,'Reference Data 기준데이터'!$A$3:$J$5,7,FALSE),"") | K70: 46065 | L70: Approved | M70: =IFERROR(I70+VLOOKUP(B70,'Reference Data 기준데이터'!$A$3:$J$5,8,FALSE),"") | N70: 46101 | O70: =IFERROR(IF(G70="차량장착",MAX(I70+VLOOKUP(B70,'Reference Data 기준데이터'!$A$3:$J$5,9,FALSE),VLOOKUP(B70,'Reference Data 기준데이터'!$A$3:$J$5,4,FALSE)),I70+VLOOKUP(B70,'Reference Data 기준데이터'!$A$3:$J$5,9,FALSE)),"") | P70: 46116 | Q70: =IFERROR(O70+VLOOKUP(F70,'Reference Data 기준데이터'!$A$9:$E$26,4,FALSE),"") | R70: 46142 | S70: =IFERROR(MIN(I70+VLOOKUP(B70,'Reference Data 기준데이터'!$A$3:$J$5,10,FALSE),VLOOKUP(B70,'Reference Data 기준데이터'!$A$3:$J$5,6,FALSE)),"") | T70: 46149 | V70: =IF(U70<>"",U70,IF(AND(T70<>"",R70<>""),"11-결과등록완료",IF(AND(R70<>"",T70=""),"10-시험완료",IF(AND(P70<>"",R70=""),"09-시험준비중",IF(AND(N70<>"",P70=""),"08-단품준비완료",IF(L70="Approved","05-계획서승인",IF(L70="Revision Needed","04-검토중_보완",IF(L70="Under Review","03-검토중",IF(AND(K70<>"",L70=""),"02-제출_미검토","01-미제출"))))))))) | W70: =IFS(V70="01-미제출",0,V70="02-제출_미검토",0.05,V70="03-검토중",0.1,V70="04-검토중_보완",0.05,V70="05-계획서승인",0.2,V70="06-BIW중단",0.15,V70="07-미인수",0.3,V70="08-단품준비완료",0.4,V70="09-시험준비중",0.55,V70="10-시험완료",0.85,V70="11-결과등록완료",1,V70="12-조건부승인",0.9,TRUE,0) | X70: =IF(T70<>"","-",IF(S70="","N/A",S70-TODAY())) | Y70: =IF(V70="11-결과등록완료","DONE",IF(U70="06-BIW중단","BLOCKED",IF(AND(K70="",J70<TODAY()),"CRITICAL",IF(AND(ISNUMBER(X70),X70<=0),"OVERDUE",IF(AND(ISNUMBER(X70),X70<=14),"WARNING",IF(U70<>"","ACTION","ON TRACK")))))) | Z70: =IF(OR(T70<>"",R70<>"",P70<>"",N70<>"",K70<>""),TODAY()-MAX(T70,R70,P70,N70,K70),"—") | AA70: =IF(V70="11-결과등록완료","— 완료",IF(V70="01-미제출",IF(J70<TODAY(),"계획서 제출 독촉 (OVERDUE)","계획서 제출 대기"),IF(V70="02-제출_미검토","설계자: 계획서 검토 착수",IF(V70="03-검토중","설계자: 승인 처리",IF(V70="04-검토중_보완","보완 요청 → 협력사 재제출 독촉",IF(V70="05-계획서승인","시험편 준비 현황 확인",IF(V70="06-BIW중단","BIW 생산팀 확인 → 일정 재수립",IF(V70="07-미인수","협력사 인수 독촉",IF(V70="08-단품준비완료","시험 일정 확인",IF(V70="09-시험준비중","시험 진행 모니터링",IF(V70="10-시험완료","결과 보고서 전산 등록 독촉",IF(V70="12-조건부승인","조건부 승인 여부 판단 → 관련부서 협의","—"))))))))))))
A71: 67 | B71: EN_SUV | C71: =IFERROR(VLOOKUP(D71,'Reference Data 기준데이터'!$A$30:$D$41,2,FALSE),"") | D71: 시트(뒤) | E71: =IFERROR(VLOOKUP(D71,'Reference Data 기준데이터'!$A$30:$D$41,3,FALSE),"") | F71: 안전벨트 앵커리지 | G71: =IFERROR(VLOOKUP(F71,'Reference Data 기준데이터'!$A$9:$E$26,2,FALSE),"") | H71: =IFERROR(VLOOKUP(F71,'Reference Data 기준데이터'!$A$9:$E$26,5,FALSE),"") | I71: =IFERROR(VLOOKUP(B71,'Reference Data 기준데이터'!$A$3:$J$5,3,FALSE),"") | J71: =IFERROR(I71+VLOOKUP(B71,'Reference Data 기준데이터'!$A$3:$J$5,7,FALSE),"") | K71: 46066 | L71: Approved | M71: =IFERROR(I71+VLOOKUP(B71,'Reference Data 기준데이터'!$A$3:$J$5,8,FALSE),"") | N71: 46102 | O71: =IFERROR(IF(G71="차량장착",MAX(I71+VLOOKUP(B71,'Reference Data 기준데이터'!$A$3:$J$5,9,FALSE),VLOOKUP(B71,'Reference Data 기준데이터'!$A$3:$J$5,4,FALSE)),I71+VLOOKUP(B71,'Reference Data 기준데이터'!$A$3:$J$5,9,FALSE)),"") | P71: 46117 | Q71: =IFERROR(O71+VLOOKUP(F71,'Reference Data 기준데이터'!$A$9:$E$26,4,FALSE),"") | R71: 46143 | S71: =IFERROR(MIN(I71+VLOOKUP(B71,'Reference Data 기준데이터'!$A$3:$J$5,10,FALSE),VLOOKUP(B71,'Reference Data 기준데이터'!$A$3:$J$5,6,FALSE)),"") | V71: =IF(U71<>"",U71,IF(AND(T71<>"",R71<>""),"11-결과등록완료",IF(AND(R71<>"",T71=""),"10-시험완료",IF(AND(P71<>"",R71=""),"09-시험준비중",IF(AND(N71<>"",P71=""),"08-단품준비완료",IF(L71="Approved","05-계획서승인",IF(L71="Revision Needed","04-검토중_보완",IF(L71="Under Review","03-검토중",IF(AND(K71<>"",L71=""),"02-제출_미검토","01-미제출"))))))))) | W71: =IFS(V71="01-미제출",0,V71="02-제출_미검토",0.05,V71="03-검토중",0.1,V71="04-검토중_보완",0.05,V71="05-계획서승인",0.2,V71="06-BIW중단",0.15,V71="07-미인수",0.3,V71="08-단품준비완료",0.4,V71="09-시험준비중",0.55,V71="10-시험완료",0.85,V71="11-결과등록완료",1,V71="12-조건부승인",0.9,TRUE,0) | X71: =IF(T71<>"","-",IF(S71="","N/A",S71-TODAY())) | Y71: =IF(V71="11-결과등록완료","DONE",IF(U71="06-BIW중단","BLOCKED",IF(AND(K71="",J71<TODAY()),"CRITICAL",IF(AND(ISNUMBER(X71),X71<=0),"OVERDUE",IF(AND(ISNUMBER(X71),X71<=14),"WARNING",IF(U71<>"","ACTION","ON TRACK")))))) | Z71: =IF(OR(T71<>"",R71<>"",P71<>"",N71<>"",K71<>""),TODAY()-MAX(T71,R71,P71,N71,K71),"—") | AA71: =IF(V71="11-결과등록완료","— 완료",IF(V71="01-미제출",IF(J71<TODAY(),"계획서 제출 독촉 (OVERDUE)","계획서 제출 대기"),IF(V71="02-제출_미검토","설계자: 계획서 검토 착수",IF(V71="03-검토중","설계자: 승인 처리",IF(V71="04-검토중_보완","보완 요청 → 협력사 재제출 독촉",IF(V71="05-계획서승인","시험편 준비 현황 확인",IF(V71="06-BIW중단","BIW 생산팀 확인 → 일정 재수립",IF(V71="07-미인수","협력사 인수 독촉",IF(V71="08-단품준비완료","시험 일정 확인",IF(V71="09-시험준비중","시험 진행 모니터링",IF(V71="10-시험완료","결과 보고서 전산 등록 독촉",IF(V71="12-조건부승인","조건부 승인 여부 판단 → 관련부서 협의","—"))))))))))))
A72: 68 | B72: EN_SUV | C72: =IFERROR(VLOOKUP(D72,'Reference Data 기준데이터'!$A$30:$D$41,2,FALSE),"") | D72: 시트(뒤) | E72: =IFERROR(VLOOKUP(D72,'Reference Data 기준데이터'!$A$30:$D$41,3,FALSE),"") | F72: ISOFIX 강도 시험 | G72: =IFERROR(VLOOKUP(F72,'Reference Data 기준데이터'!$A$9:$E$26,2,FALSE),"") | H72: =IFERROR(VLOOKUP(F72,'Reference Data 기준데이터'!$A$9:$E$26,5,FALSE),"") | I72: =IFERROR(VLOOKUP(B72,'Reference Data 기준데이터'!$A$3:$J$5,3,FALSE),"") | J72: =IFERROR(I72+VLOOKUP(B72,'Reference Data 기준데이터'!$A$3:$J$5,7,FALSE),"") | K72: 46067 | L72: Approved | M72: =IFERROR(I72+VLOOKUP(B72,'Reference Data 기준데이터'!$A$3:$J$5,8,FALSE),"") | N72: 46103 | O72: =IFERROR(IF(G72="차량장착",MAX(I72+VLOOKUP(B72,'Reference Data 기준데이터'!$A$3:$J$5,9,FALSE),VLOOKUP(B72,'Reference Data 기준데이터'!$A$3:$J$5,4,FALSE)),I72+VLOOKUP(B72,'Reference Data 기준데이터'!$A$3:$J$5,9,FALSE)),"") | P72: 46118 | Q72: =IFERROR(O72+VLOOKUP(F72,'Reference Data 기준데이터'!$A$9:$E$26,4,FALSE),"") | S72: =IFERROR(MIN(I72+VLOOKUP(B72,'Reference Data 기준데이터'!$A$3:$J$5,10,FALSE),VLOOKUP(B72,'Reference Data 기준데이터'!$A$3:$J$5,6,FALSE)),"") | V72: =IF(U72<>"",U72,IF(AND(T72<>"",R72<>""),"11-결과등록완료",IF(AND(R72<>"",T72=""),"10-시험완료",IF(AND(P72<>"",R72=""),"09-시험준비중",IF(AND(N72<>"",P72=""),"08-단품준비완료",IF(L72="Approved","05-계획서승인",IF(L72="Revision Needed","04-검토중_보완",IF(L72="Under Review","03-검토중",IF(AND(K72<>"",L72=""),"02-제출_미검토","01-미제출"))))))))) | W72: =IFS(V72="01-미제출",0,V72="02-제출_미검토",0.05,V72="03-검토중",0.1,V72="04-검토중_보완",0.05,V72="05-계획서승인",0.2,V72="06-BIW중단",0.15,V72="07-미인수",0.3,V72="08-단품준비완료",0.4,V72="09-시험준비중",0.55,V72="10-시험완료",0.85,V72="11-결과등록완료",1,V72="12-조건부승인",0.9,TRUE,0) | X72: =IF(T72<>"","-",IF(S72="","N/A",S72-TODAY())) | Y72: =IF(V72="11-결과등록완료","DONE",IF(U72="06-BIW중단","BLOCKED",IF(AND(K72="",J72<TODAY()),"CRITICAL",IF(AND(ISNUMBER(X72),X72<=0),"OVERDUE",IF(AND(ISNUMBER(X72),X72<=14),"WARNING",IF(U72<>"","ACTION","ON TRACK")))))) | Z72: =IF(OR(T72<>"",R72<>"",P72<>"",N72<>"",K72<>""),TODAY()-MAX(T72,R72,P72,N72,K72),"—") | AA72: =IF(V72="11-결과등록완료","— 완료",IF(V72="01-미제출",IF(J72<TODAY(),"계획서 제출 독촉 (OVERDUE)","계획서 제출 대기"),IF(V72="02-제출_미검토","설계자: 계획서 검토 착수",IF(V72="03-검토중","설계자: 승인 처리",IF(V72="04-검토중_보완","보완 요청 → 협력사 재제출 독촉",IF(V72="05-계획서승인","시험편 준비 현황 확인",IF(V72="06-BIW중단","BIW 생산팀 확인 → 일정 재수립",IF(V72="07-미인수","협력사 인수 독촉",IF(V72="08-단품준비완료","시험 일정 확인",IF(V72="09-시험준비중","시험 진행 모니터링",IF(V72="10-시험완료","결과 보고서 전산 등록 독촉",IF(V72="12-조건부승인","조건부 승인 여부 판단 → 관련부서 협의","—"))))))))))))
A73: 69 | B73: EN_SUV | C73: =IFERROR(VLOOKUP(D73,'Reference Data 기준데이터'!$A$30:$D$41,2,FALSE),"") | D73: 시트(뒤) | E73: =IFERROR(VLOOKUP(D73,'Reference Data 기준데이터'!$A$30:$D$41,3,FALSE),"") | F73: 수하물 충격 시험 | G73: =IFERROR(VLOOKUP(F73,'Reference Data 기준데이터'!$A$9:$E$26,2,FALSE),"") | H73: =IFERROR(VLOOKUP(F73,'Reference Data 기준데이터'!$A$9:$E$26,5,FALSE),"") | I73: =IFERROR(VLOOKUP(B73,'Reference Data 기준데이터'!$A$3:$J$5,3,FALSE),"") | J73: =IFERROR(I73+VLOOKUP(B73,'Reference Data 기준데이터'!$A$3:$J$5,7,FALSE),"") | K73: 46068 | L73: Approved | M73: =IFERROR(I73+VLOOKUP(B73,'Reference Data 기준데이터'!$A$3:$J$5,8,FALSE),"") | N73: 46104 | O73: =IFERROR(IF(G73="차량장착",MAX(I73+VLOOKUP(B73,'Reference Data 기준데이터'!$A$3:$J$5,9,FALSE),VLOOKUP(B73,'Reference Data 기준데이터'!$A$3:$J$5,4,FALSE)),I73+VLOOKUP(B73,'Reference Data 기준데이터'!$A$3:$J$5,9,FALSE)),"") | P73: 46119 | Q73: =IFERROR(O73+VLOOKUP(F73,'Reference Data 기준데이터'!$A$9:$E$26,4,FALSE),"") | R73: 46145 | S73: =IFERROR(MIN(I73+VLOOKUP(B73,'Reference Data 기준데이터'!$A$3:$J$5,10,FALSE),VLOOKUP(B73,'Reference Data 기준데이터'!$A$3:$J$5,6,FALSE)),"") | T73: 46148 | V73: =IF(U73<>"",U73,IF(AND(T73<>"",R73<>""),"11-결과등록완료",IF(AND(R73<>"",T73=""),"10-시험완료",IF(AND(P73<>"",R73=""),"09-시험준비중",IF(AND(N73<>"",P73=""),"08-단품준비완료",IF(L73="Approved","05-계획서승인",IF(L73="Revision Needed","04-검토중_보완",IF(L73="Under Review","03-검토중",IF(AND(K73<>"",L73=""),"02-제출_미검토","01-미제출"))))))))) | W73: =IFS(V73="01-미제출",0,V73="02-제출_미검토",0.05,V73="03-검토중",0.1,V73="04-검토중_보완",0.05,V73="05-계획서승인",0.2,V73="06-BIW중단",0.15,V73="07-미인수",0.3,V73="08-단품준비완료",0.4,V73="09-시험준비중",0.55,V73="10-시험완료",0.85,V73="11-결과등록완료",1,V73="12-조건부승인",0.9,TRUE,0) | X73: =IF(T73<>"","-",IF(S73="","N/A",S73-TODAY())) | Y73: =IF(V73="11-결과등록완료","DONE",IF(U73="06-BIW중단","BLOCKED",IF(AND(K73="",J73<TODAY()),"CRITICAL",IF(AND(ISNUMBER(X73),X73<=0),"OVERDUE",IF(AND(ISNUMBER(X73),X73<=14),"WARNING",IF(U73<>"","ACTION","ON TRACK")))))) | Z73: =IF(OR(T73<>"",R73<>"",P73<>"",N73<>"",K73<>""),TODAY()-MAX(T73,R73,P73,N73,K73),"—") | AA73: =IF(V73="11-결과등록완료","— 완료",IF(V73="01-미제출",IF(J73<TODAY(),"계획서 제출 독촉 (OVERDUE)","계획서 제출 대기"),IF(V73="02-제출_미검토","설계자: 계획서 검토 착수",IF(V73="03-검토중","설계자: 승인 처리",IF(V73="04-검토중_보완","보완 요청 → 협력사 재제출 독촉",IF(V73="05-계획서승인","시험편 준비 현황 확인",IF(V73="06-BIW중단","BIW 생산팀 확인 → 일정 재수립",IF(V73="07-미인수","협력사 인수 독촉",IF(V73="08-단품준비완료","시험 일정 확인",IF(V73="09-시험준비중","시험 진행 모니터링",IF(V73="10-시험완료","결과 보고서 전산 등록 독촉",IF(V73="12-조건부승인","조건부 승인 여부 판단 → 관련부서 협의","—"))))))))))))
A74: =IF(B74="","",ROW()-4) | C74: =IF(B74="","",IFERROR(VLOOKUP(D74,'Reference Data 기준데이터'!$A$30:$D$41,2,FALSE),"")) | E74: =IF(B74="","",IFERROR(VLOOKUP(D74,'Reference Data 기준데이터'!$A$30:$D$41,3,FALSE),"")) | G74: =IF(B74="","",IFERROR(VLOOKUP(F74,'Reference Data 기준데이터'!$A$9:$E$26,2,FALSE),"")) | H74: =IF(B74="","",IFERROR(VLOOKUP(F74,'Reference Data 기준데이터'!$A$9:$E$26,5,FALSE),"")) | I74: =IF(B74="","",IFERROR(VLOOKUP(B74,'Reference Data 기준데이터'!$A$3:$J$5,3,FALSE),"")) | J74: =IF(B74="","",IFERROR(I74+VLOOKUP(B74,'Reference Data 기준데이터'!$A$3:$J$5,7,FALSE),"")) | M74: =IF(B74="","",IFERROR(I74+VLOOKUP(B74,'Reference Data 기준데이터'!$A$3:$J$5,8,FALSE),"")) | O74: =IF(B74="","",IFERROR(IF(G74="차량장착",MAX(I74+VLOOKUP(B74,'Reference Data 기준데이터'!$A$3:$J$5,9,FALSE),VLOOKUP(B74,'Reference Data 기준데이터'!$A$3:$J$5,4,FALSE)),I74+VLOOKUP(B74,'Reference Data 기준데이터'!$A$3:$J$5,9,FALSE)),"")) | Q74: =IF(B74="","",IFERROR(O74+VLOOKUP(F74,'Reference Data 기준데이터'!$A$9:$E$26,4,FALSE),"")) | S74: =IF(B74="","",IFERROR(MIN(I74+VLOOKUP(B74,'Reference Data 기준데이터'!$A$3:$J$5,10,FALSE),VLOOKUP(B74,'Reference Data 기준데이터'!$A$3:$J$5,6,FALSE)),"")) | V74: =IF(B74="","",IF(U74<>"",U74,IF(AND(T74<>"",R74<>""),"11-결과등록완료",IF(AND(R74<>"",T74=""),"10-시험완료",IF(AND(P74<>"",R74=""),"09-시험준비중",IF(AND(N74<>"",P74=""),"08-단품준비완료",IF(L74="Approved","05-계획서승인",IF(L74="Revision Needed","04-검토중_보완",IF(L74="Under Review","03-검토중",IF(AND(K74<>"",L74=""),"02-제출_미검토","01-미제출")))))))))) | W74: =IF(B74="","",IFS(V74="01-미제출",0,V74="02-제출_미검토",0.05,V74="03-검토중",0.1,V74="04-검토중_보완",0.05,V74="05-계획서승인",0.2,V74="06-BIW중단",0.15,V74="07-미인수",0.3,V74="08-단품준비완료",0.4,V74="09-시험준비중",0.55,V74="10-시험완료",0.85,V74="11-결과등록완료",1,V74="12-조건부승인",0.9,TRUE,0)) | X74: =IF(B74="","",IF(T74<>"","-",IF(S74="","N/A",S74-TODAY()))) | Y74: =IF(B74="","",IF(V74="11-결과등록완료","DONE",IF(U74="06-BIW중단","BLOCKED",IF(AND(K74="",J74<TODAY()),"CRITICAL",IF(AND(ISNUMBER(X74),X74<=0),"OVERDUE",IF(AND(ISNUMBER(X74),X74<=14),"WARNING",IF(U74<>"","ACTION","ON TRACK"))))))) | Z74: =IF(B74="","",IF(OR(T74<>"",R74<>"",P74<>"",N74<>"",K74<>""),TODAY()-MAX(T74,R74,P74,N74,K74),"—")) | AA74: =IF(B74="","",IF(V74="11-결과등록완료","— 완료",IF(V74="01-미제출",IF(J74<TODAY(),"계획서 제출 독촉 (OVERDUE)","계획서 제출 대기"),IF(V74="02-제출_미검토","설계자: 계획서 검토 착수",IF(V74="03-검토중","설계자: 승인 처리",IF(V74="04-검토중_보완","보완 요청 → 협력사 재제출 독촉",IF(V74="05-계획서승인","시험편 준비 현황 확인",IF(V74="06-BIW중단","BIW 생산팀 확인 → 일정 재수립",IF(V74="07-미인수","협력사 인수 독촉",IF(V74="08-단품준비완료","시험 일정 확인",IF(V74="09-시험준비중","시험 진행 모니터링",IF(V74="10-시험완료","결과 보고서 전산 등록 독촉",IF(V74="12-조건부승인","조건부 승인 여부 판단 → 관련부서 협의","—")))))))))))))
A75: =IF(B75="","",ROW()-4) | C75: =IF(B75="","",IFERROR(VLOOKUP(D75,'Reference Data 기준데이터'!$A$30:$D$41,2,FALSE),"")) | E75: =IF(B75="","",IFERROR(VLOOKUP(D75,'Reference Data 기준데이터'!$A$30:$D$41,3,FALSE),"")) | G75: =IF(B75="","",IFERROR(VLOOKUP(F75,'Reference Data 기준데이터'!$A$9:$E$26,2,FALSE),"")) | H75: =IF(B75="","",IFERROR(VLOOKUP(F75,'Reference Data 기준데이터'!$A$9:$E$26,5,FALSE),"")) | I75: =IF(B75="","",IFERROR(VLOOKUP(B75,'Reference Data 기준데이터'!$A$3:$J$5,3,FALSE),"")) | J75: =IF(B75="","",IFERROR(I75+VLOOKUP(B75,'Reference Data 기준데이터'!$A$3:$J$5,7,FALSE),"")) | M75: =IF(B75="","",IFERROR(I75+VLOOKUP(B75,'Reference Data 기준데이터'!$A$3:$J$5,8,FALSE),"")) | O75: =IF(B75="","",IFERROR(IF(G75="차량장착",MAX(I75+VLOOKUP(B75,'Reference Data 기준데이터'!$A$3:$J$5,9,FALSE),VLOOKUP(B75,'Reference Data 기준데이터'!$A$3:$J$5,4,FALSE)),I75+VLOOKUP(B75,'Reference Data 기준데이터'!$A$3:$J$5,9,FALSE)),"")) | Q75: =IF(B75="","",IFERROR(O75+VLOOKUP(F75,'Reference Data 기준데이터'!$A$9:$E$26,4,FALSE),"")) | S75: =IF(B75="","",IFERROR(MIN(I75+VLOOKUP(B75,'Reference Data 기준데이터'!$A$3:$J$5,10,FALSE),VLOOKUP(B75,'Reference Data 기준데이터'!$A$3:$J$5,6,FALSE)),"")) | V75: =IF(B75="","",IF(U75<>"",U75,IF(AND(T75<>"",R75<>""),"11-결과등록완료",IF(AND(R75<>"",T75=""),"10-시험완료",IF(AND(P75<>"",R75=""),"09-시험준비중",IF(AND(N75<>"",P75=""),"08-단품준비완료",IF(L75="Approved","05-계획서승인",IF(L75="Revision Needed","04-검토중_보완",IF(L75="Under Review","03-검토중",IF(AND(K75<>"",L75=""),"02-제출_미검토","01-미제출")))))))))) | W75: =IF(B75="","",IFS(V75="01-미제출",0,V75="02-제출_미검토",0.05,V75="03-검토중",0.1,V75="04-검토중_보완",0.05,V75="05-계획서승인",0.2,V75="06-BIW중단",0.15,V75="07-미인수",0.3,V75="08-단품준비완료",0.4,V75="09-시험준비중",0.55,V75="10-시험완료",0.85,V75="11-결과등록완료",1,V75="12-조건부승인",0.9,TRUE,0)) | X75: =IF(B75="","",IF(T75<>"","-",IF(S75="","N/A",S75-TODAY()))) | Y75: =IF(B75="","",IF(V75="11-결과등록완료","DONE",IF(U75="06-BIW중단","BLOCKED",IF(AND(K75="",J75<TODAY()),"CRITICAL",IF(AND(ISNUMBER(X75),X75<=0),"OVERDUE",IF(AND(ISNUMBER(X75),X75<=14),"WARNING",IF(U75<>"","ACTION","ON TRACK"))))))) | Z75: =IF(B75="","",IF(OR(T75<>"",R75<>"",P75<>"",N75<>"",K75<>""),TODAY()-MAX(T75,R75,P75,N75,K75),"—")) | AA75: =IF(B75="","",IF(V75="11-결과등록완료","— 완료",IF(V75="01-미제출",IF(J75<TODAY(),"계획서 제출 독촉 (OVERDUE)","계획서 제출 대기"),IF(V75="02-제출_미검토","설계자: 계획서 검토 착수",IF(V75="03-검토중","설계자: 승인 처리",IF(V75="04-검토중_보완","보완 요청 → 협력사 재제출 독촉",IF(V75="05-계획서승인","시험편 준비 현황 확인",IF(V75="06-BIW중단","BIW 생산팀 확인 → 일정 재수립",IF(V75="07-미인수","협력사 인수 독촉",IF(V75="08-단품준비완료","시험 일정 확인",IF(V75="09-시험준비중","시험 진행 모니터링",IF(V75="10-시험완료","결과 보고서 전산 등록 독촉",IF(V75="12-조건부승인","조건부 승인 여부 판단 → 관련부서 협의","—")))))))))))))
A76: =IF(B76="","",ROW()-4) | C76: =IF(B76="","",IFERROR(VLOOKUP(D76,'Reference Data 기준데이터'!$A$30:$D$41,2,FALSE),"")) | E76: =IF(B76="","",IFERROR(VLOOKUP(D76,'Reference Data 기준데이터'!$A$30:$D$41,3,FALSE),"")) | G76: =IF(B76="","",IFERROR(VLOOKUP(F76,'Reference Data 기준데이터'!$A$9:$E$26,2,FALSE),"")) | H76: =IF(B76="","",IFERROR(VLOOKUP(F76,'Reference Data 기준데이터'!$A$9:$E$26,5,FALSE),"")) | I76: =IF(B76="","",IFERROR(VLOOKUP(B76,'Reference Data 기준데이터'!$A$3:$J$5,3,FALSE),"")) | J76: =IF(B76="","",IFERROR(I76+VLOOKUP(B76,'Reference Data 기준데이터'!$A$3:$J$5,7,FALSE),"")) | M76: =IF(B76="","",IFERROR(I76+VLOOKUP(B76,'Reference Data 기준데이터'!$A$3:$J$5,8,FALSE),"")) | O76: =IF(B76="","",IFERROR(IF(G76="차량장착",MAX(I76+VLOOKUP(B76,'Reference Data 기준데이터'!$A$3:$J$5,9,FALSE),VLOOKUP(B76,'Reference Data 기준데이터'!$A$3:$J$5,4,FALSE)),I76+VLOOKUP(B76,'Reference Data 기준데이터'!$A$3:$J$5,9,FALSE)),"")) | Q76: =IF(B76="","",IFERROR(O76+VLOOKUP(F76,'Reference Data 기준데이터'!$A$9:$E$26,4,FALSE),"")) | S76: =IF(B76="","",IFERROR(MIN(I76+VLOOKUP(B76,'Reference Data 기준데이터'!$A$3:$J$5,10,FALSE),VLOOKUP(B76,'Reference Data 기준데이터'!$A$3:$J$5,6,FALSE)),"")) | V76: =IF(B76="","",IF(U76<>"",U76,IF(AND(T76<>"",R76<>""),"11-결과등록완료",IF(AND(R76<>"",T76=""),"10-시험완료",IF(AND(P76<>"",R76=""),"09-시험준비중",IF(AND(N76<>"",P76=""),"08-단품준비완료",IF(L76="Approved","05-계획서승인",IF(L76="Revision Needed","04-검토중_보완",IF(L76="Under Review","03-검토중",IF(AND(K76<>"",L76=""),"02-제출_미검토","01-미제출")))))))))) | W76: =IF(B76="","",IFS(V76="01-미제출",0,V76="02-제출_미검토",0.05,V76="03-검토중",0.1,V76="04-검토중_보완",0.05,V76="05-계획서승인",0.2,V76="06-BIW중단",0.15,V76="07-미인수",0.3,V76="08-단품준비완료",0.4,V76="09-시험준비중",0.55,V76="10-시험완료",0.85,V76="11-결과등록완료",1,V76="12-조건부승인",0.9,TRUE,0)) | X76: =IF(B76="","",IF(T76<>"","-",IF(S76="","N/A",S76-TODAY()))) | Y76: =IF(B76="","",IF(V76="11-결과등록완료","DONE",IF(U76="06-BIW중단","BLOCKED",IF(AND(K76="",J76<TODAY()),"CRITICAL",IF(AND(ISNUMBER(X76),X76<=0),"OVERDUE",IF(AND(ISNUMBER(X76),X76<=14),"WARNING",IF(U76<>"","ACTION","ON TRACK"))))))) | Z76: =IF(B76="","",IF(OR(T76<>"",R76<>"",P76<>"",N76<>"",K76<>""),TODAY()-MAX(T76,R76,P76,N76,K76),"—")) | AA76: =IF(B76="","",IF(V76="11-결과등록완료","— 완료",IF(V76="01-미제출",IF(J76<TODAY(),"계획서 제출 독촉 (OVERDUE)","계획서 제출 대기"),IF(V76="02-제출_미검토","설계자: 계획서 검토 착수",IF(V76="03-검토중","설계자: 승인 처리",IF(V76="04-검토중_보완","보완 요청 → 협력사 재제출 독촉",IF(V76="05-계획서승인","시험편 준비 현황 확인",IF(V76="06-BIW중단","BIW 생산팀 확인 → 일정 재수립",IF(V76="07-미인수","협력사 인수 독촉",IF(V76="08-단품준비완료","시험 일정 확인",IF(V76="09-시험준비중","시험 진행 모니터링",IF(V76="10-시험완료","결과 보고서 전산 등록 독촉",IF(V76="12-조건부승인","조건부 승인 여부 판단 → 관련부서 협의","—")))))))))))))
A77: =IF(B77="","",ROW()-4) | C77: =IF(B77="","",IFERROR(VLOOKUP(D77,'Reference Data 기준데이터'!$A$30:$D$41,2,FALSE),"")) | E77: =IF(B77="","",IFERROR(VLOOKUP(D77,'Reference Data 기준데이터'!$A$30:$D$41,3,FALSE),"")) | G77: =IF(B77="","",IFERROR(VLOOKUP(F77,'Reference Data 기준데이터'!$A$9:$E$26,2,FALSE),"")) | H77: =IF(B77="","",IFERROR(VLOOKUP(F77,'Reference Data 기준데이터'!$A$9:$E$26,5,FALSE),"")) | I77: =IF(B77="","",IFERROR(VLOOKUP(B77,'Reference Data 기준데이터'!$A$3:$J$5,3,FALSE),"")) | J77: =IF(B77="","",IFERROR(I77+VLOOKUP(B77,'Reference Data 기준데이터'!$A$3:$J$5,7,FALSE),"")) | M77: =IF(B77="","",IFERROR(I77+VLOOKUP(B77,'Reference Data 기준데이터'!$A$3:$J$5,8,FALSE),"")) | O77: =IF(B77="","",IFERROR(IF(G77="차량장착",MAX(I77+VLOOKUP(B77,'Reference Data 기준데이터'!$A$3:$J$5,9,FALSE),VLOOKUP(B77,'Reference Data 기준데이터'!$A$3:$J$5,4,FALSE)),I77+VLOOKUP(B77,'Reference Data 기준데이터'!$A$3:$J$5,9,FALSE)),"")) | Q77: =IF(B77="","",IFERROR(O77+VLOOKUP(F77,'Reference Data 기준데이터'!$A$9:$E$26,4,FALSE),"")) | S77: =IF(B77="","",IFERROR(MIN(I77+VLOOKUP(B77,'Reference Data 기준데이터'!$A$3:$J$5,10,FALSE),VLOOKUP(B77,'Reference Data 기준데이터'!$A$3:$J$5,6,FALSE)),"")) | V77: =IF(B77="","",IF(U77<>"",U77,IF(AND(T77<>"",R77<>""),"11-결과등록완료",IF(AND(R77<>"",T77=""),"10-시험완료",IF(AND(P77<>"",R77=""),"09-시험준비중",IF(AND(N77<>"",P77=""),"08-단품준비완료",IF(L77="Approved","05-계획서승인",IF(L77="Revision Needed","04-검토중_보완",IF(L77="Under Review","03-검토중",IF(AND(K77<>"",L77=""),"02-제출_미검토","01-미제출")))))))))) | W77: =IF(B77="","",IFS(V77="01-미제출",0,V77="02-제출_미검토",0.05,V77="03-검토중",0.1,V77="04-검토중_보완",0.05,V77="05-계획서승인",0.2,V77="06-BIW중단",0.15,V77="07-미인수",0.3,V77="08-단품준비완료",0.4,V77="09-시험준비중",0.55,V77="10-시험완료",0.85,V77="11-결과등록완료",1,V77="12-조건부승인",0.9,TRUE,0)) | X77: =IF(B77="","",IF(T77<>"","-",IF(S77="","N/A",S77-TODAY()))) | Y77: =IF(B77="","",IF(V77="11-결과등록완료","DONE",IF(U77="06-BIW중단","BLOCKED",IF(AND(K77="",J77<TODAY()),"CRITICAL",IF(AND(ISNUMBER(X77),X77<=0),"OVERDUE",IF(AND(ISNUMBER(X77),X77<=14),"WARNING",IF(U77<>"","ACTION","ON TRACK"))))))) | Z77: =IF(B77="","",IF(OR(T77<>"",R77<>"",P77<>"",N77<>"",K77<>""),TODAY()-MAX(T77,R77,P77,N77,K77),"—")) | AA77: =IF(B77="","",IF(V77="11-결과등록완료","— 완료",IF(V77="01-미제출",IF(J77<TODAY(),"계획서 제출 독촉 (OVERDUE)","계획서 제출 대기"),IF(V77="02-제출_미검토","설계자: 계획서 검토 착수",IF(V77="03-검토중","설계자: 승인 처리",IF(V77="04-검토중_보완","보완 요청 → 협력사 재제출 독촉",IF(V77="05-계획서승인","시험편 준비 현황 확인",IF(V77="06-BIW중단","BIW 생산팀 확인 → 일정 재수립",IF(V77="07-미인수","협력사 인수 독촉",IF(V77="08-단품준비완료","시험 일정 확인",IF(V77="09-시험준비중","시험 진행 모니터링",IF(V77="10-시험완료","결과 보고서 전산 등록 독촉",IF(V77="12-조건부승인","조건부 승인 여부 판단 → 관련부서 협의","—")))))))))))))
A78: =IF(B78="","",ROW()-4) | C78: =IF(B78="","",IFERROR(VLOOKUP(D78,'Reference Data 기준데이터'!$A$30:$D$41,2,FALSE),"")) | E78: =IF(B78="","",IFERROR(VLOOKUP(D78,'Reference Data 기준데이터'!$A$30:$D$41,3,FALSE),"")) | G78: =IF(B78="","",IFERROR(VLOOKUP(F78,'Reference Data 기준데이터'!$A$9:$E$26,2,FALSE),"")) | H78: =IF(B78="","",IFERROR(VLOOKUP(F78,'Reference Data 기준데이터'!$A$9:$E$26,5,FALSE),"")) | I78: =IF(B78="","",IFERROR(VLOOKUP(B78,'Reference Data 기준데이터'!$A$3:$J$5,3,FALSE),"")) | J78: =IF(B78="","",IFERROR(I78+VLOOKUP(B78,'Reference Data 기준데이터'!$A$3:$J$5,7,FALSE),"")) | M78: =IF(B78="","",IFERROR(I78+VLOOKUP(B78,'Reference Data 기준데이터'!$A$3:$J$5,8,FALSE),"")) | O78: =IF(B78="","",IFERROR(IF(G78="차량장착",MAX(I78+VLOOKUP(B78,'Reference Data 기준데이터'!$A$3:$J$5,9,FALSE),VLOOKUP(B78,'Reference Data 기준데이터'!$A$3:$J$5,4,FALSE)),I78+VLOOKUP(B78,'Reference Data 기준데이터'!$A$3:$J$5,9,FALSE)),"")) | Q78: =IF(B78="","",IFERROR(O78+VLOOKUP(F78,'Reference Data 기준데이터'!$A$9:$E$26,4,FALSE),"")) | S78: =IF(B78="","",IFERROR(MIN(I78+VLOOKUP(B78,'Reference Data 기준데이터'!$A$3:$J$5,10,FALSE),VLOOKUP(B78,'Reference Data 기준데이터'!$A$3:$J$5,6,FALSE)),"")) | V78: =IF(B78="","",IF(U78<>"",U78,IF(AND(T78<>"",R78<>""),"11-결과등록완료",IF(AND(R78<>"",T78=""),"10-시험완료",IF(AND(P78<>"",R78=""),"09-시험준비중",IF(AND(N78<>"",P78=""),"08-단품준비완료",IF(L78="Approved","05-계획서승인",IF(L78="Revision Needed","04-검토중_보완",IF(L78="Under Review","03-검토중",IF(AND(K78<>"",L78=""),"02-제출_미검토","01-미제출")))))))))) | W78: =IF(B78="","",IFS(V78="01-미제출",0,V78="02-제출_미검토",0.05,V78="03-검토중",0.1,V78="04-검토중_보완",0.05,V78="05-계획서승인",0.2,V78="06-BIW중단",0.15,V78="07-미인수",0.3,V78="08-단품준비완료",0.4,V78="09-시험준비중",0.55,V78="10-시험완료",0.85,V78="11-결과등록완료",1,V78="12-조건부승인",0.9,TRUE,0)) | X78: =IF(B78="","",IF(T78<>"","-",IF(S78="","N/A",S78-TODAY()))) | Y78: =IF(B78="","",IF(V78="11-결과등록완료","DONE",IF(U78="06-BIW중단","BLOCKED",IF(AND(K78="",J78<TODAY()),"CRITICAL",IF(AND(ISNUMBER(X78),X78<=0),"OVERDUE",IF(AND(ISNUMBER(X78),X78<=14),"WARNING",IF(U78<>"","ACTION","ON TRACK"))))))) | Z78: =IF(B78="","",IF(OR(T78<>"",R78<>"",P78<>"",N78<>"",K78<>""),TODAY()-MAX(T78,R78,P78,N78,K78),"—")) | AA78: =IF(B78="","",IF(V78="11-결과등록완료","— 완료",IF(V78="01-미제출",IF(J78<TODAY(),"계획서 제출 독촉 (OVERDUE)","계획서 제출 대기"),IF(V78="02-제출_미검토","설계자: 계획서 검토 착수",IF(V78="03-검토중","설계자: 승인 처리",IF(V78="04-검토중_보완","보완 요청 → 협력사 재제출 독촉",IF(V78="05-계획서승인","시험편 준비 현황 확인",IF(V78="06-BIW중단","BIW 생산팀 확인 → 일정 재수립",IF(V78="07-미인수","협력사 인수 독촉",IF(V78="08-단품준비완료","시험 일정 확인",IF(V78="09-시험준비중","시험 진행 모니터링",IF(V78="10-시험완료","결과 보고서 전산 등록 독촉",IF(V78="12-조건부승인","조건부 승인 여부 판단 → 관련부서 협의","—")))))))))))))
A79: =IF(B79="","",ROW()-4) | C79: =IF(B79="","",IFERROR(VLOOKUP(D79,'Reference Data 기준데이터'!$A$30:$D$41,2,FALSE),"")) | E79: =IF(B79="","",IFERROR(VLOOKUP(D79,'Reference Data 기준데이터'!$A$30:$D$41,3,FALSE),"")) | G79: =IF(B79="","",IFERROR(VLOOKUP(F79,'Reference Data 기준데이터'!$A$9:$E$26,2,FALSE),"")) | H79: =IF(B79="","",IFERROR(VLOOKUP(F79,'Reference Data 기준데이터'!$A$9:$E$26,5,FALSE),"")) | I79: =IF(B79="","",IFERROR(VLOOKUP(B79,'Reference Data 기준데이터'!$A$3:$J$5,3,FALSE),"")) | J79: =IF(B79="","",IFERROR(I79+VLOOKUP(B79,'Reference Data 기준데이터'!$A$3:$J$5,7,FALSE),"")) | M79: =IF(B79="","",IFERROR(I79+VLOOKUP(B79,'Reference Data 기준데이터'!$A$3:$J$5,8,FALSE),"")) | O79: =IF(B79="","",IFERROR(IF(G79="차량장착",MAX(I79+VLOOKUP(B79,'Reference Data 기준데이터'!$A$3:$J$5,9,FALSE),VLOOKUP(B79,'Reference Data 기준데이터'!$A$3:$J$5,4,FALSE)),I79+VLOOKUP(B79,'Reference Data 기준데이터'!$A$3:$J$5,9,FALSE)),"")) | Q79: =IF(B79="","",IFERROR(O79+VLOOKUP(F79,'Reference Data 기준데이터'!$A$9:$E$26,4,FALSE),"")) | S79: =IF(B79="","",IFERROR(MIN(I79+VLOOKUP(B79,'Reference Data 기준데이터'!$A$3:$J$5,10,FALSE),VLOOKUP(B79,'Reference Data 기준데이터'!$A$3:$J$5,6,FALSE)),"")) | V79: =IF(B79="","",IF(U79<>"",U79,IF(AND(T79<>"",R79<>""),"11-결과등록완료",IF(AND(R79<>"",T79=""),"10-시험완료",IF(AND(P79<>"",R79=""),"09-시험준비중",IF(AND(N79<>"",P79=""),"08-단품준비완료",IF(L79="Approved","05-계획서승인",IF(L79="Revision Needed","04-검토중_보완",IF(L79="Under Review","03-검토중",IF(AND(K79<>"",L79=""),"02-제출_미검토","01-미제출")))))))))) | W79: =IF(B79="","",IFS(V79="01-미제출",0,V79="02-제출_미검토",0.05,V79="03-검토중",0.1,V79="04-검토중_보완",0.05,V79="05-계획서승인",0.2,V79="06-BIW중단",0.15,V79="07-미인수",0.3,V79="08-단품준비완료",0.4,V79="09-시험준비중",0.55,V79="10-시험완료",0.85,V79="11-결과등록완료",1,V79="12-조건부승인",0.9,TRUE,0)) | X79: =IF(B79="","",IF(T79<>"","-",IF(S79="","N/A",S79-TODAY()))) | Y79: =IF(B79="","",IF(V79="11-결과등록완료","DONE",IF(U79="06-BIW중단","BLOCKED",IF(AND(K79="",J79<TODAY()),"CRITICAL",IF(AND(ISNUMBER(X79),X79<=0),"OVERDUE",IF(AND(ISNUMBER(X79),X79<=14),"WARNING",IF(U79<>"","ACTION","ON TRACK"))))))) | Z79: =IF(B79="","",IF(OR(T79<>"",R79<>"",P79<>"",N79<>"",K79<>""),TODAY()-MAX(T79,R79,P79,N79,K79),"—")) | AA79: =IF(B79="","",IF(V79="11-결과등록완료","— 완료",IF(V79="01-미제출",IF(J79<TODAY(),"계획서 제출 독촉 (OVERDUE)","계획서 제출 대기"),IF(V79="02-제출_미검토","설계자: 계획서 검토 착수",IF(V79="03-검토중","설계자: 승인 처리",IF(V79="04-검토중_보완","보완 요청 → 협력사 재제출 독촉",IF(V79="05-계획서승인","시험편 준비 현황 확인",IF(V79="06-BIW중단","BIW 생산팀 확인 → 일정 재수립",IF(V79="07-미인수","협력사 인수 독촉",IF(V79="08-단품준비완료","시험 일정 확인",IF(V79="09-시험준비중","시험 진행 모니터링",IF(V79="10-시험완료","결과 보고서 전산 등록 독촉",IF(V79="12-조건부승인","조건부 승인 여부 판단 → 관련부서 협의","—")))))))))))))
A80: =IF(B80="","",ROW()-4) | C80: =IF(B80="","",IFERROR(VLOOKUP(D80,'Reference Data 기준데이터'!$A$30:$D$41,2,FALSE),"")) | E80: =IF(B80="","",IFERROR(VLOOKUP(D80,'Reference Data 기준데이터'!$A$30:$D$41,3,FALSE),"")) | G80: =IF(B80="","",IFERROR(VLOOKUP(F80,'Reference Data 기준데이터'!$A$9:$E$26,2,FALSE),"")) | H80: =IF(B80="","",IFERROR(VLOOKUP(F80,'Reference Data 기준데이터'!$A$9:$E$26,5,FALSE),"")) | I80: =IF(B80="","",IFERROR(VLOOKUP(B80,'Reference Data 기준데이터'!$A$3:$J$5,3,FALSE),"")) | J80: =IF(B80="","",IFERROR(I80+VLOOKUP(B80,'Reference Data 기준데이터'!$A$3:$J$5,7,FALSE),"")) | M80: =IF(B80="","",IFERROR(I80+VLOOKUP(B80,'Reference Data 기준데이터'!$A$3:$J$5,8,FALSE),"")) | O80: =IF(B80="","",IFERROR(IF(G80="차량장착",MAX(I80+VLOOKUP(B80,'Reference Data 기준데이터'!$A$3:$J$5,9,FALSE),VLOOKUP(B80,'Reference Data 기준데이터'!$A$3:$J$5,4,FALSE)),I80+VLOOKUP(B80,'Reference Data 기준데이터'!$A$3:$J$5,9,FALSE)),"")) | Q80: =IF(B80="","",IFERROR(O80+VLOOKUP(F80,'Reference Data 기준데이터'!$A$9:$E$26,4,FALSE),"")) | S80: =IF(B80="","",IFERROR(MIN(I80+VLOOKUP(B80,'Reference Data 기준데이터'!$A$3:$J$5,10,FALSE),VLOOKUP(B80,'Reference Data 기준데이터'!$A$3:$J$5,6,FALSE)),"")) | V80: =IF(B80="","",IF(U80<>"",U80,IF(AND(T80<>"",R80<>""),"11-결과등록완료",IF(AND(R80<>"",T80=""),"10-시험완료",IF(AND(P80<>"",R80=""),"09-시험준비중",IF(AND(N80<>"",P80=""),"08-단품준비완료",IF(L80="Approved","05-계획서승인",IF(L80="Revision Needed","04-검토중_보완",IF(L80="Under Review","03-검토중",IF(AND(K80<>"",L80=""),"02-제출_미검토","01-미제출")))))))))) | W80: =IF(B80="","",IFS(V80="01-미제출",0,V80="02-제출_미검토",0.05,V80="03-검토중",0.1,V80="04-검토중_보완",0.05,V80="05-계획서승인",0.2,V80="06-BIW중단",0.15,V80="07-미인수",0.3,V80="08-단품준비완료",0.4,V80="09-시험준비중",0.55,V80="10-시험완료",0.85,V80="11-결과등록완료",1,V80="12-조건부승인",0.9,TRUE,0)) | X80: =IF(B80="","",IF(T80<>"","-",IF(S80="","N/A",S80-TODAY()))) | Y80: =IF(B80="","",IF(V80="11-결과등록완료","DONE",IF(U80="06-BIW중단","BLOCKED",IF(AND(K80="",J80<TODAY()),"CRITICAL",IF(AND(ISNUMBER(X80),X80<=0),"OVERDUE",IF(AND(ISNUMBER(X80),X80<=14),"WARNING",IF(U80<>"","ACTION","ON TRACK"))))))) | Z80: =IF(B80="","",IF(OR(T80<>"",R80<>"",P80<>"",N80<>"",K80<>""),TODAY()-MAX(T80,R80,P80,N80,K80),"—")) | AA80: =IF(B80="","",IF(V80="11-결과등록완료","— 완료",IF(V80="01-미제출",IF(J80<TODAY(),"계획서 제출 독촉 (OVERDUE)","계획서 제출 대기"),IF(V80="02-제출_미검토","설계자: 계획서 검토 착수",IF(V80="03-검토중","설계자: 승인 처리",IF(V80="04-검토중_보완","보완 요청 → 협력사 재제출 독촉",IF(V80="05-계획서승인","시험편 준비 현황 확인",IF(V80="06-BIW중단","BIW 생산팀 확인 → 일정 재수립",IF(V80="07-미인수","협력사 인수 독촉",IF(V80="08-단품준비완료","시험 일정 확인",IF(V80="09-시험준비중","시험 진행 모니터링",IF(V80="10-시험완료","결과 보고서 전산 등록 독촉",IF(V80="12-조건부승인","조건부 승인 여부 판단 → 관련부서 협의","—")))))))))))))
A81: =IF(B81="","",ROW()-4) | C81: =IF(B81="","",IFERROR(VLOOKUP(D81,'Reference Data 기준데이터'!$A$30:$D$41,2,FALSE),"")) | E81: =IF(B81="","",IFERROR(VLOOKUP(D81,'Reference Data 기준데이터'!$A$30:$D$41,3,FALSE),"")) | G81: =IF(B81="","",IFERROR(VLOOKUP(F81,'Reference Data 기준데이터'!$A$9:$E$26,2,FALSE),"")) | H81: =IF(B81="","",IFERROR(VLOOKUP(F81,'Reference Data 기준데이터'!$A$9:$E$26,5,FALSE),"")) | I81: =IF(B81="","",IFERROR(VLOOKUP(B81,'Reference Data 기준데이터'!$A$3:$J$5,3,FALSE),"")) | J81: =IF(B81="","",IFERROR(I81+VLOOKUP(B81,'Reference Data 기준데이터'!$A$3:$J$5,7,FALSE),"")) | M81: =IF(B81="","",IFERROR(I81+VLOOKUP(B81,'Reference Data 기준데이터'!$A$3:$J$5,8,FALSE),"")) | O81: =IF(B81="","",IFERROR(IF(G81="차량장착",MAX(I81+VLOOKUP(B81,'Reference Data 기준데이터'!$A$3:$J$5,9,FALSE),VLOOKUP(B81,'Reference Data 기준데이터'!$A$3:$J$5,4,FALSE)),I81+VLOOKUP(B81,'Reference Data 기준데이터'!$A$3:$J$5,9,FALSE)),"")) | Q81: =IF(B81="","",IFERROR(O81+VLOOKUP(F81,'Reference Data 기준데이터'!$A$9:$E$26,4,FALSE),"")) | S81: =IF(B81="","",IFERROR(MIN(I81+VLOOKUP(B81,'Reference Data 기준데이터'!$A$3:$J$5,10,FALSE),VLOOKUP(B81,'Reference Data 기준데이터'!$A$3:$J$5,6,FALSE)),"")) | V81: =IF(B81="","",IF(U81<>"",U81,IF(AND(T81<>"",R81<>""),"11-결과등록완료",IF(AND(R81<>"",T81=""),"10-시험완료",IF(AND(P81<>"",R81=""),"09-시험준비중",IF(AND(N81<>"",P81=""),"08-단품준비완료",IF(L81="Approved","05-계획서승인",IF(L81="Revision Needed","04-검토중_보완",IF(L81="Under Review","03-검토중",IF(AND(K81<>"",L81=""),"02-제출_미검토","01-미제출")))))))))) | W81: =IF(B81="","",IFS(V81="01-미제출",0,V81="02-제출_미검토",0.05,V81="03-검토중",0.1,V81="04-검토중_보완",0.05,V81="05-계획서승인",0.2,V81="06-BIW중단",0.15,V81="07-미인수",0.3,V81="08-단품준비완료",0.4,V81="09-시험준비중",0.55,V81="10-시험완료",0.85,V81="11-결과등록완료",1,V81="12-조건부승인",0.9,TRUE,0)) | X81: =IF(B81="","",IF(T81<>"","-",IF(S81="","N/A",S81-TODAY()))) | Y81: =IF(B81="","",IF(V81="11-결과등록완료","DONE",IF(U81="06-BIW중단","BLOCKED",IF(AND(K81="",J81<TODAY()),"CRITICAL",IF(AND(ISNUMBER(X81),X81<=0),"OVERDUE",IF(AND(ISNUMBER(X81),X81<=14),"WARNING",IF(U81<>"","ACTION","ON TRACK"))))))) | Z81: =IF(B81="","",IF(OR(T81<>"",R81<>"",P81<>"",N81<>"",K81<>""),TODAY()-MAX(T81,R81,P81,N81,K81),"—")) | AA81: =IF(B81="","",IF(V81="11-결과등록완료","— 완료",IF(V81="01-미제출",IF(J81<TODAY(),"계획서 제출 독촉 (OVERDUE)","계획서 제출 대기"),IF(V81="02-제출_미검토","설계자: 계획서 검토 착수",IF(V81="03-검토중","설계자: 승인 처리",IF(V81="04-검토중_보완","보완 요청 → 협력사 재제출 독촉",IF(V81="05-계획서승인","시험편 준비 현황 확인",IF(V81="06-BIW중단","BIW 생산팀 확인 → 일정 재수립",IF(V81="07-미인수","협력사 인수 독촉",IF(V81="08-단품준비완료","시험 일정 확인",IF(V81="09-시험준비중","시험 진행 모니터링",IF(V81="10-시험완료","결과 보고서 전산 등록 독촉",IF(V81="12-조건부승인","조건부 승인 여부 판단 → 관련부서 협의","—")))))))))))))
A82: =IF(B82="","",ROW()-4) | C82: =IF(B82="","",IFERROR(VLOOKUP(D82,'Reference Data 기준데이터'!$A$30:$D$41,2,FALSE),"")) | E82: =IF(B82="","",IFERROR(VLOOKUP(D82,'Reference Data 기준데이터'!$A$30:$D$41,3,FALSE),"")) | G82: =IF(B82="","",IFERROR(VLOOKUP(F82,'Reference Data 기준데이터'!$A$9:$E$26,2,FALSE),"")) | H82: =IF(B82="","",IFERROR(VLOOKUP(F82,'Reference Data 기준데이터'!$A$9:$E$26,5,FALSE),"")) | I82: =IF(B82="","",IFERROR(VLOOKUP(B82,'Reference Data 기준데이터'!$A$3:$J$5,3,FALSE),"")) | J82: =IF(B82="","",IFERROR(I82+VLOOKUP(B82,'Reference Data 기준데이터'!$A$3:$J$5,7,FALSE),"")) | M82: =IF(B82="","",IFERROR(I82+VLOOKUP(B82,'Reference Data 기준데이터'!$A$3:$J$5,8,FALSE),"")) | O82: =IF(B82="","",IFERROR(IF(G82="차량장착",MAX(I82+VLOOKUP(B82,'Reference Data 기준데이터'!$A$3:$J$5,9,FALSE),VLOOKUP(B82,'Reference Data 기준데이터'!$A$3:$J$5,4,FALSE)),I82+VLOOKUP(B82,'Reference Data 기준데이터'!$A$3:$J$5,9,FALSE)),"")) | Q82: =IF(B82="","",IFERROR(O82+VLOOKUP(F82,'Reference Data 기준데이터'!$A$9:$E$26,4,FALSE),"")) | S82: =IF(B82="","",IFERROR(MIN(I82+VLOOKUP(B82,'Reference Data 기준데이터'!$A$3:$J$5,10,FALSE),VLOOKUP(B82,'Reference Data 기준데이터'!$A$3:$J$5,6,FALSE)),"")) | V82: =IF(B82="","",IF(U82<>"",U82,IF(AND(T82<>"",R82<>""),"11-결과등록완료",IF(AND(R82<>"",T82=""),"10-시험완료",IF(AND(P82<>"",R82=""),"09-시험준비중",IF(AND(N82<>"",P82=""),"08-단품준비완료",IF(L82="Approved","05-계획서승인",IF(L82="Revision Needed","04-검토중_보완",IF(L82="Under Review","03-검토중",IF(AND(K82<>"",L82=""),"02-제출_미검토","01-미제출")))))))))) | W82: =IF(B82="","",IFS(V82="01-미제출",0,V82="02-제출_미검토",0.05,V82="03-검토중",0.1,V82="04-검토중_보완",0.05,V82="05-계획서승인",0.2,V82="06-BIW중단",0.15,V82="07-미인수",0.3,V82="08-단품준비완료",0.4,V82="09-시험준비중",0.55,V82="10-시험완료",0.85,V82="11-결과등록완료",1,V82="12-조건부승인",0.9,TRUE,0)) | X82: =IF(B82="","",IF(T82<>"","-",IF(S82="","N/A",S82-TODAY()))) | Y82: =IF(B82="","",IF(V82="11-결과등록완료","DONE",IF(U82="06-BIW중단","BLOCKED",IF(AND(K82="",J82<TODAY()),"CRITICAL",IF(AND(ISNUMBER(X82),X82<=0),"OVERDUE",IF(AND(ISNUMBER(X82),X82<=14),"WARNING",IF(U82<>"","ACTION","ON TRACK"))))))) | Z82: =IF(B82="","",IF(OR(T82<>"",R82<>"",P82<>"",N82<>"",K82<>""),TODAY()-MAX(T82,R82,P82,N82,K82),"—")) | AA82: =IF(B82="","",IF(V82="11-결과등록완료","— 완료",IF(V82="01-미제출",IF(J82<TODAY(),"계획서 제출 독촉 (OVERDUE)","계획서 제출 대기"),IF(V82="02-제출_미검토","설계자: 계획서 검토 착수",IF(V82="03-검토중","설계자: 승인 처리",IF(V82="04-검토중_보완","보완 요청 → 협력사 재제출 독촉",IF(V82="05-계획서승인","시험편 준비 현황 확인",IF(V82="06-BIW중단","BIW 생산팀 확인 → 일정 재수립",IF(V82="07-미인수","협력사 인수 독촉",IF(V82="08-단품준비완료","시험 일정 확인",IF(V82="09-시험준비중","시험 진행 모니터링",IF(V82="10-시험완료","결과 보고서 전산 등록 독촉",IF(V82="12-조건부승인","조건부 승인 여부 판단 → 관련부서 협의","—")))))))))))))
A83: =IF(B83="","",ROW()-4) | C83: =IF(B83="","",IFERROR(VLOOKUP(D83,'Reference Data 기준데이터'!$A$30:$D$41,2,FALSE),"")) | E83: =IF(B83="","",IFERROR(VLOOKUP(D83,'Reference Data 기준데이터'!$A$30:$D$41,3,FALSE),"")) | G83: =IF(B83="","",IFERROR(VLOOKUP(F83,'Reference Data 기준데이터'!$A$9:$E$26,2,FALSE),"")) | H83: =IF(B83="","",IFERROR(VLOOKUP(F83,'Reference Data 기준데이터'!$A$9:$E$26,5,FALSE),"")) | I83: =IF(B83="","",IFERROR(VLOOKUP(B83,'Reference Data 기준데이터'!$A$3:$J$5,3,FALSE),"")) | J83: =IF(B83="","",IFERROR(I83+VLOOKUP(B83,'Reference Data 기준데이터'!$A$3:$J$5,7,FALSE),"")) | M83: =IF(B83="","",IFERROR(I83+VLOOKUP(B83,'Reference Data 기준데이터'!$A$3:$J$5,8,FALSE),"")) | O83: =IF(B83="","",IFERROR(IF(G83="차량장착",MAX(I83+VLOOKUP(B83,'Reference Data 기준데이터'!$A$3:$J$5,9,FALSE),VLOOKUP(B83,'Reference Data 기준데이터'!$A$3:$J$5,4,FALSE)),I83+VLOOKUP(B83,'Reference Data 기준데이터'!$A$3:$J$5,9,FALSE)),"")) | Q83: =IF(B83="","",IFERROR(O83+VLOOKUP(F83,'Reference Data 기준데이터'!$A$9:$E$26,4,FALSE),"")) | S83: =IF(B83="","",IFERROR(MIN(I83+VLOOKUP(B83,'Reference Data 기준데이터'!$A$3:$J$5,10,FALSE),VLOOKUP(B83,'Reference Data 기준데이터'!$A$3:$J$5,6,FALSE)),"")) | V83: =IF(B83="","",IF(U83<>"",U83,IF(AND(T83<>"",R83<>""),"11-결과등록완료",IF(AND(R83<>"",T83=""),"10-시험완료",IF(AND(P83<>"",R83=""),"09-시험준비중",IF(AND(N83<>"",P83=""),"08-단품준비완료",IF(L83="Approved","05-계획서승인",IF(L83="Revision Needed","04-검토중_보완",IF(L83="Under Review","03-검토중",IF(AND(K83<>"",L83=""),"02-제출_미검토","01-미제출")))))))))) | W83: =IF(B83="","",IFS(V83="01-미제출",0,V83="02-제출_미검토",0.05,V83="03-검토중",0.1,V83="04-검토중_보완",0.05,V83="05-계획서승인",0.2,V83="06-BIW중단",0.15,V83="07-미인수",0.3,V83="08-단품준비완료",0.4,V83="09-시험준비중",0.55,V83="10-시험완료",0.85,V83="11-결과등록완료",1,V83="12-조건부승인",0.9,TRUE,0)) | X83: =IF(B83="","",IF(T83<>"","-",IF(S83="","N/A",S83-TODAY()))) | Y83: =IF(B83="","",IF(V83="11-결과등록완료","DONE",IF(U83="06-BIW중단","BLOCKED",IF(AND(K83="",J83<TODAY()),"CRITICAL",IF(AND(ISNUMBER(X83),X83<=0),"OVERDUE",IF(AND(ISNUMBER(X83),X83<=14),"WARNING",IF(U83<>"","ACTION","ON TRACK"))))))) | Z83: =IF(B83="","",IF(OR(T83<>"",R83<>"",P83<>"",N83<>"",K83<>""),TODAY()-MAX(T83,R83,P83,N83,K83),"—")) | AA83: =IF(B83="","",IF(V83="11-결과등록완료","— 완료",IF(V83="01-미제출",IF(J83<TODAY(),"계획서 제출 독촉 (OVERDUE)","계획서 제출 대기"),IF(V83="02-제출_미검토","설계자: 계획서 검토 착수",IF(V83="03-검토중","설계자: 승인 처리",IF(V83="04-검토중_보완","보완 요청 → 협력사 재제출 독촉",IF(V83="05-계획서승인","시험편 준비 현황 확인",IF(V83="06-BIW중단","BIW 생산팀 확인 → 일정 재수립",IF(V83="07-미인수","협력사 인수 독촉",IF(V83="08-단품준비완료","시험 일정 확인",IF(V83="09-시험준비중","시험 진행 모니터링",IF(V83="10-시험완료","결과 보고서 전산 등록 독촉",IF(V83="12-조건부승인","조건부 승인 여부 판단 → 관련부서 협의","—")))))))))))))
