Workbook

Sheet Config
A1: AE_PE | B1: <-- Select Vehicle Code

Sheet Reference Data 기준데이터
A1: TBL_Vehicle (차종 + 일정 + LeadTime)
A2: VehicleCode | B2: VehicleName | C2: T0_DrawingRelease | D2: ProtoBuild | E2: MasterCar | F2: TestDeadline | G2: LT_PlanDue | H2: LT_PartsReady | I2: LT_TestStart | J2: LT_ReportDue
A3: AE_PE | B3: AE PE (Creta EV) | C3: 46037 | D3: 46127 | E3: 46188 | F3: =E3-30 | G3: 14 | H3: 49 | I3: 63 | J3: 98
A4: SU2i | B4: SU2i (Venue Next) | C4: 46082 | D4: 46174 | E4: 46249 | F4: =E4-30 | G4: 14 | H4: 49 | I4: 63 | J4: 98
A5: EN_SUV | B5: EN SUV | C5: 46054 | D5: 46143 | E5: 46218 | F5: =E5-30 | G5: 14 | H5: 49 | I5: 63 | J5: 98
A7: TBL_TestMaster (시험 마스터)
A8: TestNameKR | B8: TestType | C8: Spec | D8: DurationDays | E8: PartName | F8: PartCategory
A9: VOC 방출 시험 | B9: 단품 Component | C9: MS-300-57 | D9: 14 | E9: Center Console Assy | F9: Console
A10: 내열 시험 | B10: 단품 Component | C10: MS-300-31 | D10: 14 | E10: Center Console Assy | F10: Console
A11: 마모 시험 | B11: 단품 Component | C11: MS-300-35 | D11: 7 | E11: Center Console Assy | F11: Console
A12: 치수 검사 | B12: 단품 Component | C12: ES-90101 | D12: 3 | E12: Center Console Assy | F12: Console
A13: VOC 방출 시험 | B13: 단품 Component | C13: MS-300-57 | D13: 14 | E13: Console Lid Assy | F13: Console
A14: 힌지 내구 시험 | B14: 단품 Component | C14: ES-92030 | D14: 10 | E14: Console Lid Assy | F14: Console
A15: 외관 검사 | B15: 단품 Component | C15: ES-90100 | D15: 3 | E15: Console Lid Assy | F15: Console
A16: VOC 방출 시험 | B16: 단품 Component | C16: MS-300-57 | D16: 14 | E16: Door Trim LH | F16: Trim
A17: 내후성 시험 | B17: 단품 Component | C17: MS-300-34 | D17: 21 | E17: Door Trim LH | F17: Trim
A18: 연소성 시험 | B18: 단품 Component | C18: FMVSS 302 | D18: 3 | E18: Door Trim LH | F18: Trim
A19: 외관 검사 | B19: 단품 Component | C19: ES-90100 | D19: 3 | E19: Door Trim LH | F19: Trim
A20: 내후성 시험 | B20: 단품 Component | C20: MS-300-34 | D20: 21 | E20: Pillar Trim C | F20: Trim
... A30: 외관 검사 | B30: 단품 Component | C30: ES-90100 | D30: 3 | E30: Rear Seat Assy | F30: Seat
A32: TBL_VehicleParts (차종×부품→협력사)
A33: VPKey | B33: SupplierCode
A34: AE_PE_Center Console Assy | B34: SUP_A
A35: AE_PE_Console Lid Assy | B35: SUP_A
A36: AE_PE_Door Trim LH | B36: SUP_B
A37: AE_PE_Pillar Trim C | B37: SUP_C
A38: AE_PE_Front Seat Assy LH | B38: SUP_D
A39: AE_PE_Rear Seat Assy | B39: SUP_D
A40: SU2i_Center Console Assy | B40: SUP_B
A41: SU2i_Console Lid Assy | B41: SUP_B
A42: SU2i_Door Trim LH | B42: SUP_C
A43: SU2i_Pillar Trim C | B43: SUP_A
A44: SU2i_Front Seat Assy LH | B44: SUP_D
... A51: EN_SUV_Rear Seat Assy | B51: SUP_D
A53: Dropdown: PartNames
A54: Center Console Assy
A55: Console Lid Assy
A56: Door Trim LH
A57: Pillar Trim C
A58: Front Seat Assy LH
A59: Rear Seat Assy
A60: Dropdown: TestNames
A61: VOC 방출 시험
A62: 내후성 시험
A63: 내열 시험
A64: 마모 시험
... A75: 수하물 충격 시험

Sheet Master Tracker 마스터추적표
A1: ESIR Master Tracker V3 — Engineering Sample / Initial Run Test
A3: No. | B3: Vehicle Code | C3: Part Name | D3: Part Category | E3: Test Name KR | F3: Test Type | G3: Supplier | H3: T₀ Drawing Release | I3: Plan Due Date | J3: Plan Submitted Date | K3: Review Result | L3: Parts Ready (Plan) | M3: Parts Ready (Actual) | N3: Test Start (Plan) | O3: Test Start (Actual) | P3: Test Complete (Plan) | Q3: Test Complete (Actual) | R3: Report Due Date | S3: Report Submitted Date | T3: Override | U3: Status | V3: Progress % | W3: Days to Deadline | X3: Risk Flag | Y3: Next Action
A4: 번호 | B4: 차종 | C4: 부품명 | D4: 파트구분 | E4: 스펙명 | F4: 시험유형 | G4: 협력사 | H4: T₀ 도면배포 | I4: 계획서기한 | J4: 계획서제출 | K4: 검토결과 | L4: 부품준비(계획) | M4: 부품준비(실적) | N4: 시험시작(계획) | O4: 시험시작(실적) | P4: 시험완료(계획) | Q4: 시험완료(실적) | R4: 성적서기한 | S4: 성적서제출 | T4: 오버라이드 | U4: 상태 | V4: 진행률% | W4: 잔여일 | X4: 리스크 | Y4: 다음조치
A5: 1 | B5: AE_PE | C5: Center Console Assy | D5: =IFERROR(VLOOKUP(C5,'Reference Data 기준데이터'!$E$8:$F$30,2,FALSE),"") | E5: VOC 방출 시험 | F5: =IFERROR(VLOOKUP(E5,'Reference Data 기준데이터'!$A$8:$F$30,2,FALSE),"") | G5: =IFERROR(VLOOKUP(B5&"_"&C5,'Reference Data 기준데이터'!$A$33:$B$51,2,FALSE),"") | H5: =IFERROR(VLOOKUP(B5,'Reference Data 기준데이터'!$A$2:$J$5,3,FALSE),"") | I5: =IFERROR(H5+VLOOKUP(B5,'Reference Data 기준데이터'!$A$2:$J$5,7,FALSE),"") | L5: =IFERROR(H5+VLOOKUP(B5,'Reference Data 기준데이터'!$A$2:$J$5,8,FALSE),"") | N5: =IFERROR(IF(ISNUMBER(SEARCH("Vehicle",F5)),MAX(H5+VLOOKUP(B5,'Reference Data 기준데이터'!$A$2:$J$5,9,FALSE),VLOOKUP(B5,'Reference Data 기준데이터'!$A$2:$J$5,4,FALSE)),H5+VLOOKUP(B5,'Reference Data 기준데이터'!$A$2:$J$5,9,FALSE)),"") | P5: =IFERROR(N5+VLOOKUP(E5,'Reference Data 기준데이터'!$A$8:$F$30,4,FALSE),"") | R5: =IFERROR(MIN(H5+VLOOKUP(B5,'Reference Data 기준데이터'!$A$2:$J$5,10,FALSE),VLOOKUP(B5,'Reference Data 기준데이터'!$A$2:$J$5,6,FALSE)),"") | U5: =IF(T5<>"",T5,IF(AND(S5<>"",Q5<>""),"11-결과등록완료",IF(AND(Q5<>"",S5=""),"10-시험완료",IF(AND(O5<>"",Q5=""),"09-시험준비중",IF(AND(M5<>"",O5=""),"08-단품준비완료",IF(K5="Approved","05-계획서승인",IF(K5="Revision Needed","04-검토중_조건불만족",IF(K5="Under Review","03-검토중_조건충족",IF(AND(J5<>"",K5=""),"02-계획서제출_미검토","01-계획서미제출"))))))))) | V5: =IFS(U5="01-계획서미제출",0,U5="02-계획서제출_미검토",0.05,U5="03-검토중_조건충족",0.1,U5="04-검토중_조건불만족",0.05,U5="05-계획서승인",0.2,U5="06-BIW생산중단",0.15,U5="07-생산완료_미인수",0.3,U5="08-단품준비완료",0.4,U5="09-시험준비중",0.55,U5="10-시험완료",0.85,U5="11-결과등록완료",1,U5="12-조건부승인검토",0.9,TRUE,0) | W5: =IF(S5<>"","-",IF(R5="","N/A",R5-TODAY())) | X5: =IF(U5="11-결과등록완료","DONE",IF(OR(U5="06-BIW생산중단",AND(U5="01-계획서미제출",I5<TODAY())),"CRITICAL",IF(OR(U5="04-검토중_조건불만족",U5="07-생산완료_미인수",U5="12-조건부승인검토"),"ACTION",IF(AND(ISNUMBER(W5),W5<=0),"OVERDUE",IF(AND(ISNUMBER(W5),W5<=14),"WARNING","ON TRACK"))))) | Y5: =IF(U5="11-결과등록완료","— 완료",IF(U5="01-계획서미제출",IF(I5<TODAY(),"계획서 제출 독촉 (OVERDUE)","계획서 제출 대기"),IF(U5="02-계획서제출_미검토","설계자: 계획서 검토 착수",IF(U5="03-검토중_조건충족","설계자: 승인 처리",IF(U5="04-검토중_조건불만족","보완 요청 → 협력사 재제출 독촉",IF(U5="05-계획서승인","시험편 준비 현황 확인",IF(U5="06-BIW생산중단","BIW 생산팀 확인 → 일정 재수립",IF(U5="07-생산완료_미인수","협력사 인수 독촉",IF(U5="08-단품준비완료","시험 일정 확인",IF(U5="09-시험준비중","시험 진행 모니터링",IF(U5="10-시험완료","결과 보고서 전산 등록 독촉",IF(U5="12-조건부승인검토","조건부 승인 여부 판단 → 관련부서 협의","—"))))))))))))
A6: 2 | B6: AE_PE | C6: Center Console Assy | D6: =IFERROR(VLOOKUP(C6,'Reference Data 기준데이터'!$E$8:$F$30,2,FALSE),"") | E6: 내열 시험 | F6: =IFERROR(VLOOKUP(E6,'Reference Data 기준데이터'!$A$8:$F$30,2,FALSE),"") | G6: =IFERROR(VLOOKUP(B6&"_"&C6,'Reference Data 기준데이터'!$A$33:$B$51,2,FALSE),"") | H6: =IFERROR(VLOOKUP(B6,'Reference Data 기준데이터'!$A$2:$J$5,3,FALSE),"") | I6: =IFERROR(H6+VLOOKUP(B6,'Reference Data 기준데이터'!$A$2:$J$5,7,FALSE),"") | J6: 46049 | K6: Approved | L6: =IFERROR(H6+VLOOKUP(B6,'Reference Data 기준데이터'!$A$2:$J$5,8,FALSE),"") | N6: =IFERROR(IF(ISNUMBER(SEARCH("Vehicle",F6)),MAX(H6+VLOOKUP(B6,'Reference Data 기준데이터'!$A$2:$J$5,9,FALSE),VLOOKUP(B6,'Reference Data 기준데이터'!$A$2:$J$5,4,FALSE)),H6+VLOOKUP(B6,'Reference Data 기준데이터'!$A$2:$J$5,9,FALSE)),"") | P6: =IFERROR(N6+VLOOKUP(E6,'Reference Data 기준데이터'!$A$8:$F$30,4,FALSE),"") | R6: =IFERROR(MIN(H6+VLOOKUP(B6,'Reference Data 기준데이터'!$A$2:$J$5,10,FALSE),VLOOKUP(B6,'Reference Data 기준데이터'!$A$2:$J$5,6,FALSE)),"") | U6: =IF(T6<>"",T6,IF(AND(S6<>"",Q6<>""),"11-결과등록완료",IF(AND(Q6<>"",S6=""),"10-시험완료",IF(AND(O6<>"",Q6=""),"09-시험준비중",IF(AND(M6<>"",O6=""),"08-단품준비완료",IF(K6="Approved","05-계획서승인",IF(K6="Revision Needed","04-검토중_조건불만족",IF(K6="Under Review","03-검토중_조건충족",IF(AND(J6<>"",K6=""),"02-계획서제출_미검토","01-계획서미제출"))))))))) | V6: =IFS(U6="01-계획서미제출",0,U6="02-계획서제출_미검토",0.05,U6="03-검토중_조건충족",0.1,U6="04-검토중_조건불만족",0.05,U6="05-계획서승인",0.2,U6="06-BIW생산중단",0.15,U6="07-생산완료_미인수",0.3,U6="08-단품준비완료",0.4,U6="09-시험준비중",0.55,U6="10-시험완료",0.85,U6="11-결과등록완료",1,U6="12-조건부승인검토",0.9,TRUE,0) | W6: =IF(S6<>"","-",IF(R6="","N/A",R6-TODAY())) | X6: =IF(U6="11-결과등록완료","DONE",IF(OR(U6="06-BIW생산중단",AND(U6="01-계획서미제출",I6<TODAY())),"CRITICAL",IF(OR(U6="04-검토중_조건불만족",U6="07-생산완료_미인수",U6="12-조건부승인검토"),"ACTION",IF(AND(ISNUMBER(W6),W6<=0),"OVERDUE",IF(AND(ISNUMBER(W6),W6<=14),"WARNING","ON TRACK"))))) | Y6: =IF(U6="11-결과등록완료","— 완료",IF(U6="01-계획서미제출",IF(I6<TODAY(),"계획서 제출 독촉 (OVERDUE)","계획서 제출 대기"),IF(U6="02-계획서제출_미검토","설계자: 계획서 검토 착수",IF(U6="03-검토중_조건충족","설계자: 승인 처리",IF(U6="04-검토중_조건불만족","보완 요청 → 협력사 재제출 독촉",IF(U6="05-계획서승인","시험편 준비 현황 확인",IF(U6="06-BIW생산중단","BIW 생산팀 확인 → 일정 재수립",IF(U6="07-생산완료_미인수","협력사 인수 독촉",IF(U6="08-단품준비완료","시험 일정 확인",IF(U6="09-시험준비중","시험 진행 모니터링",IF(U6="10-시험완료","결과 보고서 전산 등록 독촉",IF(U6="12-조건부승인검토","조건부 승인 여부 판단 → 관련부서 협의","—"))))))))))))
A7: 3 | B7: AE_PE | C7: Center Console Assy | D7: =IFERROR(VLOOKUP(C7,'Reference Data 기준데이터'!$E$8:$F$30,2,FALSE),"") | E7: 마모 시험 | F7: =IFERROR(VLOOKUP(E7,'Reference Data 기준데이터'!$A$8:$F$30,2,FALSE),"") | G7: =IFERROR(VLOOKUP(B7&"_"&C7,'Reference Data 기준데이터'!$A$33:$B$51,2,FALSE),"") | H7: =IFERROR(VLOOKUP(B7,'Reference Data 기준데이터'!$A$2:$J$5,3,FALSE),"") | I7: =IFERROR(H7+VLOOKUP(B7,'Reference Data 기준데이터'!$A$2:$J$5,7,FALSE),"") | J7: 46050 | K7: Approved | L7: =IFERROR(H7+VLOOKUP(B7,'Reference Data 기준데이터'!$A$2:$J$5,8,FALSE),"") | M7: 46085 | N7: =IFERROR(IF(ISNUMBER(SEARCH("Vehicle",F7)),MAX(H7+VLOOKUP(B7,'Reference Data 기준데이터'!$A$2:$J$5,9,FALSE),VLOOKUP(B7,'Reference Data 기준데이터'!$A$2:$J$5,4,FALSE)),H7+VLOOKUP(B7,'Reference Data 기준데이터'!$A$2:$J$5,9,FALSE)),"") | O7: 46102 | P7: =IFERROR(N7+VLOOKUP(E7,'Reference Data 기준데이터'!$A$8:$F$30,4,FALSE),"") | R7: =IFERROR(MIN(H7+VLOOKUP(B7,'Reference Data 기준데이터'!$A$2:$J$5,10,FALSE),VLOOKUP(B7,'Reference Data 기준데이터'!$A$2:$J$5,6,FALSE)),"") | U7: =IF(T7<>"",T7,IF(AND(S7<>"",Q7<>""),"11-결과등록완료",IF(AND(Q7<>"",S7=""),"10-시험완료",IF(AND(O7<>"",Q7=""),"09-시험준비중",IF(AND(M7<>"",O7=""),"08-단품준비완료",IF(K7="Approved","05-계획서승인",IF(K7="Revision Needed","04-검토중_조건불만족",IF(K7="Under Review","03-검토중_조건충족",IF(AND(J7<>"",K7=""),"02-계획서제출_미검토","01-계획서미제출"))))))))) | V7: =IFS(U7="01-계획서미제출",0,U7="02-계획서제출_미검토",0.05,U7="03-검토중_조건충족",0.1,U7="04-검토중_조건불만족",0.05,U7="05-계획서승인",0.2,U7="06-BIW생산중단",0.15,U7="07-생산완료_미인수",0.3,U7="08-단품준비완료",0.4,U7="09-시험준비중",0.55,U7="10-시험완료",0.85,U7="11-결과등록완료",1,U7="12-조건부승인검토",0.9,TRUE,0) | W7: =IF(S7<>"","-",IF(R7="","N/A",R7-TODAY())) | X7: =IF(U7="11-결과등록완료","DONE",IF(OR(U7="06-BIW생산중단",AND(U7="01-계획서미제출",I7<TODAY())),"CRITICAL",IF(OR(U7="04-검토중_조건불만족",U7="07-생산완료_미인수",U7="12-조건부승인검토"),"ACTION",IF(AND(ISNUMBER(W7),W7<=0),"OVERDUE",IF(AND(ISNUMBER(W7),W7<=14),"WARNING","ON TRACK"))))) | Y7: =IF(U7="11-결과등록완료","— 완료",IF(U7="01-계획서미제출",IF(I7<TODAY(),"계획서 제출 독촉 (OVERDUE)","계획서 제출 대기"),IF(U7="02-계획서제출_미검토","설계자: 계획서 검토 착수",IF(U7="03-검토중_조건충족","설계자: 승인 처리",IF(U7="04-검토중_조건불만족","보완 요청 → 협력사 재제출 독촉",IF(U7="05-계획서승인","시험편 준비 현황 확인",IF(U7="06-BIW생산중단","BIW 생산팀 확인 → 일정 재수립",IF(U7="07-생산완료_미인수","협력사 인수 독촉",IF(U7="08-단품준비완료","시험 일정 확인",IF(U7="09-시험준비중","시험 진행 모니터링",IF(U7="10-시험완료","결과 보고서 전산 등록 독촉",IF(U7="12-조건부승인검토","조건부 승인 여부 판단 → 관련부서 협의","—"))))))))))))
A8: 4 | B8: AE_PE | C8: Center Console Assy | D8: =IFERROR(VLOOKUP(C8,'Reference Data 기준데이터'!$E$8:$F$30,2,FALSE),"") | E8: 치수 검사 | F8: =IFERROR(VLOOKUP(E8,'Reference Data 기준데이터'!$A$8:$F$30,2,FALSE),"") | G8: =IFERROR(VLOOKUP(B8&"_"&C8,'Reference Data 기준데이터'!$A$33:$B$51,2,FALSE),"") | H8: =IFERROR(VLOOKUP(B8,'Reference Data 기준데이터'!$A$2:$J$5,3,FALSE),"") | I8: =IFERROR(H8+VLOOKUP(B8,'Reference Data 기준데이터'!$A$2:$J$5,7,FALSE),"") | J8: 46051 | K8: Approved | L8: =IFERROR(H8+VLOOKUP(B8,'Reference Data 기준데이터'!$A$2:$J$5,8,FALSE),"") | M8: 46086 | N8: =IFERROR(IF(ISNUMBER(SEARCH("Vehicle",F8)),MAX(H8+VLOOKUP(B8,'Reference Data 기준데이터'!$A$2:$J$5,9,FALSE),VLOOKUP(B8,'Reference Data 기준데이터'!$A$2:$J$5,4,FALSE)),H8+VLOOKUP(B8,'Reference Data 기준데이터'!$A$2:$J$5,9,FALSE)),"") | O8: 46103 | P8: =IFERROR(N8+VLOOKUP(E8,'Reference Data 기준데이터'!$A$8:$F$30,4,FALSE),"") | Q8: 46126 | R8: =IFERROR(MIN(H8+VLOOKUP(B8,'Reference Data 기준데이터'!$A$2:$J$5,10,FALSE),VLOOKUP(B8,'Reference Data 기준데이터'!$A$2:$J$5,6,FALSE)),"") | S8: 46130 | U8: =IF(T8<>"",T8,IF(AND(S8<>"",Q8<>""),"11-결과등록완료",IF(AND(Q8<>"",S8=""),"10-시험완료",IF(AND(O8<>"",Q8=""),"09-시험준비중",IF(AND(M8<>"",O8=""),"08-단품준비완료",IF(K8="Approved","05-계획서승인",IF(K8="Revision Needed","04-검토중_조건불만족",IF(K8="Under Review","03-검토중_조건충족",IF(AND(J8<>"",K8=""),"02-계획서제출_미검토","01-계획서미제출"))))))))) | V8: =IFS(U8="01-계획서미제출",0,U8="02-계획서제출_미검토",0.05,U8="03-검토중_조건충족",0.1,U8="04-검토중_조건불만족",0.05,U8="05-계획서승인",0.2,U8="06-BIW생산중단",0.15,U8="07-생산완료_미인수",0.3,U8="08-단품준비완료",0.4,U8="09-시험준비중",0.55,U8="10-시험완료",0.85,U8="11-결과등록완료",1,U8="12-조건부승인검토",0.9,TRUE,0) | W8: =IF(S8<>"","-",IF(R8="","N/A",R8-TODAY())) | X8: =IF(U8="11-결과등록완료","DONE",IF(OR(U8="06-BIW생산중단",AND(U8="01-계획서미제출",I8<TODAY())),"CRITICAL",IF(OR(U8="04-검토중_조건불만족",U8="07-생산완료_미인수",U8="12-조건부승인검토"),"ACTION",IF(AND(ISNUMBER(W8),W8<=0),"OVERDUE",IF(AND(ISNUMBER(W8),W8<=14),"WARNING","ON TRACK"))))) | Y8: =IF(U8="11-결과등록완료","— 완료",IF(U8="01-계획서미제출",IF(I8<TODAY(),"계획서 제출 독촉 (OVERDUE)","계획서 제출 대기"),IF(U8="02-계획서제출_미검토","설계자: 계획서 검토 착수",IF(U8="03-검토중_조건충족","설계자: 승인 처리",IF(U8="04-검토중_조건불만족","보완 요청 → 협력사 재제출 독촉",IF(U8="05-계획서승인","시험편 준비 현황 확인",IF(U8="06-BIW생산중단","BIW 생산팀 확인 → 일정 재수립",IF(U8="07-생산완료_미인수","협력사 인수 독촉",IF(U8="08-단품준비완료","시험 일정 확인",IF(U8="09-시험준비중","시험 진행 모니터링",IF(U8="10-시험완료","결과 보고서 전산 등록 독촉",IF(U8="12-조건부승인검토","조건부 승인 여부 판단 → 관련부서 협의","—"))))))))))))
A9: 5 | B9: AE_PE | C9: Console Lid Assy | D9: =IFERROR(VLOOKUP(C9,'Reference Data 기준데이터'!$E$8:$F$30,2,FALSE),"") | E9: VOC 방출 시험 | F9: =IFERROR(VLOOKUP(E9,'Reference Data 기준데이터'!$A$8:$F$30,2,FALSE),"") | G9: =IFERROR(VLOOKUP(B9&"_"&C9,'Reference Data 기준데이터'!$A$33:$B$51,2,FALSE),"") | H9: =IFERROR(VLOOKUP(B9,'Reference Data 기준데이터'!$A$2:$J$5,3,FALSE),"") | I9: =IFERROR(H9+VLOOKUP(B9,'Reference Data 기준데이터'!$A$2:$J$5,7,FALSE),"") | J9: 46047 | L9: =IFERROR(H9+VLOOKUP(B9,'Reference Data 기준데이터'!$A$2:$J$5,8,FALSE),"") | N9: =IFERROR(IF(ISNUMBER(SEARCH("Vehicle",F9)),MAX(H9+VLOOKUP(B9,'Reference Data 기준데이터'!$A$2:$J$5,9,FALSE),VLOOKUP(B9,'Reference Data 기준데이터'!$A$2:$J$5,4,FALSE)),H9+VLOOKUP(B9,'Reference Data 기준데이터'!$A$2:$J$5,9,FALSE)),"") | P9: =IFERROR(N9+VLOOKUP(E9,'Reference Data 기준데이터'!$A$8:$F$30,4,FALSE),"") | R9: =IFERROR(MIN(H9+VLOOKUP(B9,'Reference Data 기준데이터'!$A$2:$J$5,10,FALSE),VLOOKUP(B9,'Reference Data 기준데이터'!$A$2:$J$5,6,FALSE)),"") | U9: =IF(T9<>"",T9,IF(AND(S9<>"",Q9<>""),"11-결과등록완료",IF(AND(Q9<>"",S9=""),"10-시험완료",IF(AND(O9<>"",Q9=""),"09-시험준비중",IF(AND(M9<>"",O9=""),"08-단품준비완료",IF(K9="Approved","05-계획서승인",IF(K9="Revision Needed","04-검토중_조건불만족",IF(K9="Under Review","03-검토중_조건충족",IF(AND(J9<>"",K9=""),"02-계획서제출_미검토","01-계획서미제출"))))))))) | V9: =IFS(U9="01-계획서미제출",0,U9="02-계획서제출_미검토",0.05,U9="03-검토중_조건충족",0.1,U9="04-검토중_조건불만족",0.05,U9="05-계획서승인",0.2,U9="06-BIW생산중단",0.15,U9="07-생산완료_미인수",0.3,U9="08-단품준비완료",0.4,U9="09-시험준비중",0.55,U9="10-시험완료",0.85,U9="11-결과등록완료",1,U9="12-조건부승인검토",0.9,TRUE,0) | W9: =IF(S9<>"","-",IF(R9="","N/A",R9-TODAY())) | X9: =IF(U9="11-결과등록완료","DONE",IF(OR(U9="06-BIW생산중단",AND(U9="01-계획서미제출",I9<TODAY())),"CRITICAL",IF(OR(U9="04-검토중_조건불만족",U9="07-생산완료_미인수",U9="12-조건부승인검토"),"ACTION",IF(AND(ISNUMBER(W9),W9<=0),"OVERDUE",IF(AND(ISNUMBER(W9),W9<=14),"WARNING","ON TRACK"))))) | Y9: =IF(U9="11-결과등록완료","— 완료",IF(U9="01-계획서미제출",IF(I9<TODAY(),"계획서 제출 독촉 (OVERDUE)","계획서 제출 대기"),IF(U9="02-계획서제출_미검토","설계자: 계획서 검토 착수",IF(U9="03-검토중_조건충족","설계자: 승인 처리",IF(U9="04-검토중_조건불만족","보완 요청 → 협력사 재제출 독촉",IF(U9="05-계획서승인","시험편 준비 현황 확인",IF(U9="06-BIW생산중단","BIW 생산팀 확인 → 일정 재수립",IF(U9="07-생산완료_미인수","협력사 인수 독촉",IF(U9="08-단품준비완료","시험 일정 확인",IF(U9="09-시험준비중","시험 진행 모니터링",IF(U9="10-시험완료","결과 보고서 전산 등록 독촉",IF(U9="12-조건부승인검토","조건부 승인 여부 판단 → 관련부서 협의","—"))))))))))))
A10: 6 | B10: AE_PE | C10: Console Lid Assy | D10: =IFERROR(VLOOKUP(C10,'Reference Data 기준데이터'!$E$8:$F$30,2,FALSE),"") | E10: 힌지 내구 시험 | F10: =IFERROR(VLOOKUP(E10,'Reference Data 기준데이터'!$A$8:$F$30,2,FALSE),"") | G10: =IFERROR(VLOOKUP(B10&"_"&C10,'Reference Data 기준데이터'!$A$33:$B$51,2,FALSE),"") | H10: =IFERROR(VLOOKUP(B10,'Reference Data 기준데이터'!$A$2:$J$5,3,FALSE),"") | I10: =IFERROR(H10+VLOOKUP(B10,'Reference Data 기준데이터'!$A$2:$J$5,7,FALSE),"") | J10: 46048 | K10: Approved | L10: =IFERROR(H10+VLOOKUP(B10,'Reference Data 기준데이터'!$A$2:$J$5,8,FALSE),"") | M10: 46088 | N10: =IFERROR(IF(ISNUMBER(SEARCH("Vehicle",F10)),MAX(H10+VLOOKUP(B10,'Reference Data 기준데이터'!$A$2:$J$5,9,FALSE),VLOOKUP(B10,'Reference Data 기준데이터'!$A$2:$J$5,4,FALSE)),H10+VLOOKUP(B10,'Reference Data 기준데이터'!$A$2:$J$5,9,FALSE)),"") | P10: =IFERROR(N10+VLOOKUP(E10,'Reference Data 기준데이터'!$A$8:$F$30,4,FALSE),"") | R10: =IFERROR(MIN(H10+VLOOKUP(B10,'Reference Data 기준데이터'!$A$2:$J$5,10,FALSE),VLOOKUP(B10,'Reference Data 기준데이터'!$A$2:$J$5,6,FALSE)),"") | U10: =IF(T10<>"",T10,IF(AND(S10<>"",Q10<>""),"11-결과등록완료",IF(AND(Q10<>"",S10=""),"10-시험완료",IF(AND(O10<>"",Q10=""),"09-시험준비중",IF(AND(M10<>"",O10=""),"08-단품준비완료",IF(K10="Approved","05-계획서승인",IF(K10="Revision Needed","04-검토중_조건불만족",IF(K10="Under Review","03-검토중_조건충족",IF(AND(J10<>"",K10=""),"02-계획서제출_미검토","01-계획서미제출"))))))))) | V10: =IFS(U10="01-계획서미제출",0,U10="02-계획서제출_미검토",0.05,U10="03-검토중_조건충족",0.1,U10="04-검토중_조건불만족",0.05,U10="05-계획서승인",0.2,U10="06-BIW생산중단",0.15,U10="07-생산완료_미인수",0.3,U10="08-단품준비완료",0.4,U10="09-시험준비중",0.55,U10="10-시험완료",0.85,U10="11-결과등록완료",1,U10="12-조건부승인검토",0.9,TRUE,0) | W10: =IF(S10<>"","-",IF(R10="","N/A",R10-TODAY())) | X10: =IF(U10="11-결과등록완료","DONE",IF(OR(U10="06-BIW생산중단",AND(U10="01-계획서미제출",I10<TODAY())),"CRITICAL",IF(OR(U10="04-검토중_조건불만족",U10="07-생산완료_미인수",U10="12-조건부승인검토"),"ACTION",IF(AND(ISNUMBER(W10),W10<=0),"OVERDUE",IF(AND(ISNUMBER(W10),W10<=14),"WARNING","ON TRACK"))))) | Y10: =IF(U10="11-결과등록완료","— 완료",IF(U10="01-계획서미제출",IF(I10<TODAY(),"계획서 제출 독촉 (OVERDUE)","계획서 제출 대기"),IF(U10="02-계획서제출_미검토","설계자: 계획서 검토 착수",IF(U10="03-검토중_조건충족","설계자: 승인 처리",IF(U10="04-검토중_조건불만족","보완 요청 → 협력사 재제출 독촉",IF(U10="05-계획서승인","시험편 준비 현황 확인",IF(U10="06-BIW생산중단","BIW 생산팀 확인 → 일정 재수립",IF(U10="07-생산완료_미인수","협력사 인수 독촉",IF(U10="08-단품준비완료","시험 일정 확인",IF(U10="09-시험준비중","시험 진행 모니터링",IF(U10="10-시험완료","결과 보고서 전산 등록 독촉",IF(U10="12-조건부승인검토","조건부 승인 여부 판단 → 관련부서 협의","—"))))))))))))
A11: 7 | B11: AE_PE | C11: Console Lid Assy | D11: =IFERROR(VLOOKUP(C11,'Reference Data 기준데이터'!$E$8:$F$30,2,FALSE),"") | E11: 외관 검사 | F11: =IFERROR(VLOOKUP(E11,'Reference Data 기준데이터'!$A$8:$F$30,2,FALSE),"") | G11: =IFERROR(VLOOKUP(B11&"_"&C11,'Reference Data 기준데이터'!$A$33:$B$51,2,FALSE),"") | H11: =IFERROR(VLOOKUP(B11,'Reference Data 기준데이터'!$A$2:$J$5,3,FALSE),"") | I11: =IFERROR(H11+VLOOKUP(B11,'Reference Data 기준데이터'!$A$2:$J$5,7,FALSE),"") | J11: 46049 | K11: Approved | L11: =IFERROR(H11+VLOOKUP(B11,'Reference Data 기준데이터'!$A$2:$J$5,8,FALSE),"") | M11: 46089 | N11: =IFERROR(IF(ISNUMBER(SEARCH("Vehicle",F11)),MAX(H11+VLOOKUP(B11,'Reference Data 기준데이터'!$A$2:$J$5,9,FALSE),VLOOKUP(B11,'Reference Data 기준데이터'!$A$2:$J$5,4,FALSE)),H11+VLOOKUP(B11,'Reference Data 기준데이터'!$A$2:$J$5,9,FALSE)),"") | O11: 46100 | P11: =IFERROR(N11+VLOOKUP(E11,'Reference Data 기준데이터'!$A$8:$F$30,4,FALSE),"") | Q11: 46122 | R11: =IFERROR(MIN(H11+VLOOKUP(B11,'Reference Data 기준데이터'!$A$2:$J$5,10,FALSE),VLOOKUP(B11,'Reference Data 기준데이터'!$A$2:$J$5,6,FALSE)),"") | S11: 46133 | U11: =IF(T11<>"",T11,IF(AND(S11<>"",Q11<>""),"11-결과등록완료",IF(AND(Q11<>"",S11=""),"10-시험완료",IF(AND(O11<>"",Q11=""),"09-시험준비중",IF(AND(M11<>"",O11=""),"08-단품준비완료",IF(K11="Approved","05-계획서승인",IF(K11="Revision Needed","04-검토중_조건불만족",IF(K11="Under Review","03-검토중_조건충족",IF(AND(J11<>"",K11=""),"02-계획서제출_미검토","01-계획서미제출"))))))))) | V11: =IFS(U11="01-계획서미제출",0,U11="02-계획서제출_미검토",0.05,U11="03-검토중_조건충족",0.1,U11="04-검토중_조건불만족",0.05,U11="05-계획서승인",0.2,U11="06-BIW생산중단",0.15,U11="07-생산완료_미인수",0.3,U11="08-단품준비완료",0.4,U11="09-시험준비중",0.55,U11="10-시험완료",0.85,U11="11-결과등록완료",1,U11="12-조건부승인검토",0.9,TRUE,0) | W11: =IF(S11<>"","-",IF(R11="","N/A",R11-TODAY())) | X11: =IF(U11="11-결과등록완료","DONE",IF(OR(U11="06-BIW생산중단",AND(U11="01-계획서미제출",I11<TODAY())),"CRITICAL",IF(OR(U11="04-검토중_조건불만족",U11="07-생산완료_미인수",U11="12-조건부승인검토"),"ACTION",IF(AND(ISNUMBER(W11),W11<=0),"OVERDUE",IF(AND(ISNUMBER(W11),W11<=14),"WARNING","ON TRACK"))))) | Y11: =IF(U11="11-결과등록완료","— 완료",IF(U11="01-계획서미제출",IF(I11<TODAY(),"계획서 제출 독촉 (OVERDUE)","계획서 제출 대기"),IF(U11="02-계획서제출_미검토","설계자: 계획서 검토 착수",IF(U11="03-검토중_조건충족","설계자: 승인 처리",IF(U11="04-검토중_조건불만족","보완 요청 → 협력사 재제출 독촉",IF(U11="05-계획서승인","시험편 준비 현황 확인",IF(U11="06-BIW생산중단","BIW 생산팀 확인 → 일정 재수립",IF(U11="07-생산완료_미인수","협력사 인수 독촉",IF(U11="08-단품준비완료","시험 일정 확인",IF(U11="09-시험준비중","시험 진행 모니터링",IF(U11="10-시험완료","결과 보고서 전산 등록 독촉",IF(U11="12-조건부승인검토","조건부 승인 여부 판단 → 관련부서 협의","—"))))))))))))
A12: 8 | B12: AE_PE | C12: Door Trim LH | D12: =IFERROR(VLOOKUP(C12,'Reference Data 기준데이터'!$E$8:$F$30,2,FALSE),"") | E12: VOC 방출 시험 | F12: =IFERROR(VLOOKUP(E12,'Reference Data 기준데이터'!$A$8:$F$30,2,FALSE),"") | G12: =IFERROR(VLOOKUP(B12&"_"&C12,'Reference Data 기준데이터'!$A$33:$B$51,2,FALSE),"") | H12: =IFERROR(VLOOKUP(B12,'Reference Data 기준데이터'!$A$2:$J$5,3,FALSE),"") | I12: =IFERROR(H12+VLOOKUP(B12,'Reference Data 기준데이터'!$A$2:$J$5,7,FALSE),"") | J12: 46050 | K12: Under Review | L12: =IFERROR(H12+VLOOKUP(B12,'Reference Data 기준데이터'!$A$2:$J$5,8,FALSE),"") | N12: =IFERROR(IF(ISNUMBER(SEARCH("Vehicle",F12)),MAX(H12+VLOOKUP(B12,'Reference Data 기준데이터'!$A$2:$J$5,9,FALSE),VLOOKUP(B12,'Reference Data 기준데이터'!$A$2:$J$5,4,FALSE)),H12+VLOOKUP(B12,'Reference Data 기준데이터'!$A$2:$J$5,9,FALSE)),"") | P12: =IFERROR(N12+VLOOKUP(E12,'Reference Data 기준데이터'!$A$8:$F$30,4,FALSE),"") | R12: =IFERROR(MIN(H12+VLOOKUP(B12,'Reference Data 기준데이터'!$A$2:$J$5,10,FALSE),VLOOKUP(B12,'Reference Data 기준데이터'!$A$2:$J$5,6,FALSE)),"") | U12: =IF(T12<>"",T12,IF(AND(S12<>"",Q12<>""),"11-결과등록완료",IF(AND(Q12<>"",S12=""),"10-시험완료",IF(AND(O12<>"",Q12=""),"09-시험준비중",IF(AND(M12<>"",O12=""),"08-단품준비완료",IF(K12="Approved","05-계획서승인",IF(K12="Revision Needed","04-검토중_조건불만족",IF(K12="Under Review","03-검토중_조건충족",IF(AND(J12<>"",K12=""),"02-계획서제출_미검토","01-계획서미제출"))))))))) | V12: =IFS(U12="01-계획서미제출",0,U12="02-계획서제출_미검토",0.05,U12="03-검토중_조건충족",0.1,U12="04-검토중_조건불만족",0.05,U12="05-계획서승인",0.2,U12="06-BIW생산중단",0.15,U12="07-생산완료_미인수",0.3,U12="08-단품준비완료",0.4,U12="09-시험준비중",0.55,U12="10-시험완료",0.85,U12="11-결과등록완료",1,U12="12-조건부승인검토",0.9,TRUE,0) | W12: =IF(S12<>"","-",IF(R12="","N/A",R12-TODAY())) | X12: =IF(U12="11-결과등록완료","DONE",IF(OR(U12="06-BIW생산중단",AND(U12="01-계획서미제출",I12<TODAY())),"CRITICAL",IF(OR(U12="04-검토중_조건불만족",U12="07-생산완료_미인수",U12="12-조건부승인검토"),"ACTION",IF(AND(ISNUMBER(W12),W12<=0),"OVERDUE",IF(AND(ISNUMBER(W12),W12<=14),"WARNING","ON TRACK"))))) | Y12: =IF(U12="11-결과등록완료","— 완료",IF(U12="01-계획서미제출",IF(I12<TODAY(),"계획서 제출 독촉 (OVERDUE)","계획서 제출 대기"),IF(U12="02-계획서제출_미검토","설계자: 계획서 검토 착수",IF(U12="03-검토중_조건충족","설계자: 승인 처리",IF(U12="04-검토중_조건불만족","보완 요청 → 협력사 재제출 독촉",IF(U12="05-계획서승인","시험편 준비 현황 확인",IF(U12="06-BIW생산중단","BIW 생산팀 확인 → 일정 재수립",IF(U12="07-생산완료_미인수","협력사 인수 독촉",IF(U12="08-단품준비완료","시험 일정 확인",IF(U12="09-시험준비중","시험 진행 모니터링",IF(U12="10-시험완료","결과 보고서 전산 등록 독촉",IF(U12="12-조건부승인검토","조건부 승인 여부 판단 → 관련부서 협의","—"))))))))))))
A13: 9 | B13: AE_PE | C13: Door Trim LH | D13: =IFERROR(VLOOKUP(C13,'Reference Data 기준데이터'!$E$8:$F$30,2,FALSE),"") | E13: 내후성 시험 | F13: =IFERROR(VLOOKUP(E13,'Reference Data 기준데이터'!$A$8:$F$30,2,FALSE),"") | G13: =IFERROR(VLOOKUP(B13&"_"&C13,'Reference Data 기준데이터'!$A$33:$B$51,2,FALSE),"") | H13: =IFERROR(VLOOKUP(B13,'Reference Data 기준데이터'!$A$2:$J$5,3,FALSE),"") | I13: =IFERROR(H13+VLOOKUP(B13,'Reference Data 기준데이터'!$A$2:$J$5,7,FALSE),"") | J13: 46051 | K13: Approved | L13: =IFERROR(H13+VLOOKUP(B13,'Reference Data 기준데이터'!$A$2:$J$5,8,FALSE),"") | M13: 46083 | N13: =IFERROR(IF(ISNUMBER(SEARCH("Vehicle",F13)),MAX(H13+VLOOKUP(B13,'Reference Data 기준데이터'!$A$2:$J$5,9,FALSE),VLOOKUP(B13,'Reference Data 기준데이터'!$A$2:$J$5,4,FALSE)),H13+VLOOKUP(B13,'Reference Data 기준데이터'!$A$2:$J$5,9,FALSE)),"") | O13: 46102 | P13: =IFERROR(N13+VLOOKUP(E13,'Reference Data 기준데이터'!$A$8:$F$30,4,FALSE),"") | Q13: 46124 | R13: =IFERROR(MIN(H13+VLOOKUP(B13,'Reference Data 기준데이터'!$A$2:$J$5,10,FALSE),VLOOKUP(B13,'Reference Data 기준데이터'!$A$2:$J$5,6,FALSE)),"") | U13: =IF(T13<>"",T13,IF(AND(S13<>"",Q13<>""),"11-결과등록완료",IF(AND(Q13<>"",S13=""),"10-시험완료",IF(AND(O13<>"",Q13=""),"09-시험준비중",IF(AND(M13<>"",O13=""),"08-단품준비완료",IF(K13="Approved","05-계획서승인",IF(K13="Revision Needed","04-검토중_조건불만족",IF(K13="Under Review","03-검토중_조건충족",IF(AND(J13<>"",K13=""),"02-계획서제출_미검토","01-계획서미제출"))))))))) | V13: =IFS(U13="01-계획서미제출",0,U13="02-계획서제출_미검토",0.05,U13="03-검토중_조건충족",0.1,U13="04-검토중_조건불만족",0.05,U13="05-계획서승인",0.2,U13="06-BIW생산중단",0.15,U13="07-생산완료_미인수",0.3,U13="08-단품준비완료",0.4,U13="09-시험준비중",0.55,U13="10-시험완료",0.85,U13="11-결과등록완료",1,U13="12-조건부승인검토",0.9,TRUE,0) | W13: =IF(S13<>"","-",IF(R13="","N/A",R13-TODAY())) | X13: =IF(U13="11-결과등록완료","DONE",IF(OR(U13="06-BIW생산중단",AND(U13="01-계획서미제출",I13<TODAY())),"CRITICAL",IF(OR(U13="04-검토중_조건불만족",U13="07-생산완료_미인수",U13="12-조건부승인검토"),"ACTION",IF(AND(ISNUMBER(W13),W13<=0),"OVERDUE",IF(AND(ISNUMBER(W13),W13<=14),"WARNING","ON TRACK"))))) | Y13: =IF(U13="11-결과등록완료","— 완료",IF(U13="01-계획서미제출",IF(I13<TODAY(),"계획서 제출 독촉 (OVERDUE)","계획서 제출 대기"),IF(U13="02-계획서제출_미검토","설계자: 계획서 검토 착수",IF(U13="03-검토중_조건충족","설계자: 승인 처리",IF(U13="04-검토중_조건불만족","보완 요청 → 협력사 재제출 독촉",IF(U13="05-계획서승인","시험편 준비 현황 확인",IF(U13="06-BIW생산중단","BIW 생산팀 확인 → 일정 재수립",IF(U13="07-생산완료_미인수","협력사 인수 독촉",IF(U13="08-단품준비완료","시험 일정 확인",IF(U13="09-시험준비중","시험 진행 모니터링",IF(U13="10-시험완료","결과 보고서 전산 등록 독촉",IF(U13="12-조건부승인검토","조건부 승인 여부 판단 → 관련부서 협의","—"))))))))))))
A14: 10 | B14: AE_PE | C14: Door Trim LH | D14: =IFERROR(VLOOKUP(C14,'Reference Data 기준데이터'!$E$8:$F$30,2,FALSE),"") | E14: 연소성 시험 | F14: =IFERROR(VLOOKUP(E14,'Reference Data 기준데이터'!$A$8:$F$30,2,FALSE),"") | G14: =IFERROR(VLOOKUP(B14&"_"&C14,'Reference Data 기준데이터'!$A$33:$B$51,2,FALSE),"") | H14: =IFERROR(VLOOKUP(B14,'Reference Data 기준데이터'!$A$2:$J$5,3,FALSE),"") | I14: =IFERROR(H14+VLOOKUP(B14,'Reference Data 기준데이터'!$A$2:$J$5,7,FALSE),"") | J14: 46047 | K14: Approved | L14: =IFERROR(H14+VLOOKUP(B14,'Reference Data 기준데이터'!$A$2:$J$5,8,FALSE),"") | N14: =IFERROR(IF(ISNUMBER(SEARCH("Vehicle",F14)),MAX(H14+VLOOKUP(B14,'Reference Data 기준데이터'!$A$2:$J$5,9,FALSE),VLOOKUP(B14,'Reference Data 기준데이터'!$A$2:$J$5,4,FALSE)),H14+VLOOKUP(B14,'Reference Data 기준데이터'!$A$2:$J$5,9,FALSE)),"") | P14: =IFERROR(N14+VLOOKUP(E14,'Reference Data 기준데이터'!$A$8:$F$30,4,FALSE),"") | R14: =IFERROR(MIN(H14+VLOOKUP(B14,'Reference Data 기준데이터'!$A$2:$J$5,10,FALSE),VLOOKUP(B14,'Reference Data 기준데이터'!$A$2:$J$5,6,FALSE)),"") | T14: 06-BIW생산중단 | U14: =IF(T14<>"",T14,IF(AND(S14<>"",Q14<>""),"11-결과등록완료",IF(AND(Q14<>"",S14=""),"10-시험완료",IF(AND(O14<>"",Q14=""),"09-시험준비중",IF(AND(M14<>"",O14=""),"08-단품준비완료",IF(K14="Approved","05-계획서승인",IF(K14="Revision Needed","04-검토중_조건불만족",IF(K14="Under Review","03-검토중_조건충족",IF(AND(J14<>"",K14=""),"02-계획서제출_미검토","01-계획서미제출"))))))))) | V14: =IFS(U14="01-계획서미제출",0,U14="02-계획서제출_미검토",0.05,U14="03-검토중_조건충족",0.1,U14="04-검토중_조건불만족",0.05,U14="05-계획서승인",0.2,U14="06-BIW생산중단",0.15,U14="07-생산완료_미인수",0.3,U14="08-단품준비완료",0.4,U14="09-시험준비중",0.55,U14="10-시험완료",0.85,U14="11-결과등록완료",1,U14="12-조건부승인검토",0.9,TRUE,0) | W14: =IF(S14<>"","-",IF(R14="","N/A",R14-TODAY())) | X14: =IF(U14="11-결과등록완료","DONE",IF(OR(U14="06-BIW생산중단",AND(U14="01-계획서미제출",I14<TODAY())),"CRITICAL",IF(OR(U14="04-검토중_조건불만족",U14="07-생산완료_미인수",U14="12-조건부승인검토"),"ACTION",IF(AND(ISNUMBER(W14),W14<=0),"OVERDUE",IF(AND(ISNUMBER(W14),W14<=14),"WARNING","ON TRACK"))))) | Y14: =IF(U14="11-결과등록완료","— 완료",IF(U14="01-계획서미제출",IF(I14<TODAY(),"계획서 제출 독촉 (OVERDUE)","계획서 제출 대기"),IF(U14="02-계획서제출_미검토","설계자: 계획서 검토 착수",IF(U14="03-검토중_조건충족","설계자: 승인 처리",IF(U14="04-검토중_조건불만족","보완 요청 → 협력사 재제출 독촉",IF(U14="05-계획서승인","시험편 준비 현황 확인",IF(U14="06-BIW생산중단","BIW 생산팀 확인 → 일정 재수립",IF(U14="07-생산완료_미인수","협력사 인수 독촉",IF(U14="08-단품준비완료","시험 일정 확인",IF(U14="09-시험준비중","시험 진행 모니터링",IF(U14="10-시험완료","결과 보고서 전산 등록 독촉",IF(U14="12-조건부승인검토","조건부 승인 여부 판단 → 관련부서 협의","—"))))))))))))
A15: 11 | B15: AE_PE | C15: Door Trim LH | D15: =IFERROR(VLOOKUP(C15,'Reference Data 기준데이터'!$E$8:$F$30,2,FALSE),"") | E15: 외관 검사 | F15: =IFERROR(VLOOKUP(E15,'Reference Data 기준데이터'!$A$8:$F$30,2,FALSE),"") | G15: =IFERROR(VLOOKUP(B15&"_"&C15,'Reference Data 기준데이터'!$A$33:$B$51,2,FALSE),"") | H15: =IFERROR(VLOOKUP(B15,'Reference Data 기준데이터'!$A$2:$J$5,3,FALSE),"") | I15: =IFERROR(H15+VLOOKUP(B15,'Reference Data 기준데이터'!$A$2:$J$5,7,FALSE),"") | J15: 46048 | K15: Approved | L15: =IFERROR(H15+VLOOKUP(B15,'Reference Data 기준데이터'!$A$2:$J$5,8,FALSE),"") | M15: 46085 | N15: =IFERROR(IF(ISNUMBER(SEARCH("Vehicle",F15)),MAX(H15+VLOOKUP(B15,'Reference Data 기준데이터'!$A$2:$J$5,9,FALSE),VLOOKUP(B15,'Reference Data 기준데이터'!$A$2:$J$5,4,FALSE)),H15+VLOOKUP(B15,'Reference Data 기준데이터'!$A$2:$J$5,9,FALSE)),"") | O15: 46104 | P15: =IFERROR(N15+VLOOKUP(E15,'Reference Data 기준데이터'!$A$8:$F$30,4,FALSE),"") | Q15: 46126 | R15: =IFERROR(MIN(H15+VLOOKUP(B15,'Reference Data 기준데이터'!$A$2:$J$5,10,FALSE),VLOOKUP(B15,'Reference Data 기준데이터'!$A$2:$J$5,6,FALSE)),"") | S15: 46133 | U15: =IF(T15<>"",T15,IF(AND(S15<>"",Q15<>""),"11-결과등록완료",IF(AND(Q15<>"",S15=""),"10-시험완료",IF(AND(O15<>"",Q15=""),"09-시험준비중",IF(AND(M15<>"",O15=""),"08-단품준비완료",IF(K15="Approved","05-계획서승인",IF(K15="Revision Needed","04-검토중_조건불만족",IF(K15="Under Review","03-검토중_조건충족",IF(AND(J15<>"",K15=""),"02-계획서제출_미검토","01-계획서미제출"))))))))) | V15: =IFS(U15="01-계획서미제출",0,U15="02-계획서제출_미검토",0.05,U15="03-검토중_조건충족",0.1,U15="04-검토중_조건불만족",0.05,U15="05-계획서승인",0.2,U15="06-BIW생산중단",0.15,U15="07-생산완료_미인수",0.3,U15="08-단품준비완료",0.4,U15="09-시험준비중",0.55,U15="10-시험완료",0.85,U15="11-결과등록완료",1,U15="12-조건부승인검토",0.9,TRUE,0) | W15: =IF(S15<>"","-",IF(R15="","N/A",R15-TODAY())) | X15: =IF(U15="11-결과등록완료","DONE",IF(OR(U15="06-BIW생산중단",AND(U15="01-계획서미제출",I15<TODAY())),"CRITICAL",IF(OR(U15="04-검토중_조건불만족",U15="07-생산완료_미인수",U15="12-조건부승인검토"),"ACTION",IF(AND(ISNUMBER(W15),W15<=0),"OVERDUE",IF(AND(ISNUMBER(W15),W15<=14),"WARNING","ON TRACK"))))) | Y15: =IF(U15="11-결과등록완료","— 완료",IF(U15="01-계획서미제출",IF(I15<TODAY(),"계획서 제출 독촉 (OVERDUE)","계획서 제출 대기"),IF(U15="02-계획서제출_미검토","설계자: 계획서 검토 착수",IF(U15="03-검토중_조건충족","설계자: 승인 처리",IF(U15="04-검토중_조건불만족","보완 요청 → 협력사 재제출 독촉",IF(U15="05-계획서승인","시험편 준비 현황 확인",IF(U15="06-BIW생산중단","BIW 생산팀 확인 → 일정 재수립",IF(U15="07-생산완료_미인수","협력사 인수 독촉",IF(U15="08-단품준비완료","시험 일정 확인",IF(U15="09-시험준비중","시험 진행 모니터링",IF(U15="10-시험완료","결과 보고서 전산 등록 독촉",IF(U15="12-조건부승인검토","조건부 승인 여부 판단 → 관련부서 협의","—"))))))))))))
A16: 12 | B16: AE_PE | C16: Pillar Trim C | D16: =IFERROR(VLOOKUP(C16,'Reference Data 기준데이터'!$E$8:$F$30,2,FALSE),"") | E16: 내후성 시험 | F16: =IFERROR(VLOOKUP(E16,'Reference Data 기준데이터'!$A$8:$F$30,2,FALSE),"") | G16: =IFERROR(VLOOKUP(B16&"_"&C16,'Reference Data 기준데이터'!$A$33:$B$51,2,FALSE),"") | H16: =IFERROR(VLOOKUP(B16,'Reference Data 기준데이터'!$A$2:$J$5,3,FALSE),"") | I16: =IFERROR(H16+VLOOKUP(B16,'Reference Data 기준데이터'!$A$2:$J$5,7,FALSE),"") | J16: 46049 | K16: Revision Needed | L16: =IFERROR(H16+VLOOKUP(B16,'Reference Data 기준데이터'!$A$2:$J$5,8,FALSE),"") | N16: =IFERROR(IF(ISNUMBER(SEARCH("Vehicle",F16)),MAX(H16+VLOOKUP(B16,'Reference Data 기준데이터'!$A$2:$J$5,9,FALSE),VLOOKUP(B16,'Reference Data 기준데이터'!$A$2:$J$5,4,FALSE)),H16+VLOOKUP(B16,'Reference Data 기준데이터'!$A$2:$J$5,9,FALSE)),"") | P16: =IFERROR(N16+VLOOKUP(E16,'Reference Data 기준데이터'!$A$8:$F$30,4,FALSE),"") | R16: =IFERROR(MIN(H16+VLOOKUP(B16,'Reference Data 기준데이터'!$A$2:$J$5,10,FALSE),VLOOKUP(B16,'Reference Data 기준데이터'!$A$2:$J$5,6,FALSE)),"") | U16: =IF(T16<>"",T16,IF(AND(S16<>"",Q16<>""),"11-결과등록완료",IF(AND(Q16<>"",S16=""),"10-시험완료",IF(AND(O16<>"",Q16=""),"09-시험준비중",IF(AND(M16<>"",O16=""),"08-단품준비완료",IF(K16="Approved","05-계획서승인",IF(K16="Revision Needed","04-검토중_조건불만족",IF(K16="Under Review","03-검토중_조건충족",IF(AND(J16<>"",K16=""),"02-계획서제출_미검토","01-계획서미제출"))))))))) | V16: =IFS(U16="01-계획서미제출",0,U16="02-계획서제출_미검토",0.05,U16="03-검토중_조건충족",0.1,U16="04-검토중_조건불만족",0.05,U16="05-계획서승인",0.2,U16="06-BIW생산중단",0.15,U16="07-생산완료_미인수",0.3,U16="08-단품준비완료",0.4,U16="09-시험준비중",0.55,U16="10-시험완료",0.85,U16="11-결과등록완료",1,U16="12-조건부승인검토",0.9,TRUE,0) | W16: =IF(S16<>"","-",IF(R16="","N/A",R16-TODAY())) | X16: =IF(U16="11-결과등록완료","DONE",IF(OR(U16="06-BIW생산중단",AND(U16="01-계획서미제출",I16<TODAY())),"CRITICAL",IF(OR(U16="04-검토중_조건불만족",U16="07-생산완료_미인수",U16="12-조건부승인검토"),"ACTION",IF(AND(ISNUMBER(W16),W16<=0),"OVERDUE",IF(AND(ISNUMBER(W16),W16<=14),"WARNING","ON TRACK"))))) | Y16: =IF(U16="11-결과등록완료","— 완료",IF(U16="01-계획서미제출",IF(I16<TODAY(),"계획서 제출 독촉 (OVERDUE)","계획서 제출 대기"),IF(U16="02-계획서제출_미검토","설계자: 계획서 검토 착수",IF(U16="03-검토중_조건충족","설계자: 승인 처리",IF(U16="04-검토중_조건불만족","보완 요청 → 협력사 재제출 독촉",IF(U16="05-계획서승인","시험편 준비 현황 확인",IF(U16="06-BIW생산중단","BIW 생산팀 확인 → 일정 재수립",IF(U16="07-생산완료_미인수","협력사 인수 독촉",IF(U16="08-단품준비완료","시험 일정 확인",IF(U16="09-시험준비중","시험 진행 모니터링",IF(U16="10-시험완료","결과 보고서 전산 등록 독촉",IF(U16="12-조건부승인검토","조건부 승인 여부 판단 → 관련부서 협의","—"))))))))))))
A17: 13 | B17: AE_PE | C17: Pillar Trim C | D17: =IFERROR(VLOOKUP(C17,'Reference Data 기준데이터'!$E$8:$F$30,2,FALSE),"") | E17: 연소성 시험 | F17: =IFERROR(VLOOKUP(E17,'Reference Data 기준데이터'!$A$8:$F$30,2,FALSE),"") | G17: =IFERROR(VLOOKUP(B17&"_"&C17,'Reference Data 기준데이터'!$A$33:$B$51,2,FALSE),"") | H17: =IFERROR(VLOOKUP(B17,'Reference Data 기준데이터'!$A$2:$J$5,3,FALSE),"") | I17: =IFERROR(H17+VLOOKUP(B17,'Reference Data 기준데이터'!$A$2:$J$5,7,FALSE),"") | J17: 46050 | K17: Approved | L17: =IFERROR(H17+VLOOKUP(B17,'Reference Data 기준데이터'!$A$2:$J$5,8,FALSE),"") | M17: 46087 | N17: =IFERROR(IF(ISNUMBER(SEARCH("Vehicle",F17)),MAX(H17+VLOOKUP(B17,'Reference Data 기준데이터'!$A$2:$J$5,9,FALSE),VLOOKUP(B17,'Reference Data 기준데이터'!$A$2:$J$5,4,FALSE)),H17+VLOOKUP(B17,'Reference Data 기준데이터'!$A$2:$J$5,9,FALSE)),"") | O17: 46100 | P17: =IFERROR(N17+VLOOKUP(E17,'Reference Data 기준데이터'!$A$8:$F$30,4,FALSE),"") | R17: =IFERROR(MIN(H17+VLOOKUP(B17,'Reference Data 기준데이터'!$A$2:$J$5,10,FALSE),VLOOKUP(B17,'Reference Data 기준데이터'!$A$2:$J$5,6,FALSE)),"") | U17: =IF(T17<>"",T17,IF(AND(S17<>"",Q17<>""),"11-결과등록완료",IF(AND(Q17<>"",S17=""),"10-시험완료",IF(AND(O17<>"",Q17=""),"09-시험준비중",IF(AND(M17<>"",O17=""),"08-단품준비완료",IF(K17="Approved","05-계획서승인",IF(K17="Revision Needed","04-검토중_조건불만족",IF(K17="Under Review","03-검토중_조건충족",IF(AND(J17<>"",K17=""),"02-계획서제출_미검토","01-계획서미제출"))))))))) | V17: =IFS(U17="01-계획서미제출",0,U17="02-계획서제출_미검토",0.05,U17="03-검토중_조건충족",0.1,U17="04-검토중_조건불만족",0.05,U17="05-계획서승인",0.2,U17="06-BIW생산중단",0.15,U17="07-생산완료_미인수",0.3,U17="08-단품준비완료",0.4,U17="09-시험준비중",0.55,U17="10-시험완료",0.85,U17="11-결과등록완료",1,U17="12-조건부승인검토",0.9,TRUE,0) | W17: =IF(S17<>"","-",IF(R17="","N/A",R17-TODAY())) | X17: =IF(U17="11-결과등록완료","DONE",IF(OR(U17="06-BIW생산중단",AND(U17="01-계획서미제출",I17<TODAY())),"CRITICAL",IF(OR(U17="04-검토중_조건불만족",U17="07-생산완료_미인수",U17="12-조건부승인검토"),"ACTION",IF(AND(ISNUMBER(W17),W17<=0),"OVERDUE",IF(AND(ISNUMBER(W17),W17<=14),"WARNING","ON TRACK"))))) | Y17: =IF(U17="11-결과등록완료","— 완료",IF(U17="01-계획서미제출",IF(I17<TODAY(),"계획서 제출 독촉 (OVERDUE)","계획서 제출 대기"),IF(U17="02-계획서제출_미검토","설계자: 계획서 검토 착수",IF(U17="03-검토중_조건충족","설계자: 승인 처리",IF(U17="04-검토중_조건불만족","보완 요청 → 협력사 재제출 독촉",IF(U17="05-계획서승인","시험편 준비 현황 확인",IF(U17="06-BIW생산중단","BIW 생산팀 확인 → 일정 재수립",IF(U17="07-생산완료_미인수","협력사 인수 독촉",IF(U17="08-단품준비완료","시험 일정 확인",IF(U17="09-시험준비중","시험 진행 모니터링",IF(U17="10-시험완료","결과 보고서 전산 등록 독촉",IF(U17="12-조건부승인검토","조건부 승인 여부 판단 → 관련부서 협의","—"))))))))))))
A18: 14 | B18: AE_PE | C18: Pillar Trim C | D18: =IFERROR(VLOOKUP(C18,'Reference Data 기준데이터'!$E$8:$F$30,2,FALSE),"") | E18: 치수 검사 | F18: =IFERROR(VLOOKUP(E18,'Reference Data 기준데이터'!$A$8:$F$30,2,FALSE),"") | G18: =IFERROR(VLOOKUP(B18&"_"&C18,'Reference Data 기준데이터'!$A$33:$B$51,2,FALSE),"") | H18: =IFERROR(VLOOKUP(B18,'Reference Data 기준데이터'!$A$2:$J$5,3,FALSE),"") | I18: =IFERROR(H18+VLOOKUP(B18,'Reference Data 기준데이터'!$A$2:$J$5,7,FALSE),"") | J18: 46051 | K18: Approved | L18: =IFERROR(H18+VLOOKUP(B18,'Reference Data 기준데이터'!$A$2:$J$5,8,FALSE),"") | M18: 46088 | N18: =IFERROR(IF(ISNUMBER(SEARCH("Vehicle",F18)),MAX(H18+VLOOKUP(B18,'Reference Data 기준데이터'!$A$2:$J$5,9,FALSE),VLOOKUP(B18,'Reference Data 기준데이터'!$A$2:$J$5,4,FALSE)),H18+VLOOKUP(B18,'Reference Data 기준데이터'!$A$2:$J$5,9,FALSE)),"") | O18: 46101 | P18: =IFERROR(N18+VLOOKUP(E18,'Reference Data 기준데이터'!$A$8:$F$30,4,FALSE),"") | Q18: 46122 | R18: =IFERROR(MIN(H18+VLOOKUP(B18,'Reference Data 기준데이터'!$A$2:$J$5,10,FALSE),VLOOKUP(B18,'Reference Data 기준데이터'!$A$2:$J$5,6,FALSE)),"") | S18: 46132 | U18: =IF(T18<>"",T18,IF(AND(S18<>"",Q18<>""),"11-결과등록완료",IF(AND(Q18<>"",S18=""),"10-시험완료",IF(AND(O18<>"",Q18=""),"09-시험준비중",IF(AND(M18<>"",O18=""),"08-단품준비완료",IF(K18="Approved","05-계획서승인",IF(K18="Revision Needed","04-검토중_조건불만족",IF(K18="Under Review","03-검토중_조건충족",IF(AND(J18<>"",K18=""),"02-계획서제출_미검토","01-계획서미제출"))))))))) | V18: =IFS(U18="01-계획서미제출",0,U18="02-계획서제출_미검토",0.05,U18="03-검토중_조건충족",0.1,U18="04-검토중_조건불만족",0.05,U18="05-계획서승인",0.2,U18="06-BIW생산중단",0.15,U18="07-생산완료_미인수",0.3,U18="08-단품준비완료",0.4,U18="09-시험준비중",0.55,U18="10-시험완료",0.85,U18="11-결과등록완료",1,U18="12-조건부승인검토",0.9,TRUE,0) | W18: =IF(S18<>"","-",IF(R18="","N/A",R18-TODAY())) | X18: =IF(U18="11-결과등록완료","DONE",IF(OR(U18="06-BIW생산중단",AND(U18="01-계획서미제출",I18<TODAY())),"CRITICAL",IF(OR(U18="04-검토중_조건불만족",U18="07-생산완료_미인수",U18="12-조건부승인검토"),"ACTION",IF(AND(ISNUMBER(W18),W18<=0),"OVERDUE",IF(AND(ISNUMBER(W18),W18<=14),"WARNING","ON TRACK"))))) | Y18: =IF(U18="11-결과등록완료","— 완료",IF(U18="01-계획서미제출",IF(I18<TODAY(),"계획서 제출 독촉 (OVERDUE)","계획서 제출 대기"),IF(U18="02-계획서제출_미검토","설계자: 계획서 검토 착수",IF(U18="03-검토중_조건충족","설계자: 승인 처리",IF(U18="04-검토중_조건불만족","보완 요청 → 협력사 재제출 독촉",IF(U18="05-계획서승인","시험편 준비 현황 확인",IF(U18="06-BIW생산중단","BIW 생산팀 확인 → 일정 재수립",IF(U18="07-생산완료_미인수","협력사 인수 독촉",IF(U18="08-단품준비완료","시험 일정 확인",IF(U18="09-시험준비중","시험 진행 모니터링",IF(U18="10-시험완료","결과 보고서 전산 등록 독촉",IF(U18="12-조건부승인검토","조건부 승인 여부 판단 → 관련부서 협의","—"))))))))))))
A19: 15 | B19: AE_PE | C19: Front Seat Assy LH | D19: =IFERROR(VLOOKUP(C19,'Reference Data 기준데이터'!$E$8:$F$30,2,FALSE),"") | E19: 시트 내구 시험 | F19: =IFERROR(VLOOKUP(E19,'Reference Data 기준데이터'!$A$8:$F$30,2,FALSE),"") | G19: =IFERROR(VLOOKUP(B19&"_"&C19,'Reference Data 기준데이터'!$A$33:$B$51,2,FALSE),"") | H19: =IFERROR(VLOOKUP(B19,'Reference Data 기준데이터'!$A$2:$J$5,3,FALSE),"") | I19: =IFERROR(H19+VLOOKUP(B19,'Reference Data 기준데이터'!$A$2:$J$5,7,FALSE),"") | J19: 46047 | K19: Approved | L19: =IFERROR(H19+VLOOKUP(B19,'Reference Data 기준데이터'!$A$2:$J$5,8,FALSE),"") | M19: 46089 | N19: =IFERROR(IF(ISNUMBER(SEARCH("Vehicle",F19)),MAX(H19+VLOOKUP(B19,'Reference Data 기준데이터'!$A$2:$J$5,9,FALSE),VLOOKUP(B19,'Reference Data 기준데이터'!$A$2:$J$5,4,FALSE)),H19+VLOOKUP(B19,'Reference Data 기준데이터'!$A$2:$J$5,9,FALSE)),"") | P19: =IFERROR(N19+VLOOKUP(E19,'Reference Data 기준데이터'!$A$8:$F$30,4,FALSE),"") | R19: =IFERROR(MIN(H19+VLOOKUP(B19,'Reference Data 기준데이터'!$A$2:$J$5,10,FALSE),VLOOKUP(B19,'Reference Data 기준데이터'!$A$2:$J$5,6,FALSE)),"") | T19: 07-생산완료_미인수 | U19: =IF(T19<>"",T19,IF(AND(S19<>"",Q19<>""),"11-결과등록완료",IF(AND(Q19<>"",S19=""),"10-시험완료",IF(AND(O19<>"",Q19=""),"09-시험준비중",IF(AND(M19<>"",O19=""),"08-단품준비완료",IF(K19="Approved","05-계획서승인",IF(K19="Revision Needed","04-검토중_조건불만족",IF(K19="Under Review","03-검토중_조건충족",IF(AND(J19<>"",K19=""),"02-계획서제출_미검토","01-계획서미제출"))))))))) | V19: =IFS(U19="01-계획서미제출",0,U19="02-계획서제출_미검토",0.05,U19="03-검토중_조건충족",0.1,U19="04-검토중_조건불만족",0.05,U19="05-계획서승인",0.2,U19="06-BIW생산중단",0.15,U19="07-생산완료_미인수",0.3,U19="08-단품준비완료",0.4,U19="09-시험준비중",0.55,U19="10-시험완료",0.85,U19="11-결과등록완료",1,U19="12-조건부승인검토",0.9,TRUE,0) | W19: =IF(S19<>"","-",IF(R19="","N/A",R19-TODAY())) | X19: =IF(U19="11-결과등록완료","DONE",IF(OR(U19="06-BIW생산중단",AND(U19="01-계획서미제출",I19<TODAY())),"CRITICAL",IF(OR(U19="04-검토중_조건불만족",U19="07-생산완료_미인수",U19="12-조건부승인검토"),"ACTION",IF(AND(ISNUMBER(W19),W19<=0),"OVERDUE",IF(AND(ISNUMBER(W19),W19<=14),"WARNING","ON TRACK"))))) | Y19: =IF(U19="11-결과등록완료","— 완료",IF(U19="01-계획서미제출",IF(I19<TODAY(),"계획서 제출 독촉 (OVERDUE)","계획서 제출 대기"),IF(U19="02-계획서제출_미검토","설계자: 계획서 검토 착수",IF(U19="03-검토중_조건충족","설계자: 승인 처리",IF(U19="04-검토중_조건불만족","보완 요청 → 협력사 재제출 독촉",IF(U19="05-계획서승인","시험편 준비 현황 확인",IF(U19="06-BIW생산중단","BIW 생산팀 확인 → 일정 재수립",IF(U19="07-생산완료_미인수","협력사 인수 독촉",IF(U19="08-단품준비완료","시험 일정 확인",IF(U19="09-시험준비중","시험 진행 모니터링",IF(U19="10-시험완료","결과 보고서 전산 등록 독촉",IF(U19="12-조건부승인검토","조건부 승인 여부 판단 → 관련부서 협의","—"))))))))))))
A20: 16 | B20: AE_PE | C20: Front Seat Assy LH | D20: =IFERROR(VLOOKUP(C20,'Reference Data 기준데이터'!$E$8:$F$30,2,FALSE),"") | E20: 안전벨트 앵커리지 | F20: =IFERROR(VLOOKUP(E20,'Reference Data 기준데이터'!$A$8:$F$30,2,FALSE),"") | G20: =IFERROR(VLOOKUP(B20&"_"&C20,'Reference Data 기준데이터'!$A$33:$B$51,2,FALSE),"") | H20: =IFERROR(VLOOKUP(B20,'Reference Data 기준데이터'!$A$2:$J$5,3,FALSE),"") | I20: =IFERROR(H20+VLOOKUP(B20,'Reference Data 기준데이터'!$A$2:$J$5,7,FALSE),"") | J20: 46048 | K20: Approved | L20: =IFERROR(H20+VLOOKUP(B20,'Reference Data 기준데이터'!$A$2:$J$5,8,FALSE),"") | N20: =IFERROR(IF(ISNUMBER(SEARCH("Vehicle",F20)),MAX(H20+VLOOKUP(B20,'Reference Data 기준데이터'!$A$2:$J$5,9,FALSE),VLOOKUP(B20,'Reference Data 기준데이터'!$A$2:$J$5,4,FALSE)),H20+VLOOKUP(B20,'Reference Data 기준데이터'!$A$2:$J$5,9,FALSE)),"") | P20: =IFERROR(N20+VLOOKUP(E20,'Reference Data 기준데이터'!$A$8:$F$30,4,FALSE),"") | R20: =IFERROR(MIN(H20+VLOOKUP(B20,'Reference Data 기준데이터'!$A$2:$J$5,10,FALSE),VLOOKUP(B20,'Reference Data 기준데이터'!$A$2:$J$5,6,FALSE)),"") | U20: =IF(T20<>"",T20,IF(AND(S20<>"",Q20<>""),"11-결과등록완료",IF(AND(Q20<>"",S20=""),"10-시험완료",IF(AND(O20<>"",Q20=""),"09-시험준비중",IF(AND(M20<>"",O20=""),"08-단품준비완료",IF(K20="Approved","05-계획서승인",IF(K20="Revision Needed","04-검토중_조건불만족",IF(K20="Under Review","03-검토중_조건충족",IF(AND(J20<>"",K20=""),"02-계획서제출_미검토","01-계획서미제출"))))))))) | V20: =IFS(U20="01-계획서미제출",0,U20="02-계획서제출_미검토",0.05,U20="03-검토중_조건충족",0.1,U20="04-검토중_조건불만족",0.05,U20="05-계획서승인",0.2,U20="06-BIW생산중단",0.15,U20="07-생산완료_미인수",0.3,U20="08-단품준비완료",0.4,U20="09-시험준비중",0.55,U20="10-시험완료",0.85,U20="11-결과등록완료",1,U20="12-조건부승인검토",0.9,TRUE,0) | W20: =IF(S20<>"","-",IF(R20="","N/A",R20-TODAY())) | X20: =IF(U20="11-결과등록완료","DONE",IF(OR(U20="06-BIW생산중단",AND(U20="01-계획서미제출",I20<TODAY())),"CRITICAL",IF(OR(U20="04-검토중_조건불만족",U20="07-생산완료_미인수",U20="12-조건부승인검토"),"ACTION",IF(AND(ISNUMBER(W20),W20<=0),"OVERDUE",IF(AND(ISNUMBER(W20),W20<=14),"WARNING","ON TRACK"))))) | Y20: =IF(U20="11-결과등록완료","— 완료",IF(U20="01-계획서미제출",IF(I20<TODAY(),"계획서 제출 독촉 (OVERDUE)","계획서 제출 대기"),IF(U20="02-계획서제출_미검토","설계자: 계획서 검토 착수",IF(U20="03-검토중_조건충족","설계자: 승인 처리",IF(U20="04-검토중_조건불만족","보완 요청 → 협력사 재제출 독촉",IF(U20="05-계획서승인","시험편 준비 현황 확인",IF(U20="06-BIW생산중단","BIW 생산팀 확인 → 일정 재수립",IF(U20="07-생산완료_미인수","협력사 인수 독촉",IF(U20="08-단품준비완료","시험 일정 확인",IF(U20="09-시험준비중","시험 진행 모니터링",IF(U20="10-시험완료","결과 보고서 전산 등록 독촉",IF(U20="12-조건부승인검토","조건부 승인 여부 판단 → 관련부서 협의","—"))))))))))))
A21: 17 | B21: AE_PE | C21: Front Seat Assy LH | D21: =IFERROR(VLOOKUP(C21,'Reference Data 기준데이터'!$E$8:$F$30,2,FALSE),"") | E21: H-Point 검증 | F21: =IFERROR(VLOOKUP(E21,'Reference Data 기준데이터'!$A$8:$F$30,2,FALSE),"") | G21: =IFERROR(VLOOKUP(B21&"_"&C21,'Reference Data 기준데이터'!$A$33:$B$51,2,FALSE),"") | H21: =IFERROR(VLOOKUP(B21,'Reference Data 기준데이터'!$A$2:$J$5,3,FALSE),"") | I21: =IFERROR(H21+VLOOKUP(B21,'Reference Data 기준데이터'!$A$2:$J$5,7,FALSE),"") | J21: 46049 | K21: Approved | L21: =IFERROR(H21+VLOOKUP(B21,'Reference Data 기준데이터'!$A$2:$J$5,8,FALSE),"") | M21: 46083 | N21: =IFERROR(IF(ISNUMBER(SEARCH("Vehicle",F21)),MAX(H21+VLOOKUP(B21,'Reference Data 기준데이터'!$A$2:$J$5,9,FALSE),VLOOKUP(B21,'Reference Data 기준데이터'!$A$2:$J$5,4,FALSE)),H21+VLOOKUP(B21,'Reference Data 기준데이터'!$A$2:$J$5,9,FALSE)),"") | O21: 46104 | P21: =IFERROR(N21+VLOOKUP(E21,'Reference Data 기준데이터'!$A$8:$F$30,4,FALSE),"") | R21: =IFERROR(MIN(H21+VLOOKUP(B21,'Reference Data 기준데이터'!$A$2:$J$5,10,FALSE),VLOOKUP(B21,'Reference Data 기준데이터'!$A$2:$J$5,6,FALSE)),"") | U21: =IF(T21<>"",T21,IF(AND(S21<>"",Q21<>""),"11-결과등록완료",IF(AND(Q21<>"",S21=""),"10-시험완료",IF(AND(O21<>"",Q21=""),"09-시험준비중",IF(AND(M21<>"",O21=""),"08-단품준비완료",IF(K21="Approved","05-계획서승인",IF(K21="Revision Needed","04-검토중_조건불만족",IF(K21="Under Review","03-검토중_조건충족",IF(AND(J21<>"",K21=""),"02-계획서제출_미검토","01-계획서미제출"))))))))) | V21: =IFS(U21="01-계획서미제출",0,U21="02-계획서제출_미검토",0.05,U21="03-검토중_조건충족",0.1,U21="04-검토중_조건불만족",0.05,U21="05-계획서승인",0.2,U21="06-BIW생산중단",0.15,U21="07-생산완료_미인수",0.3,U21="08-단품준비완료",0.4,U21="09-시험준비중",0.55,U21="10-시험완료",0.85,U21="11-결과등록완료",1,U21="12-조건부승인검토",0.9,TRUE,0) | W21: =IF(S21<>"","-",IF(R21="","N/A",R21-TODAY())) | X21: =IF(U21="11-결과등록완료","DONE",IF(OR(U21="06-BIW생산중단",AND(U21="01-계획서미제출",I21<TODAY())),"CRITICAL",IF(OR(U21="04-검토중_조건불만족",U21="07-생산완료_미인수",U21="12-조건부승인검토"),"ACTION",IF(AND(ISNUMBER(W21),W21<=0),"OVERDUE",IF(AND(ISNUMBER(W21),W21<=14),"WARNING","ON TRACK"))))) | Y21: =IF(U21="11-결과등록완료","— 완료",IF(U21="01-계획서미제출",IF(I21<TODAY(),"계획서 제출 독촉 (OVERDUE)","계획서 제출 대기"),IF(U21="02-계획서제출_미검토","설계자: 계획서 검토 착수",IF(U21="03-검토중_조건충족","설계자: 승인 처리",IF(U21="04-검토중_조건불만족","보완 요청 → 협력사 재제출 독촉",IF(U21="05-계획서승인","시험편 준비 현황 확인",IF(U21="06-BIW생산중단","BIW 생산팀 확인 → 일정 재수립",IF(U21="07-생산완료_미인수","협력사 인수 독촉",IF(U21="08-단품준비완료","시험 일정 확인",IF(U21="09-시험준비중","시험 진행 모니터링",IF(U21="10-시험완료","결과 보고서 전산 등록 독촉",IF(U21="12-조건부승인검토","조건부 승인 여부 판단 → 관련부서 협의","—"))))))))))))
A22: 18 | B22: AE_PE | C22: Front Seat Assy LH | D22: =IFERROR(VLOOKUP(C22,'Reference Data 기준데이터'!$E$8:$F$30,2,FALSE),"") | E22: BSR 시험 | F22: =IFERROR(VLOOKUP(E22,'Reference Data 기준데이터'!$A$8:$F$30,2,FALSE),"") | G22: =IFERROR(VLOOKUP(B22&"_"&C22,'Reference Data 기준데이터'!$A$33:$B$51,2,FALSE),"") | H22: =IFERROR(VLOOKUP(B22,'Reference Data 기준데이터'!$A$2:$J$5,3,FALSE),"") | I22: =IFERROR(H22+VLOOKUP(B22,'Reference Data 기준데이터'!$A$2:$J$5,7,FALSE),"") | J22: 46050 | K22: Approved | L22: =IFERROR(H22+VLOOKUP(B22,'Reference Data 기준데이터'!$A$2:$J$5,8,FALSE),"") | M22: 46084 | N22: =IFERROR(IF(ISNUMBER(SEARCH("Vehicle",F22)),MAX(H22+VLOOKUP(B22,'Reference Data 기준데이터'!$A$2:$J$5,9,FALSE),VLOOKUP(B22,'Reference Data 기준데이터'!$A$2:$J$5,4,FALSE)),H22+VLOOKUP(B22,'Reference Data 기준데이터'!$A$2:$J$5,9,FALSE)),"") | O22: 46099 | P22: =IFERROR(N22+VLOOKUP(E22,'Reference Data 기준데이터'!$A$8:$F$30,4,FALSE),"") | Q22: 46126 | R22: =IFERROR(MIN(H22+VLOOKUP(B22,'Reference Data 기준데이터'!$A$2:$J$5,10,FALSE),VLOOKUP(B22,'Reference Data 기준데이터'!$A$2:$J$5,6,FALSE)),"") | U22: =IF(T22<>"",T22,IF(AND(S22<>"",Q22<>""),"11-결과등록완료",IF(AND(Q22<>"",S22=""),"10-시험완료",IF(AND(O22<>"",Q22=""),"09-시험준비중",IF(AND(M22<>"",O22=""),"08-단품준비완료",IF(K22="Approved","05-계획서승인",IF(K22="Revision Needed","04-검토중_조건불만족",IF(K22="Under Review","03-검토중_조건충족",IF(AND(J22<>"",K22=""),"02-계획서제출_미검토","01-계획서미제출"))))))))) | V22: =IFS(U22="01-계획서미제출",0,U22="02-계획서제출_미검토",0.05,U22="03-검토중_조건충족",0.1,U22="04-검토중_조건불만족",0.05,U22="05-계획서승인",0.2,U22="06-BIW생산중단",0.15,U22="07-생산완료_미인수",0.3,U22="08-단품준비완료",0.4,U22="09-시험준비중",0.55,U22="10-시험완료",0.85,U22="11-결과등록완료",1,U22="12-조건부승인검토",0.9,TRUE,0) | W22: =IF(S22<>"","-",IF(R22="","N/A",R22-TODAY())) | X22: =IF(U22="11-결과등록완료","DONE",IF(OR(U22="06-BIW생산중단",AND(U22="01-계획서미제출",I22<TODAY())),"CRITICAL",IF(OR(U22="04-검토중_조건불만족",U22="07-생산완료_미인수",U22="12-조건부승인검토"),"ACTION",IF(AND(ISNUMBER(W22),W22<=0),"OVERDUE",IF(AND(ISNUMBER(W22),W22<=14),"WARNING","ON TRACK"))))) | Y22: =IF(U22="11-결과등록완료","— 완료",IF(U22="01-계획서미제출",IF(I22<TODAY(),"계획서 제출 독촉 (OVERDUE)","계획서 제출 대기"),IF(U22="02-계획서제출_미검토","설계자: 계획서 검토 착수",IF(U22="03-검토중_조건충족","설계자: 승인 처리",IF(U22="04-검토중_조건불만족","보완 요청 → 협력사 재제출 독촉",IF(U22="05-계획서승인","시험편 준비 현황 확인",IF(U22="06-BIW생산중단","BIW 생산팀 확인 → 일정 재수립",IF(U22="07-생산완료_미인수","협력사 인수 독촉",IF(U22="08-단품준비완료","시험 일정 확인",IF(U22="09-시험준비중","시험 진행 모니터링",IF(U22="10-시험완료","결과 보고서 전산 등록 독촉",IF(U22="12-조건부승인검토","조건부 승인 여부 판단 → 관련부서 협의","—"))))))))))))
A23: 19 | B23: AE_PE | C23: Rear Seat Assy | D23: =IFERROR(VLOOKUP(C23,'Reference Data 기준데이터'!$E$8:$F$30,2,FALSE),"") | E23: 시트 내구 시험 | F23: =IFERROR(VLOOKUP(E23,'Reference Data 기준데이터'!$A$8:$F$30,2,FALSE),"") | G23: =IFERROR(VLOOKUP(B23&"_"&C23,'Reference Data 기준데이터'!$A$33:$B$51,2,FALSE),"") | H23: =IFERROR(VLOOKUP(B23,'Reference Data 기준데이터'!$A$2:$J$5,3,FALSE),"") | I23: =IFERROR(H23+VLOOKUP(B23,'Reference Data 기준데이터'!$A$2:$J$5,7,FALSE),"") | J23: 46051 | K23: Approved | L23: =IFERROR(H23+VLOOKUP(B23,'Reference Data 기준데이터'!$A$2:$J$5,8,FALSE),"") | M23: 46085 | N23: =IFERROR(IF(ISNUMBER(SEARCH("Vehicle",F23)),MAX(H23+VLOOKUP(B23,'Reference Data 기준데이터'!$A$2:$J$5,9,FALSE),VLOOKUP(B23,'Reference Data 기준데이터'!$A$2:$J$5,4,FALSE)),H23+VLOOKUP(B23,'Reference Data 기준데이터'!$A$2:$J$5,9,FALSE)),"") | P23: =IFERROR(N23+VLOOKUP(E23,'Reference Data 기준데이터'!$A$8:$F$30,4,FALSE),"") | R23: =IFERROR(MIN(H23+VLOOKUP(B23,'Reference Data 기준데이터'!$A$2:$J$5,10,FALSE),VLOOKUP(B23,'Reference Data 기준데이터'!$A$2:$J$5,6,FALSE)),"") | U23: =IF(T23<>"",T23,IF(AND(S23<>"",Q23<>""),"11-결과등록완료",IF(AND(Q23<>"",S23=""),"10-시험완료",IF(AND(O23<>"",Q23=""),"09-시험준비중",IF(AND(M23<>"",O23=""),"08-단품준비완료",IF(K23="Approved","05-계획서승인",IF(K23="Revision Needed","04-검토중_조건불만족",IF(K23="Under Review","03-검토중_조건충족",IF(AND(J23<>"",K23=""),"02-계획서제출_미검토","01-계획서미제출"))))))))) | V23: =IFS(U23="01-계획서미제출",0,U23="02-계획서제출_미검토",0.05,U23="03-검토중_조건충족",0.1,U23="04-검토중_조건불만족",0.05,U23="05-계획서승인",0.2,U23="06-BIW생산중단",0.15,U23="07-생산완료_미인수",0.3,U23="08-단품준비완료",0.4,U23="09-시험준비중",0.55,U23="10-시험완료",0.85,U23="11-결과등록완료",1,U23="12-조건부승인검토",0.9,TRUE,0) | W23: =IF(S23<>"","-",IF(R23="","N/A",R23-TODAY())) | X23: =IF(U23="11-결과등록완료","DONE",IF(OR(U23="06-BIW생산중단",AND(U23="01-계획서미제출",I23<TODAY())),"CRITICAL",IF(OR(U23="04-검토중_조건불만족",U23="07-생산완료_미인수",U23="12-조건부승인검토"),"ACTION",IF(AND(ISNUMBER(W23),W23<=0),"OVERDUE",IF(AND(ISNUMBER(W23),W23<=14),"WARNING","ON TRACK"))))) | Y23: =IF(U23="11-결과등록완료","— 완료",IF(U23="01-계획서미제출",IF(I23<TODAY(),"계획서 제출 독촉 (OVERDUE)","계획서 제출 대기"),IF(U23="02-계획서제출_미검토","설계자: 계획서 검토 착수",IF(U23="03-검토중_조건충족","설계자: 승인 처리",IF(U23="04-검토중_조건불만족","보완 요청 → 협력사 재제출 독촉",IF(U23="05-계획서승인","시험편 준비 현황 확인",IF(U23="06-BIW생산중단","BIW 생산팀 확인 → 일정 재수립",IF(U23="07-생산완료_미인수","협력사 인수 독촉",IF(U23="08-단품준비완료","시험 일정 확인",IF(U23="09-시험준비중","시험 진행 모니터링",IF(U23="10-시험완료","결과 보고서 전산 등록 독촉",IF(U23="12-조건부승인검토","조건부 승인 여부 판단 → 관련부서 협의","—"))))))))))))
A24: 20 | B24: AE_PE | C24: Rear Seat Assy | D24: =IFERROR(VLOOKUP(C24,'Reference Data 기준데이터'!$E$8:$F$30,2,FALSE),"") | E24: ISOFIX 강도 시험 | F24: =IFERROR(VLOOKUP(E24,'Reference Data 기준데이터'!$A$8:$F$30,2,FALSE),"") | G24: =IFERROR(VLOOKUP(B24&"_"&C24,'Reference Data 기준데이터'!$A$33:$B$51,2,FALSE),"") | H24: =IFERROR(VLOOKUP(B24,'Reference Data 기준데이터'!$A$2:$J$5,3,FALSE),"") | I24: =IFERROR(H24+VLOOKUP(B24,'Reference Data 기준데이터'!$A$2:$J$5,7,FALSE),"") | J24: 46047 | K24: Approved | L24: =IFERROR(H24+VLOOKUP(B24,'Reference Data 기준데이터'!$A$2:$J$5,8,FALSE),"") | M24: 46086 | N24: =IFERROR(IF(ISNUMBER(SEARCH("Vehicle",F24)),MAX(H24+VLOOKUP(B24,'Reference Data 기준데이터'!$A$2:$J$5,9,FALSE),VLOOKUP(B24,'Reference Data 기준데이터'!$A$2:$J$5,4,FALSE)),H24+VLOOKUP(B24,'Reference Data 기준데이터'!$A$2:$J$5,9,FALSE)),"") | O24: 46101 | P24: =IFERROR(N24+VLOOKUP(E24,'Reference Data 기준데이터'!$A$8:$F$30,4,FALSE),"") | Q24: 46128 | R24: =IFERROR(MIN(H24+VLOOKUP(B24,'Reference Data 기준데이터'!$A$2:$J$5,10,FALSE),VLOOKUP(B24,'Reference Data 기준데이터'!$A$2:$J$5,6,FALSE)),"") | S24: 46130 | T24: 12-조건부승인검토 | U24: =IF(T24<>"",T24,IF(AND(S24<>"",Q24<>""),"11-결과등록완료",IF(AND(Q24<>"",S24=""),"10-시험완료",IF(AND(O24<>"",Q24=""),"09-시험준비중",IF(AND(M24<>"",O24=""),"08-단품준비완료",IF(K24="Approved","05-계획서승인",IF(K24="Revision Needed","04-검토중_조건불만족",IF(K24="Under Review","03-검토중_조건충족",IF(AND(J24<>"",K24=""),"02-계획서제출_미검토","01-계획서미제출"))))))))) | V24: =IFS(U24="01-계획서미제출",0,U24="02-계획서제출_미검토",0.05,U24="03-검토중_조건충족",0.1,U24="04-검토중_조건불만족",0.05,U24="05-계획서승인",0.2,U24="06-BIW생산중단",0.15,U24="07-생산완료_미인수",0.3,U24="08-단품준비완료",0.4,U24="09-시험준비중",0.55,U24="10-시험완료",0.85,U24="11-결과등록완료",1,U24="12-조건부승인검토",0.9,TRUE,0) | W24: =IF(S24<>"","-",IF(R24="","N/A",R24-TODAY())) | X24: =IF(U24="11-결과등록완료","DONE",IF(OR(U24="06-BIW생산중단",AND(U24="01-계획서미제출",I24<TODAY())),"CRITICAL",IF(OR(U24="04-검토중_조건불만족",U24="07-생산완료_미인수",U24="12-조건부승인검토"),"ACTION",IF(AND(ISNUMBER(W24),W24<=0),"OVERDUE",IF(AND(ISNUMBER(W24),W24<=14),"WARNING","ON TRACK"))))) | Y24: =IF(U24="11-결과등록완료","— 완료",IF(U24="01-계획서미제출",IF(I24<TODAY(),"계획서 제출 독촉 (OVERDUE)","계획서 제출 대기"),IF(U24="02-계획서제출_미검토","설계자: 계획서 검토 착수",IF(U24="03-검토중_조건충족","설계자: 승인 처리",IF(U24="04-검토중_조건불만족","보완 요청 → 협력사 재제출 독촉",IF(U24="05-계획서승인","시험편 준비 현황 확인",IF(U24="06-BIW생산중단","BIW 생산팀 확인 → 일정 재수립",IF(U24="07-생산완료_미인수","협력사 인수 독촉",IF(U24="08-단품준비완료","시험 일정 확인",IF(U24="09-시험준비중","시험 진행 모니터링",IF(U24="10-시험완료","결과 보고서 전산 등록 독촉",IF(U24="12-조건부승인검토","조건부 승인 여부 판단 → 관련부서 협의","—"))))))))))))
A25: 21 | B25: AE_PE | C25: Rear Seat Assy | D25: =IFERROR(VLOOKUP(C25,'Reference Data 기준데이터'!$E$8:$F$30,2,FALSE),"") | E25: 수하물 충격 시험 | F25: =IFERROR(VLOOKUP(E25,'Reference Data 기준데이터'!$A$8:$F$30,2,FALSE),"") | G25: =IFERROR(VLOOKUP(B25&"_"&C25,'Reference Data 기준데이터'!$A$33:$B$51,2,FALSE),"") | H25: =IFERROR(VLOOKUP(B25,'Reference Data 기준데이터'!$A$2:$J$5,3,FALSE),"") | I25: =IFERROR(H25+VLOOKUP(B25,'Reference Data 기준데이터'!$A$2:$J$5,7,FALSE),"") | J25: 46048 | K25: Approved | L25: =IFERROR(H25+VLOOKUP(B25,'Reference Data 기준데이터'!$A$2:$J$5,8,FALSE),"") | M25: 46087 | N25: =IFERROR(IF(ISNUMBER(SEARCH("Vehicle",F25)),MAX(H25+VLOOKUP(B25,'Reference Data 기준데이터'!$A$2:$J$5,9,FALSE),VLOOKUP(B25,'Reference Data 기준데이터'!$A$2:$J$5,4,FALSE)),H25+VLOOKUP(B25,'Reference Data 기준데이터'!$A$2:$J$5,9,FALSE)),"") | O25: 46102 | P25: =IFERROR(N25+VLOOKUP(E25,'Reference Data 기준데이터'!$A$8:$F$30,4,FALSE),"") | Q25: 46122 | R25: =IFERROR(MIN(H25+VLOOKUP(B25,'Reference Data 기준데이터'!$A$2:$J$5,10,FALSE),VLOOKUP(B25,'Reference Data 기준데이터'!$A$2:$J$5,6,FALSE)),"") | S25: 46131 | U25: =IF(T25<>"",T25,IF(AND(S25<>"",Q25<>""),"11-결과등록완료",IF(AND(Q25<>"",S25=""),"10-시험완료",IF(AND(O25<>"",Q25=""),"09-시험준비중",IF(AND(M25<>"",O25=""),"08-단품준비완료",IF(K25="Approved","05-계획서승인",IF(K25="Revision Needed","04-검토중_조건불만족",IF(K25="Under Review","03-검토중_조건충족",IF(AND(J25<>"",K25=""),"02-계획서제출_미검토","01-계획서미제출"))))))))) | V25: =IFS(U25="01-계획서미제출",0,U25="02-계획서제출_미검토",0.05,U25="03-검토중_조건충족",0.1,U25="04-검토중_조건불만족",0.05,U25="05-계획서승인",0.2,U25="06-BIW생산중단",0.15,U25="07-생산완료_미인수",0.3,U25="08-단품준비완료",0.4,U25="09-시험준비중",0.55,U25="10-시험완료",0.85,U25="11-결과등록완료",1,U25="12-조건부승인검토",0.9,TRUE,0) | W25: =IF(S25<>"","-",IF(R25="","N/A",R25-TODAY())) | X25: =IF(U25="11-결과등록완료","DONE",IF(OR(U25="06-BIW생산중단",AND(U25="01-계획서미제출",I25<TODAY())),"CRITICAL",IF(OR(U25="04-검토중_조건불만족",U25="07-생산완료_미인수",U25="12-조건부승인검토"),"ACTION",IF(AND(ISNUMBER(W25),W25<=0),"OVERDUE",IF(AND(ISNUMBER(W25),W25<=14),"WARNING","ON TRACK"))))) | Y25: =IF(U25="11-결과등록완료","— 완료",IF(U25="01-계획서미제출",IF(I25<TODAY(),"계획서 제출 독촉 (OVERDUE)","계획서 제출 대기"),IF(U25="02-계획서제출_미검토","설계자: 계획서 검토 착수",IF(U25="03-검토중_조건충족","설계자: 승인 처리",IF(U25="04-검토중_조건불만족","보완 요청 → 협력사 재제출 독촉",IF(U25="05-계획서승인","시험편 준비 현황 확인",IF(U25="06-BIW생산중단","BIW 생산팀 확인 → 일정 재수립",IF(U25="07-생산완료_미인수","협력사 인수 독촉",IF(U25="08-단품준비완료","시험 일정 확인",IF(U25="09-시험준비중","시험 진행 모니터링",IF(U25="10-시험완료","결과 보고서 전산 등록 독촉",IF(U25="12-조건부승인검토","조건부 승인 여부 판단 → 관련부서 협의","—"))))))))))))
A26: 22 | B26: AE_PE | C26: Rear Seat Assy | D26: =IFERROR(VLOOKUP(C26,'Reference Data 기준데이터'!$E$8:$F$30,2,FALSE),"") | E26: 외관 검사 | F26: =IFERROR(VLOOKUP(E26,'Reference Data 기준데이터'!$A$8:$F$30,2,FALSE),"") | G26: =IFERROR(VLOOKUP(B26&"_"&C26,'Reference Data 기준데이터'!$A$33:$B$51,2,FALSE),"") | H26: =IFERROR(VLOOKUP(B26,'Reference Data 기준데이터'!$A$2:$J$5,3,FALSE),"") | I26: =IFERROR(H26+VLOOKUP(B26,'Reference Data 기준데이터'!$A$2:$J$5,7,FALSE),"") | J26: 46049 | K26: Approved | L26: =IFERROR(H26+VLOOKUP(B26,'Reference Data 기준데이터'!$A$2:$J$5,8,FALSE),"") | M26: 46088 | N26: =IFERROR(IF(ISNUMBER(SEARCH("Vehicle",F26)),MAX(H26+VLOOKUP(B26,'Reference Data 기준데이터'!$A$2:$J$5,9,FALSE),VLOOKUP(B26,'Reference Data 기준데이터'!$A$2:$J$5,4,FALSE)),H26+VLOOKUP(B26,'Reference Data 기준데이터'!$A$2:$J$5,9,FALSE)),"") | O26: 46103 | P26: =IFERROR(N26+VLOOKUP(E26,'Reference Data 기준데이터'!$A$8:$F$30,4,FALSE),"") | Q26: 46123 | R26: =IFERROR(MIN(H26+VLOOKUP(B26,'Reference Data 기준데이터'!$A$2:$J$5,10,FALSE),VLOOKUP(B26,'Reference Data 기준데이터'!$A$2:$J$5,6,FALSE)),"") | S26: 46132 | U26: =IF(T26<>"",T26,IF(AND(S26<>"",Q26<>""),"11-결과등록완료",IF(AND(Q26<>"",S26=""),"10-시험완료",IF(AND(O26<>"",Q26=""),"09-시험준비중",IF(AND(M26<>"",O26=""),"08-단품준비완료",IF(K26="Approved","05-계획서승인",IF(K26="Revision Needed","04-검토중_조건불만족",IF(K26="Under Review","03-검토중_조건충족",IF(AND(J26<>"",K26=""),"02-계획서제출_미검토","01-계획서미제출"))))))))) | V26: =IFS(U26="01-계획서미제출",0,U26="02-계획서제출_미검토",0.05,U26="03-검토중_조건충족",0.1,U26="04-검토중_조건불만족",0.05,U26="05-계획서승인",0.2,U26="06-BIW생산중단",0.15,U26="07-생산완료_미인수",0.3,U26="08-단품준비완료",0.4,U26="09-시험준비중",0.55,U26="10-시험완료",0.85,U26="11-결과등록완료",1,U26="12-조건부승인검토",0.9,TRUE,0) | W26: =IF(S26<>"","-",IF(R26="","N/A",R26-TODAY())) | X26: =IF(U26="11-결과등록완료","DONE",IF(OR(U26="06-BIW생산중단",AND(U26="01-계획서미제출",I26<TODAY())),"CRITICAL",IF(OR(U26="04-검토중_조건불만족",U26="07-생산완료_미인수",U26="12-조건부승인검토"),"ACTION",IF(AND(ISNUMBER(W26),W26<=0),"OVERDUE",IF(AND(ISNUMBER(W26),W26<=14),"WARNING","ON TRACK"))))) | Y26: =IF(U26="11-결과등록완료","— 완료",IF(U26="01-계획서미제출",IF(I26<TODAY(),"계획서 제출 독촉 (OVERDUE)","계획서 제출 대기"),IF(U26="02-계획서제출_미검토","설계자: 계획서 검토 착수",IF(U26="03-검토중_조건충족","설계자: 승인 처리",IF(U26="04-검토중_조건불만족","보완 요청 → 협력사 재제출 독촉",IF(U26="05-계획서승인","시험편 준비 현황 확인",IF(U26="06-BIW생산중단","BIW 생산팀 확인 → 일정 재수립",IF(U26="07-생산완료_미인수","협력사 인수 독촉",IF(U26="08-단품준비완료","시험 일정 확인",IF(U26="09-시험준비중","시험 진행 모니터링",IF(U26="10-시험완료","결과 보고서 전산 등록 독촉",IF(U26="12-조건부승인검토","조건부 승인 여부 판단 → 관련부서 협의","—"))))))))))))
A27: 23 | B27: SU2i | C27: Center Console Assy | D27: =IFERROR(VLOOKUP(C27,'Reference Data 기준데이터'!$E$8:$F$30,2,FALSE),"") | E27: VOC 방출 시험 | F27: =IFERROR(VLOOKUP(E27,'Reference Data 기준데이터'!$A$8:$F$30,2,FALSE),"") | G27: =IFERROR(VLOOKUP(B27&"_"&C27,'Reference Data 기준데이터'!$A$33:$B$51,2,FALSE),"") | H27: =IFERROR(VLOOKUP(B27,'Reference Data 기준데이터'!$A$2:$J$5,3,FALSE),"") | I27: =IFERROR(H27+VLOOKUP(B27,'Reference Data 기준데이터'!$A$2:$J$5,7,FALSE),"") | L27: =IFERROR(H27+VLOOKUP(B27,'Reference Data 기준데이터'!$A$2:$J$5,8,FALSE),"") | N27: =IFERROR(IF(ISNUMBER(SEARCH("Vehicle",F27)),MAX(H27+VLOOKUP(B27,'Reference Data 기준데이터'!$A$2:$J$5,9,FALSE),VLOOKUP(B27,'Reference Data 기준데이터'!$A$2:$J$5,4,FALSE)),H27+VLOOKUP(B27,'Reference Data 기준데이터'!$A$2:$J$5,9,FALSE)),"") | P27: =IFERROR(N27+VLOOKUP(E27,'Reference Data 기준데이터'!$A$8:$F$30,4,FALSE),"") | R27: =IFERROR(MIN(H27+VLOOKUP(B27,'Reference Data 기준데이터'!$A$2:$J$5,10,FALSE),VLOOKUP(B27,'Reference Data 기준데이터'!$A$2:$J$5,6,FALSE)),"") | U27: =IF(T27<>"",T27,IF(AND(S27<>"",Q27<>""),"11-결과등록완료",IF(AND(Q27<>"",S27=""),"10-시험완료",IF(AND(O27<>"",Q27=""),"09-시험준비중",IF(AND(M27<>"",O27=""),"08-단품준비완료",IF(K27="Approved","05-계획서승인",IF(K27="Revision Needed","04-검토중_조건불만족",IF(K27="Under Review","03-검토중_조건충족",IF(AND(J27<>"",K27=""),"02-계획서제출_미검토","01-계획서미제출"))))))))) | V27: =IFS(U27="01-계획서미제출",0,U27="02-계획서제출_미검토",0.05,U27="03-검토중_조건충족",0.1,U27="04-검토중_조건불만족",0.05,U27="05-계획서승인",0.2,U27="06-BIW생산중단",0.15,U27="07-생산완료_미인수",0.3,U27="08-단품준비완료",0.4,U27="09-시험준비중",0.55,U27="10-시험완료",0.85,U27="11-결과등록완료",1,U27="12-조건부승인검토",0.9,TRUE,0) | W27: =IF(S27<>"","-",IF(R27="","N/A",R27-TODAY())) | X27: =IF(U27="11-결과등록완료","DONE",IF(OR(U27="06-BIW생산중단",AND(U27="01-계획서미제출",I27<TODAY())),"CRITICAL",IF(OR(U27="04-검토중_조건불만족",U27="07-생산완료_미인수",U27="12-조건부승인검토"),"ACTION",IF(AND(ISNUMBER(W27),W27<=0),"OVERDUE",IF(AND(ISNUMBER(W27),W27<=14),"WARNING","ON TRACK"))))) | Y27: =IF(U27="11-결과등록완료","— 완료",IF(U27="01-계획서미제출",IF(I27<TODAY(),"계획서 제출 독촉 (OVERDUE)","계획서 제출 대기"),IF(U27="02-계획서제출_미검토","설계자: 계획서 검토 착수",IF(U27="03-검토중_조건충족","설계자: 승인 처리",IF(U27="04-검토중_조건불만족","보완 요청 → 협력사 재제출 독촉",IF(U27="05-계획서승인","시험편 준비 현황 확인",IF(U27="06-BIW생산중단","BIW 생산팀 확인 → 일정 재수립",IF(U27="07-생산완료_미인수","협력사 인수 독촉",IF(U27="08-단품준비완료","시험 일정 확인",IF(U27="09-시험준비중","시험 진행 모니터링",IF(U27="10-시험완료","결과 보고서 전산 등록 독촉",IF(U27="12-조건부승인검토","조건부 승인 여부 판단 → 관련부서 협의","—"))))))))))))
A28: 24 | B28: SU2i | C28: Center Console Assy | D28: =IFERROR(VLOOKUP(C28,'Reference Data 기준데이터'!$E$8:$F$30,2,FALSE),"") | E28: 내열 시험 | F28: =IFERROR(VLOOKUP(E28,'Reference Data 기준데이터'!$A$8:$F$30,2,FALSE),"") | G28: =IFERROR(VLOOKUP(B28&"_"&C28,'Reference Data 기준데이터'!$A$33:$B$51,2,FALSE),"") | H28: =IFERROR(VLOOKUP(B28,'Reference Data 기준데이터'!$A$2:$J$5,3,FALSE),"") | I28: =IFERROR(H28+VLOOKUP(B28,'Reference Data 기준데이터'!$A$2:$J$5,7,FALSE),"") | J28: 46096 | K28: Approved | L28: =IFERROR(H28+VLOOKUP(B28,'Reference Data 기준데이터'!$A$2:$J$5,8,FALSE),"") | N28: =IFERROR(IF(ISNUMBER(SEARCH("Vehicle",F28)),MAX(H28+VLOOKUP(B28,'Reference Data 기준데이터'!$A$2:$J$5,9,FALSE),VLOOKUP(B28,'Reference Data 기준데이터'!$A$2:$J$5,4,FALSE)),H28+VLOOKUP(B28,'Reference Data 기준데이터'!$A$2:$J$5,9,FALSE)),"") | P28: =IFERROR(N28+VLOOKUP(E28,'Reference Data 기준데이터'!$A$8:$F$30,4,FALSE),"") | R28: =IFERROR(MIN(H28+VLOOKUP(B28,'Reference Data 기준데이터'!$A$2:$J$5,10,FALSE),VLOOKUP(B28,'Reference Data 기준데이터'!$A$2:$J$5,6,FALSE)),"") | U28: =IF(T28<>"",T28,IF(AND(S28<>"",Q28<>""),"11-결과등록완료",IF(AND(Q28<>"",S28=""),"10-시험완료",IF(AND(O28<>"",Q28=""),"09-시험준비중",IF(AND(M28<>"",O28=""),"08-단품준비완료",IF(K28="Approved","05-계획서승인",IF(K28="Revision Needed","04-검토중_조건불만족",IF(K28="Under Review","03-검토중_조건충족",IF(AND(J28<>"",K28=""),"02-계획서제출_미검토","01-계획서미제출"))))))))) | V28: =IFS(U28="01-계획서미제출",0,U28="02-계획서제출_미검토",0.05,U28="03-검토중_조건충족",0.1,U28="04-검토중_조건불만족",0.05,U28="05-계획서승인",0.2,U28="06-BIW생산중단",0.15,U28="07-생산완료_미인수",0.3,U28="08-단품준비완료",0.4,U28="09-시험준비중",0.55,U28="10-시험완료",0.85,U28="11-결과등록완료",1,U28="12-조건부승인검토",0.9,TRUE,0) | W28: =IF(S28<>"","-",IF(R28="","N/A",R28-TODAY())) | X28: =IF(U28="11-결과등록완료","DONE",IF(OR(U28="06-BIW생산중단",AND(U28="01-계획서미제출",I28<TODAY())),"CRITICAL",IF(OR(U28="04-검토중_조건불만족",U28="07-생산완료_미인수",U28="12-조건부승인검토"),"ACTION",IF(AND(ISNUMBER(W28),W28<=0),"OVERDUE",IF(AND(ISNUMBER(W28),W28<=14),"WARNING","ON TRACK"))))) | Y28: =IF(U28="11-결과등록완료","— 완료",IF(U28="01-계획서미제출",IF(I28<TODAY(),"계획서 제출 독촉 (OVERDUE)","계획서 제출 대기"),IF(U28="02-계획서제출_미검토","설계자: 계획서 검토 착수",IF(U28="03-검토중_조건충족","설계자: 승인 처리",IF(U28="04-검토중_조건불만족","보완 요청 → 협력사 재제출 독촉",IF(U28="05-계획서승인","시험편 준비 현황 확인",IF(U28="06-BIW생산중단","BIW 생산팀 확인 → 일정 재수립",IF(U28="07-생산완료_미인수","협력사 인수 독촉",IF(U28="08-단품준비완료","시험 일정 확인",IF(U28="09-시험준비중","시험 진행 모니터링",IF(U28="10-시험완료","결과 보고서 전산 등록 독촉",IF(U28="12-조건부승인검토","조건부 승인 여부 판단 → 관련부서 협의","—"))))))))))))
A29: 25 | B29: SU2i | C29: Center Console Assy | D29: =IFERROR(VLOOKUP(C29,'Reference Data 기준데이터'!$E$8:$F$30,2,FALSE),"") | E29: 마모 시험 | F29: =IFERROR(VLOOKUP(E29,'Reference Data 기준데이터'!$A$8:$F$30,2,FALSE),"") | G29: =IFERROR(VLOOKUP(B29&"_"&C29,'Reference Data 기준데이터'!$A$33:$B$51,2,FALSE),"") | H29: =IFERROR(VLOOKUP(B29,'Reference Data 기준데이터'!$A$2:$J$5,3,FALSE),"") | I29: =IFERROR(H29+VLOOKUP(B29,'Reference Data 기준데이터'!$A$2:$J$5,7,FALSE),"") | J29: 46092 | K29: Approved | L29: =IFERROR(H29+VLOOKUP(B29,'Reference Data 기준데이터'!$A$2:$J$5,8,FALSE),"") | M29: 46128 | N29: =IFERROR(IF(ISNUMBER(SEARCH("Vehicle",F29)),MAX(H29+VLOOKUP(B29,'Reference Data 기준데이터'!$A$2:$J$5,9,FALSE),VLOOKUP(B29,'Reference Data 기준데이터'!$A$2:$J$5,4,FALSE)),H29+VLOOKUP(B29,'Reference Data 기준데이터'!$A$2:$J$5,9,FALSE)),"") | O29: 46145 | P29: =IFERROR(N29+VLOOKUP(E29,'Reference Data 기준데이터'!$A$8:$F$30,4,FALSE),"") | R29: =IFERROR(MIN(H29+VLOOKUP(B29,'Reference Data 기준데이터'!$A$2:$J$5,10,FALSE),VLOOKUP(B29,'Reference Data 기준데이터'!$A$2:$J$5,6,FALSE)),"") | U29: =IF(T29<>"",T29,IF(AND(S29<>"",Q29<>""),"11-결과등록완료",IF(AND(Q29<>"",S29=""),"10-시험완료",IF(AND(O29<>"",Q29=""),"09-시험준비중",IF(AND(M29<>"",O29=""),"08-단품준비완료",IF(K29="Approved","05-계획서승인",IF(K29="Revision Needed","04-검토중_조건불만족",IF(K29="Under Review","03-검토중_조건충족",IF(AND(J29<>"",K29=""),"02-계획서제출_미검토","01-계획서미제출"))))))))) | V29: =IFS(U29="01-계획서미제출",0,U29="02-계획서제출_미검토",0.05,U29="03-검토중_조건충족",0.1,U29="04-검토중_조건불만족",0.05,U29="05-계획서승인",0.2,U29="06-BIW생산중단",0.15,U29="07-생산완료_미인수",0.3,U29="08-단품준비완료",0.4,U29="09-시험준비중",0.55,U29="10-시험완료",0.85,U29="11-결과등록완료",1,U29="12-조건부승인검토",0.9,TRUE,0) | W29: =IF(S29<>"","-",IF(R29="","N/A",R29-TODAY())) | X29: =IF(U29="11-결과등록완료","DONE",IF(OR(U29="06-BIW생산중단",AND(U29="01-계획서미제출",I29<TODAY())),"CRITICAL",IF(OR(U29="04-검토중_조건불만족",U29="07-생산완료_미인수",U29="12-조건부승인검토"),"ACTION",IF(AND(ISNUMBER(W29),W29<=0),"OVERDUE",IF(AND(ISNUMBER(W29),W29<=14),"WARNING","ON TRACK"))))) | Y29: =IF(U29="11-결과등록완료","— 완료",IF(U29="01-계획서미제출",IF(I29<TODAY(),"계획서 제출 독촉 (OVERDUE)","계획서 제출 대기"),IF(U29="02-계획서제출_미검토","설계자: 계획서 검토 착수",IF(U29="03-검토중_조건충족","설계자: 승인 처리",IF(U29="04-검토중_조건불만족","보완 요청 → 협력사 재제출 독촉",IF(U29="05-계획서승인","시험편 준비 현황 확인",IF(U29="06-BIW생산중단","BIW 생산팀 확인 → 일정 재수립",IF(U29="07-생산완료_미인수","협력사 인수 독촉",IF(U29="08-단품준비완료","시험 일정 확인",IF(U29="09-시험준비중","시험 진행 모니터링",IF(U29="10-시험완료","결과 보고서 전산 등록 독촉",IF(U29="12-조건부승인검토","조건부 승인 여부 판단 → 관련부서 협의","—"))))))))))))
A30: 26 | B30: SU2i | C30: Center Console Assy | D30: =IFERROR(VLOOKUP(C30,'Reference Data 기준데이터'!$E$8:$F$30,2,FALSE),"") | E30: 치수 검사 | F30: =IFERROR(VLOOKUP(E30,'Reference Data 기준데이터'!$A$8:$F$30,2,FALSE),"") | G30: =IFERROR(VLOOKUP(B30&"_"&C30,'Reference Data 기준데이터'!$A$33:$B$51,2,FALSE),"") | H30: =IFERROR(VLOOKUP(B30,'Reference Data 기준데이터'!$A$2:$J$5,3,FALSE),"") | I30: =IFERROR(H30+VLOOKUP(B30,'Reference Data 기준데이터'!$A$2:$J$5,7,FALSE),"") | J30: 46093 | K30: Approved | L30: =IFERROR(H30+VLOOKUP(B30,'Reference Data 기준데이터'!$A$2:$J$5,8,FALSE),"") | M30: 46129 | N30: =IFERROR(IF(ISNUMBER(SEARCH("Vehicle",F30)),MAX(H30+VLOOKUP(B30,'Reference Data 기준데이터'!$A$2:$J$5,9,FALSE),VLOOKUP(B30,'Reference Data 기준데이터'!$A$2:$J$5,4,FALSE)),H30+VLOOKUP(B30,'Reference Data 기준데이터'!$A$2:$J$5,9,FALSE)),"") | O30: 46146 | P30: =IFERROR(N30+VLOOKUP(E30,'Reference Data 기준데이터'!$A$8:$F$30,4,FALSE),"") | Q30: 46172 | R30: =IFERROR(MIN(H30+VLOOKUP(B30,'Reference Data 기준데이터'!$A$2:$J$5,10,FALSE),VLOOKUP(B30,'Reference Data 기준데이터'!$A$2:$J$5,6,FALSE)),"") | S30: 46177 | U30: =IF(T30<>"",T30,IF(AND(S30<>"",Q30<>""),"11-결과등록완료",IF(AND(Q30<>"",S30=""),"10-시험완료",IF(AND(O30<>"",Q30=""),"09-시험준비중",IF(AND(M30<>"",O30=""),"08-단품준비완료",IF(K30="Approved","05-계획서승인",IF(K30="Revision Needed","04-검토중_조건불만족",IF(K30="Under Review","03-검토중_조건충족",IF(AND(J30<>"",K30=""),"02-계획서제출_미검토","01-계획서미제출"))))))))) | V30: =IFS(U30="01-계획서미제출",0,U30="02-계획서제출_미검토",0.05,U30="03-검토중_조건충족",0.1,U30="04-검토중_조건불만족",0.05,U30="05-계획서승인",0.2,U30="06-BIW생산중단",0.15,U30="07-생산완료_미인수",0.3,U30="08-단품준비완료",0.4,U30="09-시험준비중",0.55,U30="10-시험완료",0.85,U30="11-결과등록완료",1,U30="12-조건부승인검토",0.9,TRUE,0) | W30: =IF(S30<>"","-",IF(R30="","N/A",R30-TODAY())) | X30: =IF(U30="11-결과등록완료","DONE",IF(OR(U30="06-BIW생산중단",AND(U30="01-계획서미제출",I30<TODAY())),"CRITICAL",IF(OR(U30="04-검토중_조건불만족",U30="07-생산완료_미인수",U30="12-조건부승인검토"),"ACTION",IF(AND(ISNUMBER(W30),W30<=0),"OVERDUE",IF(AND(ISNUMBER(W30),W30<=14),"WARNING","ON TRACK"))))) | Y30: =IF(U30="11-결과등록완료","— 완료",IF(U30="01-계획서미제출",IF(I30<TODAY(),"계획서 제출 독촉 (OVERDUE)","계획서 제출 대기"),IF(U30="02-계획서제출_미검토","설계자: 계획서 검토 착수",IF(U30="03-검토중_조건충족","설계자: 승인 처리",IF(U30="04-검토중_조건불만족","보완 요청 → 협력사 재제출 독촉",IF(U30="05-계획서승인","시험편 준비 현황 확인",IF(U30="06-BIW생산중단","BIW 생산팀 확인 → 일정 재수립",IF(U30="07-생산완료_미인수","협력사 인수 독촉",IF(U30="08-단품준비완료","시험 일정 확인",IF(U30="09-시험준비중","시험 진행 모니터링",IF(U30="10-시험완료","결과 보고서 전산 등록 독촉",IF(U30="12-조건부승인검토","조건부 승인 여부 판단 → 관련부서 협의","—"))))))))))))
A31: 27 | B31: SU2i | C31: Console Lid Assy | D31: =IFERROR(VLOOKUP(C31,'Reference Data 기준데이터'!$E$8:$F$30,2,FALSE),"") | E31: VOC 방출 시험 | F31: =IFERROR(VLOOKUP(E31,'Reference Data 기준데이터'!$A$8:$F$30,2,FALSE),"") | G31: =IFERROR(VLOOKUP(B31&"_"&C31,'Reference Data 기준데이터'!$A$33:$B$51,2,FALSE),"") | H31: =IFERROR(VLOOKUP(B31,'Reference Data 기준데이터'!$A$2:$J$5,3,FALSE),"") | I31: =IFERROR(H31+VLOOKUP(B31,'Reference Data 기준데이터'!$A$2:$J$5,7,FALSE),"") | J31: 46094 | L31: =IFERROR(H31+VLOOKUP(B31,'Reference Data 기준데이터'!$A$2:$J$5,8,FALSE),"") | N31: =IFERROR(IF(ISNUMBER(SEARCH("Vehicle",F31)),MAX(H31+VLOOKUP(B31,'Reference Data 기준데이터'!$A$2:$J$5,9,FALSE),VLOOKUP(B31,'Reference Data 기준데이터'!$A$2:$J$5,4,FALSE)),H31+VLOOKUP(B31,'Reference Data 기준데이터'!$A$2:$J$5,9,FALSE)),"") | P31: =IFERROR(N31+VLOOKUP(E31,'Reference Data 기준데이터'!$A$8:$F$30,4,FALSE),"") | R31: =IFERROR(MIN(H31+VLOOKUP(B31,'Reference Data 기준데이터'!$A$2:$J$5,10,FALSE),VLOOKUP(B31,'Reference Data 기준데이터'!$A$2:$J$5,6,FALSE)),"") | U31: =IF(T31<>"",T31,IF(AND(S31<>"",Q31<>""),"11-결과등록완료",IF(AND(Q31<>"",S31=""),"10-시험완료",IF(AND(O31<>"",Q31=""),"09-시험준비중",IF(AND(M31<>"",O31=""),"08-단품준비완료",IF(K31="Approved","05-계획서승인",IF(K31="Revision Needed","04-검토중_조건불만족",IF(K31="Under Review","03-검토중_조건충족",IF(AND(J31<>"",K31=""),"02-계획서제출_미검토","01-계획서미제출"))))))))) | V31: =IFS(U31="01-계획서미제출",0,U31="02-계획서제출_미검토",0.05,U31="03-검토중_조건충족",0.1,U31="04-검토중_조건불만족",0.05,U31="05-계획서승인",0.2,U31="06-BIW생산중단",0.15,U31="07-생산완료_미인수",0.3,U31="08-단품준비완료",0.4,U31="09-시험준비중",0.55,U31="10-시험완료",0.85,U31="11-결과등록완료",1,U31="12-조건부승인검토",0.9,TRUE,0) | W31: =IF(S31<>"","-",IF(R31="","N/A",R31-TODAY())) | X31: =IF(U31="11-결과등록완료","DONE",IF(OR(U31="06-BIW생산중단",AND(U31="01-계획서미제출",I31<TODAY())),"CRITICAL",IF(OR(U31="04-검토중_조건불만족",U31="07-생산완료_미인수",U31="12-조건부승인검토"),"ACTION",IF(AND(ISNUMBER(W31),W31<=0),"OVERDUE",IF(AND(ISNUMBER(W31),W31<=14),"WARNING","ON TRACK"))))) | Y31: =IF(U31="11-결과등록완료","— 완료",IF(U31="01-계획서미제출",IF(I31<TODAY(),"계획서 제출 독촉 (OVERDUE)","계획서 제출 대기"),IF(U31="02-계획서제출_미검토","설계자: 계획서 검토 착수",IF(U31="03-검토중_조건충족","설계자: 승인 처리",IF(U31="04-검토중_조건불만족","보완 요청 → 협력사 재제출 독촉",IF(U31="05-계획서승인","시험편 준비 현황 확인",IF(U31="06-BIW생산중단","BIW 생산팀 확인 → 일정 재수립",IF(U31="07-생산완료_미인수","협력사 인수 독촉",IF(U31="08-단품준비완료","시험 일정 확인",IF(U31="09-시험준비중","시험 진행 모니터링",IF(U31="10-시험완료","결과 보고서 전산 등록 독촉",IF(U31="12-조건부승인검토","조건부 승인 여부 판단 → 관련부서 협의","—"))))))))))))
A32: 28 | B32: SU2i | C32: Console Lid Assy | D32: =IFERROR(VLOOKUP(C32,'Reference Data 기준데이터'!$E$8:$F$30,2,FALSE),"") | E32: 힌지 내구 시험 | F32: =IFERROR(VLOOKUP(E32,'Reference Data 기준데이터'!$A$8:$F$30,2,FALSE),"") | G32: =IFERROR(VLOOKUP(B32&"_"&C32,'Reference Data 기준데이터'!$A$33:$B$51,2,FALSE),"") | H32: =IFERROR(VLOOKUP(B32,'Reference Data 기준데이터'!$A$2:$J$5,3,FALSE),"") | I32: =IFERROR(H32+VLOOKUP(B32,'Reference Data 기준데이터'!$A$2:$J$5,7,FALSE),"") | J32: 46095 | K32: Approved | L32: =IFERROR(H32+VLOOKUP(B32,'Reference Data 기준데이터'!$A$2:$J$5,8,FALSE),"") | M32: 46131 | N32: =IFERROR(IF(ISNUMBER(SEARCH("Vehicle",F32)),MAX(H32+VLOOKUP(B32,'Reference Data 기준데이터'!$A$2:$J$5,9,FALSE),VLOOKUP(B32,'Reference Data 기준데이터'!$A$2:$J$5,4,FALSE)),H32+VLOOKUP(B32,'Reference Data 기준데이터'!$A$2:$J$5,9,FALSE)),"") | P32: =IFERROR(N32+VLOOKUP(E32,'Reference Data 기준데이터'!$A$8:$F$30,4,FALSE),"") | R32: =IFERROR(MIN(H32+VLOOKUP(B32,'Reference Data 기준데이터'!$A$2:$J$5,10,FALSE),VLOOKUP(B32,'Reference Data 기준데이터'!$A$2:$J$5,6,FALSE)),"") | U32: =IF(T32<>"",T32,IF(AND(S32<>"",Q32<>""),"11-결과등록완료",IF(AND(Q32<>"",S32=""),"10-시험완료",IF(AND(O32<>"",Q32=""),"09-시험준비중",IF(AND(M32<>"",O32=""),"08-단품준비완료",IF(K32="Approved","05-계획서승인",IF(K32="Revision Needed","04-검토중_조건불만족",IF(K32="Under Review","03-검토중_조건충족",IF(AND(J32<>"",K32=""),"02-계획서제출_미검토","01-계획서미제출"))))))))) | V32: =IFS(U32="01-계획서미제출",0,U32="02-계획서제출_미검토",0.05,U32="03-검토중_조건충족",0.1,U32="04-검토중_조건불만족",0.05,U32="05-계획서승인",0.2,U32="06-BIW생산중단",0.15,U32="07-생산완료_미인수",0.3,U32="08-단품준비완료",0.4,U32="09-시험준비중",0.55,U32="10-시험완료",0.85,U32="11-결과등록완료",1,U32="12-조건부승인검토",0.9,TRUE,0) | W32: =IF(S32<>"","-",IF(R32="","N/A",R32-TODAY())) | X32: =IF(U32="11-결과등록완료","DONE",IF(OR(U32="06-BIW생산중단",AND(U32="01-계획서미제출",I32<TODAY())),"CRITICAL",IF(OR(U32="04-검토중_조건불만족",U32="07-생산완료_미인수",U32="12-조건부승인검토"),"ACTION",IF(AND(ISNUMBER(W32),W32<=0),"OVERDUE",IF(AND(ISNUMBER(W32),W32<=14),"WARNING","ON TRACK"))))) | Y32: =IF(U32="11-결과등록완료","— 완료",IF(U32="01-계획서미제출",IF(I32<TODAY(),"계획서 제출 독촉 (OVERDUE)","계획서 제출 대기"),IF(U32="02-계획서제출_미검토","설계자: 계획서 검토 착수",IF(U32="03-검토중_조건충족","설계자: 승인 처리",IF(U32="04-검토중_조건불만족","보완 요청 → 협력사 재제출 독촉",IF(U32="05-계획서승인","시험편 준비 현황 확인",IF(U32="06-BIW생산중단","BIW 생산팀 확인 → 일정 재수립",IF(U32="07-생산완료_미인수","협력사 인수 독촉",IF(U32="08-단품준비완료","시험 일정 확인",IF(U32="09-시험준비중","시험 진행 모니터링",IF(U32="10-시험완료","결과 보고서 전산 등록 독촉",IF(U32="12-조건부승인검토","조건부 승인 여부 판단 → 관련부서 협의","—"))))))))))))
A33: 29 | B33: SU2i | C33: Console Lid Assy | D33: =IFERROR(VLOOKUP(C33,'Reference Data 기준데이터'!$E$8:$F$30,2,FALSE),"") | E33: 외관 검사 | F33: =IFERROR(VLOOKUP(E33,'Reference Data 기준데이터'!$A$8:$F$30,2,FALSE),"") | G33: =IFERROR(VLOOKUP(B33&"_"&C33,'Reference Data 기준데이터'!$A$33:$B$51,2,FALSE),"") | H33: =IFERROR(VLOOKUP(B33,'Reference Data 기준데이터'!$A$2:$J$5,3,FALSE),"") | I33: =IFERROR(H33+VLOOKUP(B33,'Reference Data 기준데이터'!$A$2:$J$5,7,FALSE),"") | J33: 46096 | K33: Approved | L33: =IFERROR(H33+VLOOKUP(B33,'Reference Data 기준데이터'!$A$2:$J$5,8,FALSE),"") | M33: 46132 | N33: =IFERROR(IF(ISNUMBER(SEARCH("Vehicle",F33)),MAX(H33+VLOOKUP(B33,'Reference Data 기준데이터'!$A$2:$J$5,9,FALSE),VLOOKUP(B33,'Reference Data 기준데이터'!$A$2:$J$5,4,FALSE)),H33+VLOOKUP(B33,'Reference Data 기준데이터'!$A$2:$J$5,9,FALSE)),"") | O33: 46149 | P33: =IFERROR(N33+VLOOKUP(E33,'Reference Data 기준데이터'!$A$8:$F$30,4,FALSE),"") | Q33: 46168 | R33: =IFERROR(MIN(H33+VLOOKUP(B33,'Reference Data 기준데이터'!$A$2:$J$5,10,FALSE),VLOOKUP(B33,'Reference Data 기준데이터'!$A$2:$J$5,6,FALSE)),"") | S33: 46176 | U33: =IF(T33<>"",T33,IF(AND(S33<>"",Q33<>""),"11-결과등록완료",IF(AND(Q33<>"",S33=""),"10-시험완료",IF(AND(O33<>"",Q33=""),"09-시험준비중",IF(AND(M33<>"",O33=""),"08-단품준비완료",IF(K33="Approved","05-계획서승인",IF(K33="Revision Needed","04-검토중_조건불만족",IF(K33="Under Review","03-검토중_조건충족",IF(AND(J33<>"",K33=""),"02-계획서제출_미검토","01-계획서미제출"))))))))) | V33: =IFS(U33="01-계획서미제출",0,U33="02-계획서제출_미검토",0.05,U33="03-검토중_조건충족",0.1,U33="04-검토중_조건불만족",0.05,U33="05-계획서승인",0.2,U33="06-BIW생산중단",0.15,U33="07-생산완료_미인수",0.3,U33="08-단품준비완료",0.4,U33="09-시험준비중",0.55,U33="10-시험완료",0.85,U33="11-결과등록완료",1,U33="12-조건부승인검토",0.9,TRUE,0) | W33: =IF(S33<>"","-",IF(R33="","N/A",R33-TODAY())) | X33: =IF(U33="11-결과등록완료","DONE",IF(OR(U33="06-BIW생산중단",AND(U33="01-계획서미제출",I33<TODAY())),"CRITICAL",IF(OR(U33="04-검토중_조건불만족",U33="07-생산완료_미인수",U33="12-조건부승인검토"),"ACTION",IF(AND(ISNUMBER(W33),W33<=0),"OVERDUE",IF(AND(ISNUMBER(W33),W33<=14),"WARNING","ON TRACK"))))) | Y33: =IF(U33="11-결과등록완료","— 완료",IF(U33="01-계획서미제출",IF(I33<TODAY(),"계획서 제출 독촉 (OVERDUE)","계획서 제출 대기"),IF(U33="02-계획서제출_미검토","설계자: 계획서 검토 착수",IF(U33="03-검토중_조건충족","설계자: 승인 처리",IF(U33="04-검토중_조건불만족","보완 요청 → 협력사 재제출 독촉",IF(U33="05-계획서승인","시험편 준비 현황 확인",IF(U33="06-BIW생산중단","BIW 생산팀 확인 → 일정 재수립",IF(U33="07-생산완료_미인수","협력사 인수 독촉",IF(U33="08-단품준비완료","시험 일정 확인",IF(U33="09-시험준비중","시험 진행 모니터링",IF(U33="10-시험완료","결과 보고서 전산 등록 독촉",IF(U33="12-조건부승인검토","조건부 승인 여부 판단 → 관련부서 협의","—"))))))))))))
A34: 30 | B34: SU2i | C34: Door Trim LH | D34: =IFERROR(VLOOKUP(C34,'Reference Data 기준데이터'!$E$8:$F$30,2,FALSE),"") | E34: VOC 방출 시험 | F34: =IFERROR(VLOOKUP(E34,'Reference Data 기준데이터'!$A$8:$F$30,2,FALSE),"") | G34: =IFERROR(VLOOKUP(B34&"_"&C34,'Reference Data 기준데이터'!$A$33:$B$51,2,FALSE),"") | H34: =IFERROR(VLOOKUP(B34,'Reference Data 기준데이터'!$A$2:$J$5,3,FALSE),"") | I34: =IFERROR(H34+VLOOKUP(B34,'Reference Data 기준데이터'!$A$2:$J$5,7,FALSE),"") | J34: 46092 | K34: Under Review | L34: =IFERROR(H34+VLOOKUP(B34,'Reference Data 기준데이터'!$A$2:$J$5,8,FALSE),"") | N34: =IFERROR(IF(ISNUMBER(SEARCH("Vehicle",F34)),MAX(H34+VLOOKUP(B34,'Reference Data 기준데이터'!$A$2:$J$5,9,FALSE),VLOOKUP(B34,'Reference Data 기준데이터'!$A$2:$J$5,4,FALSE)),H34+VLOOKUP(B34,'Reference Data 기준데이터'!$A$2:$J$5,9,FALSE)),"") | P34: =IFERROR(N34+VLOOKUP(E34,'Reference Data 기준데이터'!$A$8:$F$30,4,FALSE),"") | R34: =IFERROR(MIN(H34+VLOOKUP(B34,'Reference Data 기준데이터'!$A$2:$J$5,10,FALSE),VLOOKUP(B34,'Reference Data 기준데이터'!$A$2:$J$5,6,FALSE)),"") | U34: =IF(T34<>"",T34,IF(AND(S34<>"",Q34<>""),"11-결과등록완료",IF(AND(Q34<>"",S34=""),"10-시험완료",IF(AND(O34<>"",Q34=""),"09-시험준비중",IF(AND(M34<>"",O34=""),"08-단품준비완료",IF(K34="Approved","05-계획서승인",IF(K34="Revision Needed","04-검토중_조건불만족",IF(K34="Under Review","03-검토중_조건충족",IF(AND(J34<>"",K34=""),"02-계획서제출_미검토","01-계획서미제출"))))))))) | V34: =IFS(U34="01-계획서미제출",0,U34="02-계획서제출_미검토",0.05,U34="03-검토중_조건충족",0.1,U34="04-검토중_조건불만족",0.05,U34="05-계획서승인",0.2,U34="06-BIW생산중단",0.15,U34="07-생산완료_미인수",0.3,U34="08-단품준비완료",0.4,U34="09-시험준비중",0.55,U34="10-시험완료",0.85,U34="11-결과등록완료",1,U34="12-조건부승인검토",0.9,TRUE,0) | W34: =IF(S34<>"","-",IF(R34="","N/A",R34-TODAY())) | X34: =IF(U34="11-결과등록완료","DONE",IF(OR(U34="06-BIW생산중단",AND(U34="01-계획서미제출",I34<TODAY())),"CRITICAL",IF(OR(U34="04-검토중_조건불만족",U34="07-생산완료_미인수",U34="12-조건부승인검토"),"ACTION",IF(AND(ISNUMBER(W34),W34<=0),"OVERDUE",IF(AND(ISNUMBER(W34),W34<=14),"WARNING","ON TRACK"))))) | Y34: =IF(U34="11-결과등록완료","— 완료",IF(U34="01-계획서미제출",IF(I34<TODAY(),"계획서 제출 독촉 (OVERDUE)","계획서 제출 대기"),IF(U34="02-계획서제출_미검토","설계자: 계획서 검토 착수",IF(U34="03-검토중_조건충족","설계자: 승인 처리",IF(U34="04-검토중_조건불만족","보완 요청 → 협력사 재제출 독촉",IF(U34="05-계획서승인","시험편 준비 현황 확인",IF(U34="06-BIW생산중단","BIW 생산팀 확인 → 일정 재수립",IF(U34="07-생산완료_미인수","협력사 인수 독촉",IF(U34="08-단품준비완료","시험 일정 확인",IF(U34="09-시험준비중","시험 진행 모니터링",IF(U34="10-시험완료","결과 보고서 전산 등록 독촉",IF(U34="12-조건부승인검토","조건부 승인 여부 판단 → 관련부서 협의","—"))))))))))))
A35: 31 | B35: SU2i | C35: Door Trim LH | D35: =IFERROR(VLOOKUP(C35,'Reference Data 기준데이터'!$E$8:$F$30,2,FALSE),"") | E35: 내후성 시험 | F35: =IFERROR(VLOOKUP(E35,'Reference Data 기준데이터'!$A$8:$F$30,2,FALSE),"") | G35: =IFERROR(VLOOKUP(B35&"_"&C35,'Reference Data 기준데이터'!$A$33:$B$51,2,FALSE),"") | H35: =IFERROR(VLOOKUP(B35,'Reference Data 기준데이터'!$A$2:$J$5,3,FALSE),"") | I35: =IFERROR(H35+VLOOKUP(B35,'Reference Data 기준데이터'!$A$2:$J$5,7,FALSE),"") | J35: 46093 | K35: Approved | L35: =IFERROR(H35+VLOOKUP(B35,'Reference Data 기준데이터'!$A$2:$J$5,8,FALSE),"") | M35: 46134 | N35: =IFERROR(IF(ISNUMBER(SEARCH("Vehicle",F35)),MAX(H35+VLOOKUP(B35,'Reference Data 기준데이터'!$A$2:$J$5,9,FALSE),VLOOKUP(B35,'Reference Data 기준데이터'!$A$2:$J$5,4,FALSE)),H35+VLOOKUP(B35,'Reference Data 기준데이터'!$A$2:$J$5,9,FALSE)),"") | O35: 46145 | P35: =IFERROR(N35+VLOOKUP(E35,'Reference Data 기준데이터'!$A$8:$F$30,4,FALSE),"") | Q35: 46170 | R35: =IFERROR(MIN(H35+VLOOKUP(B35,'Reference Data 기준데이터'!$A$2:$J$5,10,FALSE),VLOOKUP(B35,'Reference Data 기준데이터'!$A$2:$J$5,6,FALSE)),"") | U35: =IF(T35<>"",T35,IF(AND(S35<>"",Q35<>""),"11-결과등록완료",IF(AND(Q35<>"",S35=""),"10-시험완료",IF(AND(O35<>"",Q35=""),"09-시험준비중",IF(AND(M35<>"",O35=""),"08-단품준비완료",IF(K35="Approved","05-계획서승인",IF(K35="Revision Needed","04-검토중_조건불만족",IF(K35="Under Review","03-검토중_조건충족",IF(AND(J35<>"",K35=""),"02-계획서제출_미검토","01-계획서미제출"))))))))) | V35: =IFS(U35="01-계획서미제출",0,U35="02-계획서제출_미검토",0.05,U35="03-검토중_조건충족",0.1,U35="04-검토중_조건불만족",0.05,U35="05-계획서승인",0.2,U35="06-BIW생산중단",0.15,U35="07-생산완료_미인수",0.3,U35="08-단품준비완료",0.4,U35="09-시험준비중",0.55,U35="10-시험완료",0.85,U35="11-결과등록완료",1,U35="12-조건부승인검토",0.9,TRUE,0) | W35: =IF(S35<>"","-",IF(R35="","N/A",R35-TODAY())) | X35: =IF(U35="11-결과등록완료","DONE",IF(OR(U35="06-BIW생산중단",AND(U35="01-계획서미제출",I35<TODAY())),"CRITICAL",IF(OR(U35="04-검토중_조건불만족",U35="07-생산완료_미인수",U35="12-조건부승인검토"),"ACTION",IF(AND(ISNUMBER(W35),W35<=0),"OVERDUE",IF(AND(ISNUMBER(W35),W35<=14),"WARNING","ON TRACK"))))) | Y35: =IF(U35="11-결과등록완료","— 완료",IF(U35="01-계획서미제출",IF(I35<TODAY(),"계획서 제출 독촉 (OVERDUE)","계획서 제출 대기"),IF(U35="02-계획서제출_미검토","설계자: 계획서 검토 착수",IF(U35="03-검토중_조건충족","설계자: 승인 처리",IF(U35="04-검토중_조건불만족","보완 요청 → 협력사 재제출 독촉",IF(U35="05-계획서승인","시험편 준비 현황 확인",IF(U35="06-BIW생산중단","BIW 생산팀 확인 → 일정 재수립",IF(U35="07-생산완료_미인수","협력사 인수 독촉",IF(U35="08-단품준비완료","시험 일정 확인",IF(U35="09-시험준비중","시험 진행 모니터링",IF(U35="10-시험완료","결과 보고서 전산 등록 독촉",IF(U35="12-조건부승인검토","조건부 승인 여부 판단 → 관련부서 협의","—"))))))))))))
A36: 32 | B36: SU2i | C36: Door Trim LH | D36: =IFERROR(VLOOKUP(C36,'Reference Data 기준데이터'!$E$8:$F$30,2,FALSE),"") | E36: 연소성 시험 | F36: =IFERROR(VLOOKUP(E36,'Reference Data 기준데이터'!$A$8:$F$30,2,FALSE),"") | G36: =IFERROR(VLOOKUP(B36&"_"&C36,'Reference Data 기준데이터'!$A$33:$B$51,2,FALSE),"") | H36: =IFERROR(VLOOKUP(B36,'Reference Data 기준데이터'!$A$2:$J$5,3,FALSE),"") | I36: =IFERROR(H36+VLOOKUP(B36,'Reference Data 기준데이터'!$A$2:$J$5,7,FALSE),"") | J36: 46094 | K36: Approved | L36: =IFERROR(H36+VLOOKUP(B36,'Reference Data 기준데이터'!$A$2:$J$5,8,FALSE),"") | N36: =IFERROR(IF(ISNUMBER(SEARCH("Vehicle",F36)),MAX(H36+VLOOKUP(B36,'Reference Data 기준데이터'!$A$2:$J$5,9,FALSE),VLOOKUP(B36,'Reference Data 기준데이터'!$A$2:$J$5,4,FALSE)),H36+VLOOKUP(B36,'Reference Data 기준데이터'!$A$2:$J$5,9,FALSE)),"") | P36: =IFERROR(N36+VLOOKUP(E36,'Reference Data 기준데이터'!$A$8:$F$30,4,FALSE),"") | R36: =IFERROR(MIN(H36+VLOOKUP(B36,'Reference Data 기준데이터'!$A$2:$J$5,10,FALSE),VLOOKUP(B36,'Reference Data 기준데이터'!$A$2:$J$5,6,FALSE)),"") | T36: 06-BIW생산중단 | U36: =IF(T36<>"",T36,IF(AND(S36<>"",Q36<>""),"11-결과등록완료",IF(AND(Q36<>"",S36=""),"10-시험완료",IF(AND(O36<>"",Q36=""),"09-시험준비중",IF(AND(M36<>"",O36=""),"08-단품준비완료",IF(K36="Approved","05-계획서승인",IF(K36="Revision Needed","04-검토중_조건불만족",IF(K36="Under Review","03-검토중_조건충족",IF(AND(J36<>"",K36=""),"02-계획서제출_미검토","01-계획서미제출"))))))))) | V36: =IFS(U36="01-계획서미제출",0,U36="02-계획서제출_미검토",0.05,U36="03-검토중_조건충족",0.1,U36="04-검토중_조건불만족",0.05,U36="05-계획서승인",0.2,U36="06-BIW생산중단",0.15,U36="07-생산완료_미인수",0.3,U36="08-단품준비완료",0.4,U36="09-시험준비중",0.55,U36="10-시험완료",0.85,U36="11-결과등록완료",1,U36="12-조건부승인검토",0.9,TRUE,0) | W36: =IF(S36<>"","-",IF(R36="","N/A",R36-TODAY())) | X36: =IF(U36="11-결과등록완료","DONE",IF(OR(U36="06-BIW생산중단",AND(U36="01-계획서미제출",I36<TODAY())),"CRITICAL",IF(OR(U36="04-검토중_조건불만족",U36="07-생산완료_미인수",U36="12-조건부승인검토"),"ACTION",IF(AND(ISNUMBER(W36),W36<=0),"OVERDUE",IF(AND(ISNUMBER(W36),W36<=14),"WARNING","ON TRACK"))))) | Y36: =IF(U36="11-결과등록완료","— 완료",IF(U36="01-계획서미제출",IF(I36<TODAY(),"계획서 제출 독촉 (OVERDUE)","계획서 제출 대기"),IF(U36="02-계획서제출_미검토","설계자: 계획서 검토 착수",IF(U36="03-검토중_조건충족","설계자: 승인 처리",IF(U36="04-검토중_조건불만족","보완 요청 → 협력사 재제출 독촉",IF(U36="05-계획서승인","시험편 준비 현황 확인",IF(U36="06-BIW생산중단","BIW 생산팀 확인 → 일정 재수립",IF(U36="07-생산완료_미인수","협력사 인수 독촉",IF(U36="08-단품준비완료","시험 일정 확인",IF(U36="09-시험준비중","시험 진행 모니터링",IF(U36="10-시험완료","결과 보고서 전산 등록 독촉",IF(U36="12-조건부승인검토","조건부 승인 여부 판단 → 관련부서 협의","—"))))))))))))
A37: 33 | B37: SU2i | C37: Door Trim LH | D37: =IFERROR(VLOOKUP(C37,'Reference Data 기준데이터'!$E$8:$F$30,2,FALSE),"") | E37: 외관 검사 | F37: =IFERROR(VLOOKUP(E37,'Reference Data 기준데이터'!$A$8:$F$30,2,FALSE),"") | G37: =IFERROR(VLOOKUP(B37&"_"&C37,'Reference Data 기준데이터'!$A$33:$B$51,2,FALSE),"") | H37: =IFERROR(VLOOKUP(B37,'Reference Data 기준데이터'!$A$2:$J$5,3,FALSE),"") | I37: =IFERROR(H37+VLOOKUP(B37,'Reference Data 기준데이터'!$A$2:$J$5,7,FALSE),"") | J37: 46095 | K37: Approved | L37: =IFERROR(H37+VLOOKUP(B37,'Reference Data 기준데이터'!$A$2:$J$5,8,FALSE),"") | M37: 46128 | N37: =IFERROR(IF(ISNUMBER(SEARCH("Vehicle",F37)),MAX(H37+VLOOKUP(B37,'Reference Data 기준데이터'!$A$2:$J$5,9,FALSE),VLOOKUP(B37,'Reference Data 기준데이터'!$A$2:$J$5,4,FALSE)),H37+VLOOKUP(B37,'Reference Data 기준데이터'!$A$2:$J$5,9,FALSE)),"") | O37: 46147 | P37: =IFERROR(N37+VLOOKUP(E37,'Reference Data 기준데이터'!$A$8:$F$30,4,FALSE),"") | Q37: 46172 | R37: =IFERROR(MIN(H37+VLOOKUP(B37,'Reference Data 기준데이터'!$A$2:$J$5,10,FALSE),VLOOKUP(B37,'Reference Data 기준데이터'!$A$2:$J$5,6,FALSE)),"") | S37: 46176 | U37: =IF(T37<>"",T37,IF(AND(S37<>"",Q37<>""),"11-결과등록완료",IF(AND(Q37<>"",S37=""),"10-시험완료",IF(AND(O37<>"",Q37=""),"09-시험준비중",IF(AND(M37<>"",O37=""),"08-단품준비완료",IF(K37="Approved","05-계획서승인",IF(K37="Revision Needed","04-검토중_조건불만족",IF(K37="Under Review","03-검토중_조건충족",IF(AND(J37<>"",K37=""),"02-계획서제출_미검토","01-계획서미제출"))))))))) | V37: =IFS(U37="01-계획서미제출",0,U37="02-계획서제출_미검토",0.05,U37="03-검토중_조건충족",0.1,U37="04-검토중_조건불만족",0.05,U37="05-계획서승인",0.2,U37="06-BIW생산중단",0.15,U37="07-생산완료_미인수",0.3,U37="08-단품준비완료",0.4,U37="09-시험준비중",0.55,U37="10-시험완료",0.85,U37="11-결과등록완료",1,U37="12-조건부승인검토",0.9,TRUE,0) | W37: =IF(S37<>"","-",IF(R37="","N/A",R37-TODAY())) | X37: =IF(U37="11-결과등록완료","DONE",IF(OR(U37="06-BIW생산중단",AND(U37="01-계획서미제출",I37<TODAY())),"CRITICAL",IF(OR(U37="04-검토중_조건불만족",U37="07-생산완료_미인수",U37="12-조건부승인검토"),"ACTION",IF(AND(ISNUMBER(W37),W37<=0),"OVERDUE",IF(AND(ISNUMBER(W37),W37<=14),"WARNING","ON TRACK"))))) | Y37: =IF(U37="11-결과등록완료","— 완료",IF(U37="01-계획서미제출",IF(I37<TODAY(),"계획서 제출 독촉 (OVERDUE)","계획서 제출 대기"),IF(U37="02-계획서제출_미검토","설계자: 계획서 검토 착수",IF(U37="03-검토중_조건충족","설계자: 승인 처리",IF(U37="04-검토중_조건불만족","보완 요청 → 협력사 재제출 독촉",IF(U37="05-계획서승인","시험편 준비 현황 확인",IF(U37="06-BIW생산중단","BIW 생산팀 확인 → 일정 재수립",IF(U37="07-생산완료_미인수","협력사 인수 독촉",IF(U37="08-단품준비완료","시험 일정 확인",IF(U37="09-시험준비중","시험 진행 모니터링",IF(U37="10-시험완료","결과 보고서 전산 등록 독촉",IF(U37="12-조건부승인검토","조건부 승인 여부 판단 → 관련부서 협의","—"))))))))))))
A38: 34 | B38: SU2i | C38: Pillar Trim C | D38: =IFERROR(VLOOKUP(C38,'Reference Data 기준데이터'!$E$8:$F$30,2,FALSE),"") | E38: 내후성 시험 | F38: =IFERROR(VLOOKUP(E38,'Reference Data 기준데이터'!$A$8:$F$30,2,FALSE),"") | G38: =IFERROR(VLOOKUP(B38&"_"&C38,'Reference Data 기준데이터'!$A$33:$B$51,2,FALSE),"") | H38: =IFERROR(VLOOKUP(B38,'Reference Data 기준데이터'!$A$2:$J$5,3,FALSE),"") | I38: =IFERROR(H38+VLOOKUP(B38,'Reference Data 기준데이터'!$A$2:$J$5,7,FALSE),"") | J38: 46096 | K38: Revision Needed | L38: =IFERROR(H38+VLOOKUP(B38,'Reference Data 기준데이터'!$A$2:$J$5,8,FALSE),"") | N38: =IFERROR(IF(ISNUMBER(SEARCH("Vehicle",F38)),MAX(H38+VLOOKUP(B38,'Reference Data 기준데이터'!$A$2:$J$5,9,FALSE),VLOOKUP(B38,'Reference Data 기준데이터'!$A$2:$J$5,4,FALSE)),H38+VLOOKUP(B38,'Reference Data 기준데이터'!$A$2:$J$5,9,FALSE)),"") | P38: =IFERROR(N38+VLOOKUP(E38,'Reference Data 기준데이터'!$A$8:$F$30,4,FALSE),"") | R38: =IFERROR(MIN(H38+VLOOKUP(B38,'Reference Data 기준데이터'!$A$2:$J$5,10,FALSE),VLOOKUP(B38,'Reference Data 기준데이터'!$A$2:$J$5,6,FALSE)),"") | U38: =IF(T38<>"",T38,IF(AND(S38<>"",Q38<>""),"11-결과등록완료",IF(AND(Q38<>"",S38=""),"10-시험완료",IF(AND(O38<>"",Q38=""),"09-시험준비중",IF(AND(M38<>"",O38=""),"08-단품준비완료",IF(K38="Approved","05-계획서승인",IF(K38="Revision Needed","04-검토중_조건불만족",IF(K38="Under Review","03-검토중_조건충족",IF(AND(J38<>"",K38=""),"02-계획서제출_미검토","01-계획서미제출"))))))))) | V38: =IFS(U38="01-계획서미제출",0,U38="02-계획서제출_미검토",0.05,U38="03-검토중_조건충족",0.1,U38="04-검토중_조건불만족",0.05,U38="05-계획서승인",0.2,U38="06-BIW생산중단",0.15,U38="07-생산완료_미인수",0.3,U38="08-단품준비완료",0.4,U38="09-시험준비중",0.55,U38="10-시험완료",0.85,U38="11-결과등록완료",1,U38="12-조건부승인검토",0.9,TRUE,0) | W38: =IF(S38<>"","-",IF(R38="","N/A",R38-TODAY())) | X38: =IF(U38="11-결과등록완료","DONE",IF(OR(U38="06-BIW생산중단",AND(U38="01-계획서미제출",I38<TODAY())),"CRITICAL",IF(OR(U38="04-검토중_조건불만족",U38="07-생산완료_미인수",U38="12-조건부승인검토"),"ACTION",IF(AND(ISNUMBER(W38),W38<=0),"OVERDUE",IF(AND(ISNUMBER(W38),W38<=14),"WARNING","ON TRACK"))))) | Y38: =IF(U38="11-결과등록완료","— 완료",IF(U38="01-계획서미제출",IF(I38<TODAY(),"계획서 제출 독촉 (OVERDUE)","계획서 제출 대기"),IF(U38="02-계획서제출_미검토","설계자: 계획서 검토 착수",IF(U38="03-검토중_조건충족","설계자: 승인 처리",IF(U38="04-검토중_조건불만족","보완 요청 → 협력사 재제출 독촉",IF(U38="05-계획서승인","시험편 준비 현황 확인",IF(U38="06-BIW생산중단","BIW 생산팀 확인 → 일정 재수립",IF(U38="07-생산완료_미인수","협력사 인수 독촉",IF(U38="08-단품준비완료","시험 일정 확인",IF(U38="09-시험준비중","시험 진행 모니터링",IF(U38="10-시험완료","결과 보고서 전산 등록 독촉",IF(U38="12-조건부승인검토","조건부 승인 여부 판단 → 관련부서 협의","—"))))))))))))
A39: 35 | B39: SU2i | C39: Pillar Trim C | D39: =IFERROR(VLOOKUP(C39,'Reference Data 기준데이터'!$E$8:$F$30,2,FALSE),"") | E39: 연소성 시험 | F39: =IFERROR(VLOOKUP(E39,'Reference Data 기준데이터'!$A$8:$F$30,2,FALSE),"") | G39: =IFERROR(VLOOKUP(B39&"_"&C39,'Reference Data 기준데이터'!$A$33:$B$51,2,FALSE),"") | H39: =IFERROR(VLOOKUP(B39,'Reference Data 기준데이터'!$A$2:$J$5,3,FALSE),"") | I39: =IFERROR(H39+VLOOKUP(B39,'Reference Data 기준데이터'!$A$2:$J$5,7,FALSE),"") | J39: 46092 | K39: Approved | L39: =IFERROR(H39+VLOOKUP(B39,'Reference Data 기준데이터'!$A$2:$J$5,8,FALSE),"") | M39: 46130 | N39: =IFERROR(IF(ISNUMBER(SEARCH("Vehicle",F39)),MAX(H39+VLOOKUP(B39,'Reference Data 기준데이터'!$A$2:$J$5,9,FALSE),VLOOKUP(B39,'Reference Data 기준데이터'!$A$2:$J$5,4,FALSE)),H39+VLOOKUP(B39,'Reference Data 기준데이터'!$A$2:$J$5,9,FALSE)),"") | O39: 46149 | P39: =IFERROR(N39+VLOOKUP(E39,'Reference Data 기준데이터'!$A$8:$F$30,4,FALSE),"") | R39: =IFERROR(MIN(H39+VLOOKUP(B39,'Reference Data 기준데이터'!$A$2:$J$5,10,FALSE),VLOOKUP(B39,'Reference Data 기준데이터'!$A$2:$J$5,6,FALSE)),"") | U39: =IF(T39<>"",T39,IF(AND(S39<>"",Q39<>""),"11-결과등록완료",IF(AND(Q39<>"",S39=""),"10-시험완료",IF(AND(O39<>"",Q39=""),"09-시험준비중",IF(AND(M39<>"",O39=""),"08-단품준비완료",IF(K39="Approved","05-계획서승인",IF(K39="Revision Needed","04-검토중_조건불만족",IF(K39="Under Review","03-검토중_조건충족",IF(AND(J39<>"",K39=""),"02-계획서제출_미검토","01-계획서미제출"))))))))) | V39: =IFS(U39="01-계획서미제출",0,U39="02-계획서제출_미검토",0.05,U39="03-검토중_조건충족",0.1,U39="04-검토중_조건불만족",0.05,U39="05-계획서승인",0.2,U39="06-BIW생산중단",0.15,U39="07-생산완료_미인수",0.3,U39="08-단품준비완료",0.4,U39="09-시험준비중",0.55,U39="10-시험완료",0.85,U39="11-결과등록완료",1,U39="12-조건부승인검토",0.9,TRUE,0) | W39: =IF(S39<>"","-",IF(R39="","N/A",R39-TODAY())) | X39: =IF(U39="11-결과등록완료","DONE",IF(OR(U39="06-BIW생산중단",AND(U39="01-계획서미제출",I39<TODAY())),"CRITICAL",IF(OR(U39="04-검토중_조건불만족",U39="07-생산완료_미인수",U39="12-조건부승인검토"),"ACTION",IF(AND(ISNUMBER(W39),W39<=0),"OVERDUE",IF(AND(ISNUMBER(W39),W39<=14),"WARNING","ON TRACK"))))) | Y39: =IF(U39="11-결과등록완료","— 완료",IF(U39="01-계획서미제출",IF(I39<TODAY(),"계획서 제출 독촉 (OVERDUE)","계획서 제출 대기"),IF(U39="02-계획서제출_미검토","설계자: 계획서 검토 착수",IF(U39="03-검토중_조건충족","설계자: 승인 처리",IF(U39="04-검토중_조건불만족","보완 요청 → 협력사 재제출 독촉",IF(U39="05-계획서승인","시험편 준비 현황 확인",IF(U39="06-BIW생산중단","BIW 생산팀 확인 → 일정 재수립",IF(U39="07-생산완료_미인수","협력사 인수 독촉",IF(U39="08-단품준비완료","시험 일정 확인",IF(U39="09-시험준비중","시험 진행 모니터링",IF(U39="10-시험완료","결과 보고서 전산 등록 독촉",IF(U39="12-조건부승인검토","조건부 승인 여부 판단 → 관련부서 협의","—"))))))))))))
A40: 36 | B40: SU2i | C40: Pillar Trim C | D40: =IFERROR(VLOOKUP(C40,'Reference Data 기준데이터'!$E$8:$F$30,2,FALSE),"") | E40: 치수 검사 | F40: =IFERROR(VLOOKUP(E40,'Reference Data 기준데이터'!$A$8:$F$30,2,FALSE),"") | G40: =IFERROR(VLOOKUP(B40&"_"&C40,'Reference Data 기준데이터'!$A$33:$B$51,2,FALSE),"") | H40: =IFERROR(VLOOKUP(B40,'Reference Data 기준데이터'!$A$2:$J$5,3,FALSE),"") | I40: =IFERROR(H40+VLOOKUP(B40,'Reference Data 기준데이터'!$A$2:$J$5,7,FALSE),"") | J40: 46093 | K40: Approved | L40: =IFERROR(H40+VLOOKUP(B40,'Reference Data 기준데이터'!$A$2:$J$5,8,FALSE),"") | M40: 46131 | N40: =IFERROR(IF(ISNUMBER(SEARCH("Vehicle",F40)),MAX(H40+VLOOKUP(B40,'Reference Data 기준데이터'!$A$2:$J$5,9,FALSE),VLOOKUP(B40,'Reference Data 기준데이터'!$A$2:$J$5,4,FALSE)),H40+VLOOKUP(B40,'Reference Data 기준데이터'!$A$2:$J$5,9,FALSE)),"") | O40: 46144 | P40: =IFERROR(N40+VLOOKUP(E40,'Reference Data 기준데이터'!$A$8:$F$30,4,FALSE),"") | Q40: 46168 | R40: =IFERROR(MIN(H40+VLOOKUP(B40,'Reference Data 기준데이터'!$A$2:$J$5,10,FALSE),VLOOKUP(B40,'Reference Data 기준데이터'!$A$2:$J$5,6,FALSE)),"") | S40: 46175 | U40: =IF(T40<>"",T40,IF(AND(S40<>"",Q40<>""),"11-결과등록완료",IF(AND(Q40<>"",S40=""),"10-시험완료",IF(AND(O40<>"",Q40=""),"09-시험준비중",IF(AND(M40<>"",O40=""),"08-단품준비완료",IF(K40="Approved","05-계획서승인",IF(K40="Revision Needed","04-검토중_조건불만족",IF(K40="Under Review","03-검토중_조건충족",IF(AND(J40<>"",K40=""),"02-계획서제출_미검토","01-계획서미제출"))))))))) | V40: =IFS(U40="01-계획서미제출",0,U40="02-계획서제출_미검토",0.05,U40="03-검토중_조건충족",0.1,U40="04-검토중_조건불만족",0.05,U40="05-계획서승인",0.2,U40="06-BIW생산중단",0.15,U40="07-생산완료_미인수",0.3,U40="08-단품준비완료",0.4,U40="09-시험준비중",0.55,U40="10-시험완료",0.85,U40="11-결과등록완료",1,U40="12-조건부승인검토",0.9,TRUE,0) | W40: =IF(S40<>"","-",IF(R40="","N/A",R40-TODAY())) | X40: =IF(U40="11-결과등록완료","DONE",IF(OR(U40="06-BIW생산중단",AND(U40="01-계획서미제출",I40<TODAY())),"CRITICAL",IF(OR(U40="04-검토중_조건불만족",U40="07-생산완료_미인수",U40="12-조건부승인검토"),"ACTION",IF(AND(ISNUMBER(W40),W40<=0),"OVERDUE",IF(AND(ISNUMBER(W40),W40<=14),"WARNING","ON TRACK"))))) | Y40: =IF(U40="11-결과등록완료","— 완료",IF(U40="01-계획서미제출",IF(I40<TODAY(),"계획서 제출 독촉 (OVERDUE)","계획서 제출 대기"),IF(U40="02-계획서제출_미검토","설계자: 계획서 검토 착수",IF(U40="03-검토중_조건충족","설계자: 승인 처리",IF(U40="04-검토중_조건불만족","보완 요청 → 협력사 재제출 독촉",IF(U40="05-계획서승인","시험편 준비 현황 확인",IF(U40="06-BIW생산중단","BIW 생산팀 확인 → 일정 재수립",IF(U40="07-생산완료_미인수","협력사 인수 독촉",IF(U40="08-단품준비완료","시험 일정 확인",IF(U40="09-시험준비중","시험 진행 모니터링",IF(U40="10-시험완료","결과 보고서 전산 등록 독촉",IF(U40="12-조건부승인검토","조건부 승인 여부 판단 → 관련부서 협의","—"))))))))))))
A41: 37 | B41: SU2i | C41: Front Seat Assy LH | D41: =IFERROR(VLOOKUP(C41,'Reference Data 기준데이터'!$E$8:$F$30,2,FALSE),"") | E41: 시트 내구 시험 | F41: =IFERROR(VLOOKUP(E41,'Reference Data 기준데이터'!$A$8:$F$30,2,FALSE),"") | G41: =IFERROR(VLOOKUP(B41&"_"&C41,'Reference Data 기준데이터'!$A$33:$B$51,2,FALSE),"") | H41: =IFERROR(VLOOKUP(B41,'Reference Data 기준데이터'!$A$2:$J$5,3,FALSE),"") | I41: =IFERROR(H41+VLOOKUP(B41,'Reference Data 기준데이터'!$A$2:$J$5,7,FALSE),"") | J41: 46094 | K41: Approved | L41: =IFERROR(H41+VLOOKUP(B41,'Reference Data 기준데이터'!$A$2:$J$5,8,FALSE),"") | M41: 46132 | N41: =IFERROR(IF(ISNUMBER(SEARCH("Vehicle",F41)),MAX(H41+VLOOKUP(B41,'Reference Data 기준데이터'!$A$2:$J$5,9,FALSE),VLOOKUP(B41,'Reference Data 기준데이터'!$A$2:$J$5,4,FALSE)),H41+VLOOKUP(B41,'Reference Data 기준데이터'!$A$2:$J$5,9,FALSE)),"") | P41: =IFERROR(N41+VLOOKUP(E41,'Reference Data 기준데이터'!$A$8:$F$30,4,FALSE),"") | R41: =IFERROR(MIN(H41+VLOOKUP(B41,'Reference Data 기준데이터'!$A$2:$J$5,10,FALSE),VLOOKUP(B41,'Reference Data 기준데이터'!$A$2:$J$5,6,FALSE)),"") | T41: 07-생산완료_미인수 | U41: =IF(T41<>"",T41,IF(AND(S41<>"",Q41<>""),"11-결과등록완료",IF(AND(Q41<>"",S41=""),"10-시험완료",IF(AND(O41<>"",Q41=""),"09-시험준비중",IF(AND(M41<>"",O41=""),"08-단품준비완료",IF(K41="Approved","05-계획서승인",IF(K41="Revision Needed","04-검토중_조건불만족",IF(K41="Under Review","03-검토중_조건충족",IF(AND(J41<>"",K41=""),"02-계획서제출_미검토","01-계획서미제출"))))))))) | V41: =IFS(U41="01-계획서미제출",0,U41="02-계획서제출_미검토",0.05,U41="03-검토중_조건충족",0.1,U41="04-검토중_조건불만족",0.05,U41="05-계획서승인",0.2,U41="06-BIW생산중단",0.15,U41="07-생산완료_미인수",0.3,U41="08-단품준비완료",0.4,U41="09-시험준비중",0.55,U41="10-시험완료",0.85,U41="11-결과등록완료",1,U41="12-조건부승인검토",0.9,TRUE,0) | W41: =IF(S41<>"","-",IF(R41="","N/A",R41-TODAY())) | X41: =IF(U41="11-결과등록완료","DONE",IF(OR(U41="06-BIW생산중단",AND(U41="01-계획서미제출",I41<TODAY())),"CRITICAL",IF(OR(U41="04-검토중_조건불만족",U41="07-생산완료_미인수",U41="12-조건부승인검토"),"ACTION",IF(AND(ISNUMBER(W41),W41<=0),"OVERDUE",IF(AND(ISNUMBER(W41),W41<=14),"WARNING","ON TRACK"))))) | Y41: =IF(U41="11-결과등록완료","— 완료",IF(U41="01-계획서미제출",IF(I41<TODAY(),"계획서 제출 독촉 (OVERDUE)","계획서 제출 대기"),IF(U41="02-계획서제출_미검토","설계자: 계획서 검토 착수",IF(U41="03-검토중_조건충족","설계자: 승인 처리",IF(U41="04-검토중_조건불만족","보완 요청 → 협력사 재제출 독촉",IF(U41="05-계획서승인","시험편 준비 현황 확인",IF(U41="06-BIW생산중단","BIW 생산팀 확인 → 일정 재수립",IF(U41="07-생산완료_미인수","협력사 인수 독촉",IF(U41="08-단품준비완료","시험 일정 확인",IF(U41="09-시험준비중","시험 진행 모니터링",IF(U41="10-시험완료","결과 보고서 전산 등록 독촉",IF(U41="12-조건부승인검토","조건부 승인 여부 판단 → 관련부서 협의","—"))))))))))))
A42: 38 | B42: SU2i | C42: Front Seat Assy LH | D42: =IFERROR(VLOOKUP(C42,'Reference Data 기준데이터'!$E$8:$F$30,2,FALSE),"") | E42: 안전벨트 앵커리지 | F42: =IFERROR(VLOOKUP(E42,'Reference Data 기준데이터'!$A$8:$F$30,2,FALSE),"") | G42: =IFERROR(VLOOKUP(B42&"_"&C42,'Reference Data 기준데이터'!$A$33:$B$51,2,FALSE),"") | H42: =IFERROR(VLOOKUP(B42,'Reference Data 기준데이터'!$A$2:$J$5,3,FALSE),"") | I42: =IFERROR(H42+VLOOKUP(B42,'Reference Data 기준데이터'!$A$2:$J$5,7,FALSE),"") | J42: 46095 | K42: Approved | L42: =IFERROR(H42+VLOOKUP(B42,'Reference Data 기준데이터'!$A$2:$J$5,8,FALSE),"") | N42: =IFERROR(IF(ISNUMBER(SEARCH("Vehicle",F42)),MAX(H42+VLOOKUP(B42,'Reference Data 기준데이터'!$A$2:$J$5,9,FALSE),VLOOKUP(B42,'Reference Data 기준데이터'!$A$2:$J$5,4,FALSE)),H42+VLOOKUP(B42,'Reference Data 기준데이터'!$A$2:$J$5,9,FALSE)),"") | P42: =IFERROR(N42+VLOOKUP(E42,'Reference Data 기준데이터'!$A$8:$F$30,4,FALSE),"") | R42: =IFERROR(MIN(H42+VLOOKUP(B42,'Reference Data 기준데이터'!$A$2:$J$5,10,FALSE),VLOOKUP(B42,'Reference Data 기준데이터'!$A$2:$J$5,6,FALSE)),"") | U42: =IF(T42<>"",T42,IF(AND(S42<>"",Q42<>""),"11-결과등록완료",IF(AND(Q42<>"",S42=""),"10-시험완료",IF(AND(O42<>"",Q42=""),"09-시험준비중",IF(AND(M42<>"",O42=""),"08-단품준비완료",IF(K42="Approved","05-계획서승인",IF(K42="Revision Needed","04-검토중_조건불만족",IF(K42="Under Review","03-검토중_조건충족",IF(AND(J42<>"",K42=""),"02-계획서제출_미검토","01-계획서미제출"))))))))) | V42: =IFS(U42="01-계획서미제출",0,U42="02-계획서제출_미검토",0.05,U42="03-검토중_조건충족",0.1,U42="04-검토중_조건불만족",0.05,U42="05-계획서승인",0.2,U42="06-BIW생산중단",0.15,U42="07-생산완료_미인수",0.3,U42="08-단품준비완료",0.4,U42="09-시험준비중",0.55,U42="10-시험완료",0.85,U42="11-결과등록완료",1,U42="12-조건부승인검토",0.9,TRUE,0) | W42: =IF(S42<>"","-",IF(R42="","N/A",R42-TODAY())) | X42: =IF(U42="11-결과등록완료","DONE",IF(OR(U42="06-BIW생산중단",AND(U42="01-계획서미제출",I42<TODAY())),"CRITICAL",IF(OR(U42="04-검토중_조건불만족",U42="07-생산완료_미인수",U42="12-조건부승인검토"),"ACTION",IF(AND(ISNUMBER(W42),W42<=0),"OVERDUE",IF(AND(ISNUMBER(W42),W42<=14),"WARNING","ON TRACK"))))) | Y42: =IF(U42="11-결과등록완료","— 완료",IF(U42="01-계획서미제출",IF(I42<TODAY(),"계획서 제출 독촉 (OVERDUE)","계획서 제출 대기"),IF(U42="02-계획서제출_미검토","설계자: 계획서 검토 착수",IF(U42="03-검토중_조건충족","설계자: 승인 처리",IF(U42="04-검토중_조건불만족","보완 요청 → 협력사 재제출 독촉",IF(U42="05-계획서승인","시험편 준비 현황 확인",IF(U42="06-BIW생산중단","BIW 생산팀 확인 → 일정 재수립",IF(U42="07-생산완료_미인수","협력사 인수 독촉",IF(U42="08-단품준비완료","시험 일정 확인",IF(U42="09-시험준비중","시험 진행 모니터링",IF(U42="10-시험완료","결과 보고서 전산 등록 독촉",IF(U42="12-조건부승인검토","조건부 승인 여부 판단 → 관련부서 협의","—"))))))))))))
A43: 39 | B43: SU2i | C43: Front Seat Assy LH | D43: =IFERROR(VLOOKUP(C43,'Reference Data 기준데이터'!$E$8:$F$30,2,FALSE),"") | E43: H-Point 검증 | F43: =IFERROR(VLOOKUP(E43,'Reference Data 기준데이터'!$A$8:$F$30,2,FALSE),"") | G43: =IFERROR(VLOOKUP(B43&"_"&C43,'Reference Data 기준데이터'!$A$33:$B$51,2,FALSE),"") | H43: =IFERROR(VLOOKUP(B43,'Reference Data 기준데이터'!$A$2:$J$5,3,FALSE),"") | I43: =IFERROR(H43+VLOOKUP(B43,'Reference Data 기준데이터'!$A$2:$J$5,7,FALSE),"") | J43: 46096 | K43: Approved | L43: =IFERROR(H43+VLOOKUP(B43,'Reference Data 기준데이터'!$A$2:$J$5,8,FALSE),"") | M43: 46134 | N43: =IFERROR(IF(ISNUMBER(SEARCH("Vehicle",F43)),MAX(H43+VLOOKUP(B43,'Reference Data 기준데이터'!$A$2:$J$5,9,FALSE),VLOOKUP(B43,'Reference Data 기준데이터'!$A$2:$J$5,4,FALSE)),H43+VLOOKUP(B43,'Reference Data 기준데이터'!$A$2:$J$5,9,FALSE)),"") | O43: 46147 | P43: =IFERROR(N43+VLOOKUP(E43,'Reference Data 기준데이터'!$A$8:$F$30,4,FALSE),"") | R43: =IFERROR(MIN(H43+VLOOKUP(B43,'Reference Data 기준데이터'!$A$2:$J$5,10,FALSE),VLOOKUP(B43,'Reference Data 기준데이터'!$A$2:$J$5,6,FALSE)),"") | U43: =IF(T43<>"",T43,IF(AND(S43<>"",Q43<>""),"11-결과등록완료",IF(AND(Q43<>"",S43=""),"10-시험완료",IF(AND(O43<>"",Q43=""),"09-시험준비중",IF(AND(M43<>"",O43=""),"08-단품준비완료",IF(K43="Approved","05-계획서승인",IF(K43="Revision Needed","04-검토중_조건불만족",IF(K43="Under Review","03-검토중_조건충족",IF(AND(J43<>"",K43=""),"02-계획서제출_미검토","01-계획서미제출"))))))))) | V43: =IFS(U43="01-계획서미제출",0,U43="02-계획서제출_미검토",0.05,U43="03-검토중_조건충족",0.1,U43="04-검토중_조건불만족",0.05,U43="05-계획서승인",0.2,U43="06-BIW생산중단",0.15,U43="07-생산완료_미인수",0.3,U43="08-단품준비완료",0.4,U43="09-시험준비중",0.55,U43="10-시험완료",0.85,U43="11-결과등록완료",1,U43="12-조건부승인검토",0.9,TRUE,0) | W43: =IF(S43<>"","-",IF(R43="","N/A",R43-TODAY())) | X43: =IF(U43="11-결과등록완료","DONE",IF(OR(U43="06-BIW생산중단",AND(U43="01-계획서미제출",I43<TODAY())),"CRITICAL",IF(OR(U43="04-검토중_조건불만족",U43="07-생산완료_미인수",U43="12-조건부승인검토"),"ACTION",IF(AND(ISNUMBER(W43),W43<=0),"OVERDUE",IF(AND(ISNUMBER(W43),W43<=14),"WARNING","ON TRACK"))))) | Y43: =IF(U43="11-결과등록완료","— 완료",IF(U43="01-계획서미제출",IF(I43<TODAY(),"계획서 제출 독촉 (OVERDUE)","계획서 제출 대기"),IF(U43="02-계획서제출_미검토","설계자: 계획서 검토 착수",IF(U43="03-검토중_조건충족","설계자: 승인 처리",IF(U43="04-검토중_조건불만족","보완 요청 → 협력사 재제출 독촉",IF(U43="05-계획서승인","시험편 준비 현황 확인",IF(U43="06-BIW생산중단","BIW 생산팀 확인 → 일정 재수립",IF(U43="07-생산완료_미인수","협력사 인수 독촉",IF(U43="08-단품준비완료","시험 일정 확인",IF(U43="09-시험준비중","시험 진행 모니터링",IF(U43="10-시험완료","결과 보고서 전산 등록 독촉",IF(U43="12-조건부승인검토","조건부 승인 여부 판단 → 관련부서 협의","—"))))))))))))
A44: 40 | B44: SU2i | C44: Front Seat Assy LH | D44: =IFERROR(VLOOKUP(C44,'Reference Data 기준데이터'!$E$8:$F$30,2,FALSE),"") | E44: BSR 시험 | F44: =IFERROR(VLOOKUP(E44,'Reference Data 기준데이터'!$A$8:$F$30,2,FALSE),"") | G44: =IFERROR(VLOOKUP(B44&"_"&C44,'Reference Data 기준데이터'!$A$33:$B$51,2,FALSE),"") | H44: =IFERROR(VLOOKUP(B44,'Reference Data 기준데이터'!$A$2:$J$5,3,FALSE),"") | I44: =IFERROR(H44+VLOOKUP(B44,'Reference Data 기준데이터'!$A$2:$J$5,7,FALSE),"") | J44: 46092 | K44: Approved | L44: =IFERROR(H44+VLOOKUP(B44,'Reference Data 기준데이터'!$A$2:$J$5,8,FALSE),"") | M44: 46127 | N44: =IFERROR(IF(ISNUMBER(SEARCH("Vehicle",F44)),MAX(H44+VLOOKUP(B44,'Reference Data 기준데이터'!$A$2:$J$5,9,FALSE),VLOOKUP(B44,'Reference Data 기준데이터'!$A$2:$J$5,4,FALSE)),H44+VLOOKUP(B44,'Reference Data 기준데이터'!$A$2:$J$5,9,FALSE)),"") | O44: 46148 | P44: =IFERROR(N44+VLOOKUP(E44,'Reference Data 기준데이터'!$A$8:$F$30,4,FALSE),"") | Q44: 46172 | R44: =IFERROR(MIN(H44+VLOOKUP(B44,'Reference Data 기준데이터'!$A$2:$J$5,10,FALSE),VLOOKUP(B44,'Reference Data 기준데이터'!$A$2:$J$5,6,FALSE)),"") | U44: =IF(T44<>"",T44,IF(AND(S44<>"",Q44<>""),"11-결과등록완료",IF(AND(Q44<>"",S44=""),"10-시험완료",IF(AND(O44<>"",Q44=""),"09-시험준비중",IF(AND(M44<>"",O44=""),"08-단품준비완료",IF(K44="Approved","05-계획서승인",IF(K44="Revision Needed","04-검토중_조건불만족",IF(K44="Under Review","03-검토중_조건충족",IF(AND(J44<>"",K44=""),"02-계획서제출_미검토","01-계획서미제출"))))))))) | V44: =IFS(U44="01-계획서미제출",0,U44="02-계획서제출_미검토",0.05,U44="03-검토중_조건충족",0.1,U44="04-검토중_조건불만족",0.05,U44="05-계획서승인",0.2,U44="06-BIW생산중단",0.15,U44="07-생산완료_미인수",0.3,U44="08-단품준비완료",0.4,U44="09-시험준비중",0.55,U44="10-시험완료",0.85,U44="11-결과등록완료",1,U44="12-조건부승인검토",0.9,TRUE,0) | W44: =IF(S44<>"","-",IF(R44="","N/A",R44-TODAY())) | X44: =IF(U44="11-결과등록완료","DONE",IF(OR(U44="06-BIW생산중단",AND(U44="01-계획서미제출",I44<TODAY())),"CRITICAL",IF(OR(U44="04-검토중_조건불만족",U44="07-생산완료_미인수",U44="12-조건부승인검토"),"ACTION",IF(AND(ISNUMBER(W44),W44<=0),"OVERDUE",IF(AND(ISNUMBER(W44),W44<=14),"WARNING","ON TRACK"))))) | Y44: =IF(U44="11-결과등록완료","— 완료",IF(U44="01-계획서미제출",IF(I44<TODAY(),"계획서 제출 독촉 (OVERDUE)","계획서 제출 대기"),IF(U44="02-계획서제출_미검토","설계자: 계획서 검토 착수",IF(U44="03-검토중_조건충족","설계자: 승인 처리",IF(U44="04-검토중_조건불만족","보완 요청 → 협력사 재제출 독촉",IF(U44="05-계획서승인","시험편 준비 현황 확인",IF(U44="06-BIW생산중단","BIW 생산팀 확인 → 일정 재수립",IF(U44="07-생산완료_미인수","협력사 인수 독촉",IF(U44="08-단품준비완료","시험 일정 확인",IF(U44="09-시험준비중","시험 진행 모니터링",IF(U44="10-시험완료","결과 보고서 전산 등록 독촉",IF(U44="12-조건부승인검토","조건부 승인 여부 판단 → 관련부서 협의","—"))))))))))))
A45: 41 | B45: SU2i | C45: Rear Seat Assy | D45: =IFERROR(VLOOKUP(C45,'Reference Data 기준데이터'!$E$8:$F$30,2,FALSE),"") | E45: 시트 내구 시험 | F45: =IFERROR(VLOOKUP(E45,'Reference Data 기준데이터'!$A$8:$F$30,2,FALSE),"") | G45: =IFERROR(VLOOKUP(B45&"_"&C45,'Reference Data 기준데이터'!$A$33:$B$51,2,FALSE),"") | H45: =IFERROR(VLOOKUP(B45,'Reference Data 기준데이터'!$A$2:$J$5,3,FALSE),"") | I45: =IFERROR(H45+VLOOKUP(B45,'Reference Data 기준데이터'!$A$2:$J$5,7,FALSE),"") | J45: 46093 | K45: Approved | L45: =IFERROR(H45+VLOOKUP(B45,'Reference Data 기준데이터'!$A$2:$J$5,8,FALSE),"") | M45: 46128 | N45: =IFERROR(IF(ISNUMBER(SEARCH("Vehicle",F45)),MAX(H45+VLOOKUP(B45,'Reference Data 기준데이터'!$A$2:$J$5,9,FALSE),VLOOKUP(B45,'Reference Data 기준데이터'!$A$2:$J$5,4,FALSE)),H45+VLOOKUP(B45,'Reference Data 기준데이터'!$A$2:$J$5,9,FALSE)),"") | P45: =IFERROR(N45+VLOOKUP(E45,'Reference Data 기준데이터'!$A$8:$F$30,4,FALSE),"") | R45: =IFERROR(MIN(H45+VLOOKUP(B45,'Reference Data 기준데이터'!$A$2:$J$5,10,FALSE),VLOOKUP(B45,'Reference Data 기준데이터'!$A$2:$J$5,6,FALSE)),"") | U45: =IF(T45<>"",T45,IF(AND(S45<>"",Q45<>""),"11-결과등록완료",IF(AND(Q45<>"",S45=""),"10-시험완료",IF(AND(O45<>"",Q45=""),"09-시험준비중",IF(AND(M45<>"",O45=""),"08-단품준비완료",IF(K45="Approved","05-계획서승인",IF(K45="Revision Needed","04-검토중_조건불만족",IF(K45="Under Review","03-검토중_조건충족",IF(AND(J45<>"",K45=""),"02-계획서제출_미검토","01-계획서미제출"))))))))) | V45: =IFS(U45="01-계획서미제출",0,U45="02-계획서제출_미검토",0.05,U45="03-검토중_조건충족",0.1,U45="04-검토중_조건불만족",0.05,U45="05-계획서승인",0.2,U45="06-BIW생산중단",0.15,U45="07-생산완료_미인수",0.3,U45="08-단품준비완료",0.4,U45="09-시험준비중",0.55,U45="10-시험완료",0.85,U45="11-결과등록완료",1,U45="12-조건부승인검토",0.9,TRUE,0) | W45: =IF(S45<>"","-",IF(R45="","N/A",R45-TODAY())) | X45: =IF(U45="11-결과등록완료","DONE",IF(OR(U45="06-BIW생산중단",AND(U45="01-계획서미제출",I45<TODAY())),"CRITICAL",IF(OR(U45="04-검토중_조건불만족",U45="07-생산완료_미인수",U45="12-조건부승인검토"),"ACTION",IF(AND(ISNUMBER(W45),W45<=0),"OVERDUE",IF(AND(ISNUMBER(W45),W45<=14),"WARNING","ON TRACK"))))) | Y45: =IF(U45="11-결과등록완료","— 완료",IF(U45="01-계획서미제출",IF(I45<TODAY(),"계획서 제출 독촉 (OVERDUE)","계획서 제출 대기"),IF(U45="02-계획서제출_미검토","설계자: 계획서 검토 착수",IF(U45="03-검토중_조건충족","설계자: 승인 처리",IF(U45="04-검토중_조건불만족","보완 요청 → 협력사 재제출 독촉",IF(U45="05-계획서승인","시험편 준비 현황 확인",IF(U45="06-BIW생산중단","BIW 생산팀 확인 → 일정 재수립",IF(U45="07-생산완료_미인수","협력사 인수 독촉",IF(U45="08-단품준비완료","시험 일정 확인",IF(U45="09-시험준비중","시험 진행 모니터링",IF(U45="10-시험완료","결과 보고서 전산 등록 독촉",IF(U45="12-조건부승인검토","조건부 승인 여부 판단 → 관련부서 협의","—"))))))))))))
A46: 42 | B46: SU2i | C46: Rear Seat Assy | D46: =IFERROR(VLOOKUP(C46,'Reference Data 기준데이터'!$E$8:$F$30,2,FALSE),"") | E46: ISOFIX 강도 시험 | F46: =IFERROR(VLOOKUP(E46,'Reference Data 기준데이터'!$A$8:$F$30,2,FALSE),"") | G46: =IFERROR(VLOOKUP(B46&"_"&C46,'Reference Data 기준데이터'!$A$33:$B$51,2,FALSE),"") | H46: =IFERROR(VLOOKUP(B46,'Reference Data 기준데이터'!$A$2:$J$5,3,FALSE),"") | I46: =IFERROR(H46+VLOOKUP(B46,'Reference Data 기준데이터'!$A$2:$J$5,7,FALSE),"") | J46: 46094 | K46: Approved | L46: =IFERROR(H46+VLOOKUP(B46,'Reference Data 기준데이터'!$A$2:$J$5,8,FALSE),"") | M46: 46129 | N46: =IFERROR(IF(ISNUMBER(SEARCH("Vehicle",F46)),MAX(H46+VLOOKUP(B46,'Reference Data 기준데이터'!$A$2:$J$5,9,FALSE),VLOOKUP(B46,'Reference Data 기준데이터'!$A$2:$J$5,4,FALSE)),H46+VLOOKUP(B46,'Reference Data 기준데이터'!$A$2:$J$5,9,FALSE)),"") | O46: 46144 | P46: =IFERROR(N46+VLOOKUP(E46,'Reference Data 기준데이터'!$A$8:$F$30,4,FALSE),"") | Q46: 46167 | R46: =IFERROR(MIN(H46+VLOOKUP(B46,'Reference Data 기준데이터'!$A$2:$J$5,10,FALSE),VLOOKUP(B46,'Reference Data 기준데이터'!$A$2:$J$5,6,FALSE)),"") | S46: 46177 | T46: 12-조건부승인검토 | U46: =IF(T46<>"",T46,IF(AND(S46<>"",Q46<>""),"11-결과등록완료",IF(AND(Q46<>"",S46=""),"10-시험완료",IF(AND(O46<>"",Q46=""),"09-시험준비중",IF(AND(M46<>"",O46=""),"08-단품준비완료",IF(K46="Approved","05-계획서승인",IF(K46="Revision Needed","04-검토중_조건불만족",IF(K46="Under Review","03-검토중_조건충족",IF(AND(J46<>"",K46=""),"02-계획서제출_미검토","01-계획서미제출"))))))))) | V46: =IFS(U46="01-계획서미제출",0,U46="02-계획서제출_미검토",0.05,U46="03-검토중_조건충족",0.1,U46="04-검토중_조건불만족",0.05,U46="05-계획서승인",0.2,U46="06-BIW생산중단",0.15,U46="07-생산완료_미인수",0.3,U46="08-단품준비완료",0.4,U46="09-시험준비중",0.55,U46="10-시험완료",0.85,U46="11-결과등록완료",1,U46="12-조건부승인검토",0.9,TRUE,0) | W46: =IF(S46<>"","-",IF(R46="","N/A",R46-TODAY())) | X46: =IF(U46="11-결과등록완료","DONE",IF(OR(U46="06-BIW생산중단",AND(U46="01-계획서미제출",I46<TODAY())),"CRITICAL",IF(OR(U46="04-검토중_조건불만족",U46="07-생산완료_미인수",U46="12-조건부승인검토"),"ACTION",IF(AND(ISNUMBER(W46),W46<=0),"OVERDUE",IF(AND(ISNUMBER(W46),W46<=14),"WARNING","ON TRACK"))))) | Y46: =IF(U46="11-결과등록완료","— 완료",IF(U46="01-계획서미제출",IF(I46<TODAY(),"계획서 제출 독촉 (OVERDUE)","계획서 제출 대기"),IF(U46="02-계획서제출_미검토","설계자: 계획서 검토 착수",IF(U46="03-검토중_조건충족","설계자: 승인 처리",IF(U46="04-검토중_조건불만족","보완 요청 → 협력사 재제출 독촉",IF(U46="05-계획서승인","시험편 준비 현황 확인",IF(U46="06-BIW생산중단","BIW 생산팀 확인 → 일정 재수립",IF(U46="07-생산완료_미인수","협력사 인수 독촉",IF(U46="08-단품준비완료","시험 일정 확인",IF(U46="09-시험준비중","시험 진행 모니터링",IF(U46="10-시험완료","결과 보고서 전산 등록 독촉",IF(U46="12-조건부승인검토","조건부 승인 여부 판단 → 관련부서 협의","—"))))))))))))
A47: 43 | B47: SU2i | C47: Rear Seat Assy | D47: =IFERROR(VLOOKUP(C47,'Reference Data 기준데이터'!$E$8:$F$30,2,FALSE),"") | E47: 수하물 충격 시험 | F47: =IFERROR(VLOOKUP(E47,'Reference Data 기준데이터'!$A$8:$F$30,2,FALSE),"") | G47: =IFERROR(VLOOKUP(B47&"_"&C47,'Reference Data 기준데이터'!$A$33:$B$51,2,FALSE),"") | H47: =IFERROR(VLOOKUP(B47,'Reference Data 기준데이터'!$A$2:$J$5,3,FALSE),"") | I47: =IFERROR(H47+VLOOKUP(B47,'Reference Data 기준데이터'!$A$2:$J$5,7,FALSE),"") | J47: 46095 | K47: Approved | L47: =IFERROR(H47+VLOOKUP(B47,'Reference Data 기준데이터'!$A$2:$J$5,8,FALSE),"") | M47: 46130 | N47: =IFERROR(IF(ISNUMBER(SEARCH("Vehicle",F47)),MAX(H47+VLOOKUP(B47,'Reference Data 기준데이터'!$A$2:$J$5,9,FALSE),VLOOKUP(B47,'Reference Data 기준데이터'!$A$2:$J$5,4,FALSE)),H47+VLOOKUP(B47,'Reference Data 기준데이터'!$A$2:$J$5,9,FALSE)),"") | O47: 46145 | P47: =IFERROR(N47+VLOOKUP(E47,'Reference Data 기준데이터'!$A$8:$F$30,4,FALSE),"") | Q47: 46168 | R47: =IFERROR(MIN(H47+VLOOKUP(B47,'Reference Data 기준데이터'!$A$2:$J$5,10,FALSE),VLOOKUP(B47,'Reference Data 기준데이터'!$A$2:$J$5,6,FALSE)),"") | S47: 46178 | U47: =IF(T47<>"",T47,IF(AND(S47<>"",Q47<>""),"11-결과등록완료",IF(AND(Q47<>"",S47=""),"10-시험완료",IF(AND(O47<>"",Q47=""),"09-시험준비중",IF(AND(M47<>"",O47=""),"08-단품준비완료",IF(K47="Approved","05-계획서승인",IF(K47="Revision Needed","04-검토중_조건불만족",IF(K47="Under Review","03-검토중_조건충족",IF(AND(J47<>"",K47=""),"02-계획서제출_미검토","01-계획서미제출"))))))))) | V47: =IFS(U47="01-계획서미제출",0,U47="02-계획서제출_미검토",0.05,U47="03-검토중_조건충족",0.1,U47="04-검토중_조건불만족",0.05,U47="05-계획서승인",0.2,U47="06-BIW생산중단",0.15,U47="07-생산완료_미인수",0.3,U47="08-단품준비완료",0.4,U47="09-시험준비중",0.55,U47="10-시험완료",0.85,U47="11-결과등록완료",1,U47="12-조건부승인검토",0.9,TRUE,0) | W47: =IF(S47<>"","-",IF(R47="","N/A",R47-TODAY())) | X47: =IF(U47="11-결과등록완료","DONE",IF(OR(U47="06-BIW생산중단",AND(U47="01-계획서미제출",I47<TODAY())),"CRITICAL",IF(OR(U47="04-검토중_조건불만족",U47="07-생산완료_미인수",U47="12-조건부승인검토"),"ACTION",IF(AND(ISNUMBER(W47),W47<=0),"OVERDUE",IF(AND(ISNUMBER(W47),W47<=14),"WARNING","ON TRACK"))))) | Y47: =IF(U47="11-결과등록완료","— 완료",IF(U47="01-계획서미제출",IF(I47<TODAY(),"계획서 제출 독촉 (OVERDUE)","계획서 제출 대기"),IF(U47="02-계획서제출_미검토","설계자: 계획서 검토 착수",IF(U47="03-검토중_조건충족","설계자: 승인 처리",IF(U47="04-검토중_조건불만족","보완 요청 → 협력사 재제출 독촉",IF(U47="05-계획서승인","시험편 준비 현황 확인",IF(U47="06-BIW생산중단","BIW 생산팀 확인 → 일정 재수립",IF(U47="07-생산완료_미인수","협력사 인수 독촉",IF(U47="08-단품준비완료","시험 일정 확인",IF(U47="09-시험준비중","시험 진행 모니터링",IF(U47="10-시험완료","결과 보고서 전산 등록 독촉",IF(U47="12-조건부승인검토","조건부 승인 여부 판단 → 관련부서 협의","—"))))))))))))
A48: 44 | B48: SU2i | C48: Rear Seat Assy | D48: =IFERROR(VLOOKUP(C48,'Reference Data 기준데이터'!$E$8:$F$30,2,FALSE),"") | E48: 외관 검사 | F48: =IFERROR(VLOOKUP(E48,'Reference Data 기준데이터'!$A$8:$F$30,2,FALSE),"") | G48: =IFERROR(VLOOKUP(B48&"_"&C48,'Reference Data 기준데이터'!$A$33:$B$51,2,FALSE),"") | H48: =IFERROR(VLOOKUP(B48,'Reference Data 기준데이터'!$A$2:$J$5,3,FALSE),"") | I48: =IFERROR(H48+VLOOKUP(B48,'Reference Data 기준데이터'!$A$2:$J$5,7,FALSE),"") | J48: 46096 | K48: Approved | L48: =IFERROR(H48+VLOOKUP(B48,'Reference Data 기준데이터'!$A$2:$J$5,8,FALSE),"") | M48: 46131 | N48: =IFERROR(IF(ISNUMBER(SEARCH("Vehicle",F48)),MAX(H48+VLOOKUP(B48,'Reference Data 기준데이터'!$A$2:$J$5,9,FALSE),VLOOKUP(B48,'Reference Data 기준데이터'!$A$2:$J$5,4,FALSE)),H48+VLOOKUP(B48,'Reference Data 기준데이터'!$A$2:$J$5,9,FALSE)),"") | O48: 46146 | P48: =IFERROR(N48+VLOOKUP(E48,'Reference Data 기준데이터'!$A$8:$F$30,4,FALSE),"") | Q48: 46169 | R48: =IFERROR(MIN(H48+VLOOKUP(B48,'Reference Data 기준데이터'!$A$2:$J$5,10,FALSE),VLOOKUP(B48,'Reference Data 기준데이터'!$A$2:$J$5,6,FALSE)),"") | S48: 46175 | U48: =IF(T48<>"",T48,IF(AND(S48<>"",Q48<>""),"11-결과등록완료",IF(AND(Q48<>"",S48=""),"10-시험완료",IF(AND(O48<>"",Q48=""),"09-시험준비중",IF(AND(M48<>"",O48=""),"08-단품준비완료",IF(K48="Approved","05-계획서승인",IF(K48="Revision Needed","04-검토중_조건불만족",IF(K48="Under Review","03-검토중_조건충족",IF(AND(J48<>"",K48=""),"02-계획서제출_미검토","01-계획서미제출"))))))))) | V48: =IFS(U48="01-계획서미제출",0,U48="02-계획서제출_미검토",0.05,U48="03-검토중_조건충족",0.1,U48="04-검토중_조건불만족",0.05,U48="05-계획서승인",0.2,U48="06-BIW생산중단",0.15,U48="07-생산완료_미인수",0.3,U48="08-단품준비완료",0.4,U48="09-시험준비중",0.55,U48="10-시험완료",0.85,U48="11-결과등록완료",1,U48="12-조건부승인검토",0.9,TRUE,0) | W48: =IF(S48<>"","-",IF(R48="","N/A",R48-TODAY())) | X48: =IF(U48="11-결과등록완료","DONE",IF(OR(U48="06-BIW생산중단",AND(U48="01-계획서미제출",I48<TODAY())),"CRITICAL",IF(OR(U48="04-검토중_조건불만족",U48="07-생산완료_미인수",U48="12-조건부승인검토"),"ACTION",IF(AND(ISNUMBER(W48),W48<=0),"OVERDUE",IF(AND(ISNUMBER(W48),W48<=14),"WARNING","ON TRACK"))))) | Y48: =IF(U48="11-결과등록완료","— 완료",IF(U48="01-계획서미제출",IF(I48<TODAY(),"계획서 제출 독촉 (OVERDUE)","계획서 제출 대기"),IF(U48="02-계획서제출_미검토","설계자: 계획서 검토 착수",IF(U48="03-검토중_조건충족","설계자: 승인 처리",IF(U48="04-검토중_조건불만족","보완 요청 → 협력사 재제출 독촉",IF(U48="05-계획서승인","시험편 준비 현황 확인",IF(U48="06-BIW생산중단","BIW 생산팀 확인 → 일정 재수립",IF(U48="07-생산완료_미인수","협력사 인수 독촉",IF(U48="08-단품준비완료","시험 일정 확인",IF(U48="09-시험준비중","시험 진행 모니터링",IF(U48="10-시험완료","결과 보고서 전산 등록 독촉",IF(U48="12-조건부승인검토","조건부 승인 여부 판단 → 관련부서 협의","—"))))))))))))
A49: 45 | B49: EN_SUV | C49: Center Console Assy | D49: =IFERROR(VLOOKUP(C49,'Reference Data 기준데이터'!$E$8:$F$30,2,FALSE),"") | E49: VOC 방출 시험 | F49: =IFERROR(VLOOKUP(E49,'Reference Data 기준데이터'!$A$8:$F$30,2,FALSE),"") | G49: =IFERROR(VLOOKUP(B49&"_"&C49,'Reference Data 기준데이터'!$A$33:$B$51,2,FALSE),"") | H49: =IFERROR(VLOOKUP(B49,'Reference Data 기준데이터'!$A$2:$J$5,3,FALSE),"") | I49: =IFERROR(H49+VLOOKUP(B49,'Reference Data 기준데이터'!$A$2:$J$5,7,FALSE),"") | L49: =IFERROR(H49+VLOOKUP(B49,'Reference Data 기준데이터'!$A$2:$J$5,8,FALSE),"") | N49: =IFERROR(IF(ISNUMBER(SEARCH("Vehicle",F49)),MAX(H49+VLOOKUP(B49,'Reference Data 기준데이터'!$A$2:$J$5,9,FALSE),VLOOKUP(B49,'Reference Data 기준데이터'!$A$2:$J$5,4,FALSE)),H49+VLOOKUP(B49,'Reference Data 기준데이터'!$A$2:$J$5,9,FALSE)),"") | P49: =IFERROR(N49+VLOOKUP(E49,'Reference Data 기준데이터'!$A$8:$F$30,4,FALSE),"") | R49: =IFERROR(MIN(H49+VLOOKUP(B49,'Reference Data 기준데이터'!$A$2:$J$5,10,FALSE),VLOOKUP(B49,'Reference Data 기준데이터'!$A$2:$J$5,6,FALSE)),"") | U49: =IF(T49<>"",T49,IF(AND(S49<>"",Q49<>""),"11-결과등록완료",IF(AND(Q49<>"",S49=""),"10-시험완료",IF(AND(O49<>"",Q49=""),"09-시험준비중",IF(AND(M49<>"",O49=""),"08-단품준비완료",IF(K49="Approved","05-계획서승인",IF(K49="Revision Needed","04-검토중_조건불만족",IF(K49="Under Review","03-검토중_조건충족",IF(AND(J49<>"",K49=""),"02-계획서제출_미검토","01-계획서미제출"))))))))) | V49: =IFS(U49="01-계획서미제출",0,U49="02-계획서제출_미검토",0.05,U49="03-검토중_조건충족",0.1,U49="04-검토중_조건불만족",0.05,U49="05-계획서승인",0.2,U49="06-BIW생산중단",0.15,U49="07-생산완료_미인수",0.3,U49="08-단품준비완료",0.4,U49="09-시험준비중",0.55,U49="10-시험완료",0.85,U49="11-결과등록완료",1,U49="12-조건부승인검토",0.9,TRUE,0) | W49: =IF(S49<>"","-",IF(R49="","N/A",R49-TODAY())) | X49: =IF(U49="11-결과등록완료","DONE",IF(OR(U49="06-BIW생산중단",AND(U49="01-계획서미제출",I49<TODAY())),"CRITICAL",IF(OR(U49="04-검토중_조건불만족",U49="07-생산완료_미인수",U49="12-조건부승인검토"),"ACTION",IF(AND(ISNUMBER(W49),W49<=0),"OVERDUE",IF(AND(ISNUMBER(W49),W49<=14),"WARNING","ON TRACK"))))) | Y49: =IF(U49="11-결과등록완료","— 완료",IF(U49="01-계획서미제출",IF(I49<TODAY(),"계획서 제출 독촉 (OVERDUE)","계획서 제출 대기"),IF(U49="02-계획서제출_미검토","설계자: 계획서 검토 착수",IF(U49="03-검토중_조건충족","설계자: 승인 처리",IF(U49="04-검토중_조건불만족","보완 요청 → 협력사 재제출 독촉",IF(U49="05-계획서승인","시험편 준비 현황 확인",IF(U49="06-BIW생산중단","BIW 생산팀 확인 → 일정 재수립",IF(U49="07-생산완료_미인수","협력사 인수 독촉",IF(U49="08-단품준비완료","시험 일정 확인",IF(U49="09-시험준비중","시험 진행 모니터링",IF(U49="10-시험완료","결과 보고서 전산 등록 독촉",IF(U49="12-조건부승인검토","조건부 승인 여부 판단 → 관련부서 협의","—"))))))))))))
A50: 46 | B50: EN_SUV | C50: Center Console Assy | D50: =IFERROR(VLOOKUP(C50,'Reference Data 기준데이터'!$E$8:$F$30,2,FALSE),"") | E50: 내열 시험 | F50: =IFERROR(VLOOKUP(E50,'Reference Data 기준데이터'!$A$8:$F$30,2,FALSE),"") | G50: =IFERROR(VLOOKUP(B50&"_"&C50,'Reference Data 기준데이터'!$A$33:$B$51,2,FALSE),"") | H50: =IFERROR(VLOOKUP(B50,'Reference Data 기준데이터'!$A$2:$J$5,3,FALSE),"") | I50: =IFERROR(H50+VLOOKUP(B50,'Reference Data 기준데이터'!$A$2:$J$5,7,FALSE),"") | J50: 46065 | K50: Approved | L50: =IFERROR(H50+VLOOKUP(B50,'Reference Data 기준데이터'!$A$2:$J$5,8,FALSE),"") | N50: =IFERROR(IF(ISNUMBER(SEARCH("Vehicle",F50)),MAX(H50+VLOOKUP(B50,'Reference Data 기준데이터'!$A$2:$J$5,9,FALSE),VLOOKUP(B50,'Reference Data 기준데이터'!$A$2:$J$5,4,FALSE)),H50+VLOOKUP(B50,'Reference Data 기준데이터'!$A$2:$J$5,9,FALSE)),"") | P50: =IFERROR(N50+VLOOKUP(E50,'Reference Data 기준데이터'!$A$8:$F$30,4,FALSE),"") | R50: =IFERROR(MIN(H50+VLOOKUP(B50,'Reference Data 기준데이터'!$A$2:$J$5,10,FALSE),VLOOKUP(B50,'Reference Data 기준데이터'!$A$2:$J$5,6,FALSE)),"") | U50: =IF(T50<>"",T50,IF(AND(S50<>"",Q50<>""),"11-결과등록완료",IF(AND(Q50<>"",S50=""),"10-시험완료",IF(AND(O50<>"",Q50=""),"09-시험준비중",IF(AND(M50<>"",O50=""),"08-단품준비완료",IF(K50="Approved","05-계획서승인",IF(K50="Revision Needed","04-검토중_조건불만족",IF(K50="Under Review","03-검토중_조건충족",IF(AND(J50<>"",K50=""),"02-계획서제출_미검토","01-계획서미제출"))))))))) | V50: =IFS(U50="01-계획서미제출",0,U50="02-계획서제출_미검토",0.05,U50="03-검토중_조건충족",0.1,U50="04-검토중_조건불만족",0.05,U50="05-계획서승인",0.2,U50="06-BIW생산중단",0.15,U50="07-생산완료_미인수",0.3,U50="08-단품준비완료",0.4,U50="09-시험준비중",0.55,U50="10-시험완료",0.85,U50="11-결과등록완료",1,U50="12-조건부승인검토",0.9,TRUE,0) | W50: =IF(S50<>"","-",IF(R50="","N/A",R50-TODAY())) | X50: =IF(U50="11-결과등록완료","DONE",IF(OR(U50="06-BIW생산중단",AND(U50="01-계획서미제출",I50<TODAY())),"CRITICAL",IF(OR(U50="04-검토중_조건불만족",U50="07-생산완료_미인수",U50="12-조건부승인검토"),"ACTION",IF(AND(ISNUMBER(W50),W50<=0),"OVERDUE",IF(AND(ISNUMBER(W50),W50<=14),"WARNING","ON TRACK"))))) | Y50: =IF(U50="11-결과등록완료","— 완료",IF(U50="01-계획서미제출",IF(I50<TODAY(),"계획서 제출 독촉 (OVERDUE)","계획서 제출 대기"),IF(U50="02-계획서제출_미검토","설계자: 계획서 검토 착수",IF(U50="03-검토중_조건충족","설계자: 승인 처리",IF(U50="04-검토중_조건불만족","보완 요청 → 협력사 재제출 독촉",IF(U50="05-계획서승인","시험편 준비 현황 확인",IF(U50="06-BIW생산중단","BIW 생산팀 확인 → 일정 재수립",IF(U50="07-생산완료_미인수","협력사 인수 독촉",IF(U50="08-단품준비완료","시험 일정 확인",IF(U50="09-시험준비중","시험 진행 모니터링",IF(U50="10-시험완료","결과 보고서 전산 등록 독촉",IF(U50="12-조건부승인검토","조건부 승인 여부 판단 → 관련부서 협의","—"))))))))))))
A51: 47 | B51: EN_SUV | C51: Center Console Assy | D51: =IFERROR(VLOOKUP(C51,'Reference Data 기준데이터'!$E$8:$F$30,2,FALSE),"") | E51: 마모 시험 | F51: =IFERROR(VLOOKUP(E51,'Reference Data 기준데이터'!$A$8:$F$30,2,FALSE),"") | G51: =IFERROR(VLOOKUP(B51&"_"&C51,'Reference Data 기준데이터'!$A$33:$B$51,2,FALSE),"") | H51: =IFERROR(VLOOKUP(B51,'Reference Data 기준데이터'!$A$2:$J$5,3,FALSE),"") | I51: =IFERROR(H51+VLOOKUP(B51,'Reference Data 기준데이터'!$A$2:$J$5,7,FALSE),"") | J51: 46066 | K51: Approved | L51: =IFERROR(H51+VLOOKUP(B51,'Reference Data 기준데이터'!$A$2:$J$5,8,FALSE),"") | M51: 46106 | N51: =IFERROR(IF(ISNUMBER(SEARCH("Vehicle",F51)),MAX(H51+VLOOKUP(B51,'Reference Data 기준데이터'!$A$2:$J$5,9,FALSE),VLOOKUP(B51,'Reference Data 기준데이터'!$A$2:$J$5,4,FALSE)),H51+VLOOKUP(B51,'Reference Data 기준데이터'!$A$2:$J$5,9,FALSE)),"") | O51: 46121 | P51: =IFERROR(N51+VLOOKUP(E51,'Reference Data 기준데이터'!$A$8:$F$30,4,FALSE),"") | R51: =IFERROR(MIN(H51+VLOOKUP(B51,'Reference Data 기준데이터'!$A$2:$J$5,10,FALSE),VLOOKUP(B51,'Reference Data 기준데이터'!$A$2:$J$5,6,FALSE)),"") | U51: =IF(T51<>"",T51,IF(AND(S51<>"",Q51<>""),"11-결과등록완료",IF(AND(Q51<>"",S51=""),"10-시험완료",IF(AND(O51<>"",Q51=""),"09-시험준비중",IF(AND(M51<>"",O51=""),"08-단품준비완료",IF(K51="Approved","05-계획서승인",IF(K51="Revision Needed","04-검토중_조건불만족",IF(K51="Under Review","03-검토중_조건충족",IF(AND(J51<>"",K51=""),"02-계획서제출_미검토","01-계획서미제출"))))))))) | V51: =IFS(U51="01-계획서미제출",0,U51="02-계획서제출_미검토",0.05,U51="03-검토중_조건충족",0.1,U51="04-검토중_조건불만족",0.05,U51="05-계획서승인",0.2,U51="06-BIW생산중단",0.15,U51="07-생산완료_미인수",0.3,U51="08-단품준비완료",0.4,U51="09-시험준비중",0.55,U51="10-시험완료",0.85,U51="11-결과등록완료",1,U51="12-조건부승인검토",0.9,TRUE,0) | W51: =IF(S51<>"","-",IF(R51="","N/A",R51-TODAY())) | X51: =IF(U51="11-결과등록완료","DONE",IF(OR(U51="06-BIW생산중단",AND(U51="01-계획서미제출",I51<TODAY())),"CRITICAL",IF(OR(U51="04-검토중_조건불만족",U51="07-생산완료_미인수",U51="12-조건부승인검토"),"ACTION",IF(AND(ISNUMBER(W51),W51<=0),"OVERDUE",IF(AND(ISNUMBER(W51),W51<=14),"WARNING","ON TRACK"))))) | Y51: =IF(U51="11-결과등록완료","— 완료",IF(U51="01-계획서미제출",IF(I51<TODAY(),"계획서 제출 독촉 (OVERDUE)","계획서 제출 대기"),IF(U51="02-계획서제출_미검토","설계자: 계획서 검토 착수",IF(U51="03-검토중_조건충족","설계자: 승인 처리",IF(U51="04-검토중_조건불만족","보완 요청 → 협력사 재제출 독촉",IF(U51="05-계획서승인","시험편 준비 현황 확인",IF(U51="06-BIW생산중단","BIW 생산팀 확인 → 일정 재수립",IF(U51="07-생산완료_미인수","협력사 인수 독촉",IF(U51="08-단품준비완료","시험 일정 확인",IF(U51="09-시험준비중","시험 진행 모니터링",IF(U51="10-시험완료","결과 보고서 전산 등록 독촉",IF(U51="12-조건부승인검토","조건부 승인 여부 판단 → 관련부서 협의","—"))))))))))))
A52: 48 | B52: EN_SUV | C52: Center Console Assy | D52: =IFERROR(VLOOKUP(C52,'Reference Data 기준데이터'!$E$8:$F$30,2,FALSE),"") | E52: 치수 검사 | F52: =IFERROR(VLOOKUP(E52,'Reference Data 기준데이터'!$A$8:$F$30,2,FALSE),"") | G52: =IFERROR(VLOOKUP(B52&"_"&C52,'Reference Data 기준데이터'!$A$33:$B$51,2,FALSE),"") | H52: =IFERROR(VLOOKUP(B52,'Reference Data 기준데이터'!$A$2:$J$5,3,FALSE),"") | I52: =IFERROR(H52+VLOOKUP(B52,'Reference Data 기준데이터'!$A$2:$J$5,7,FALSE),"") | J52: 46067 | K52: Approved | L52: =IFERROR(H52+VLOOKUP(B52,'Reference Data 기준데이터'!$A$2:$J$5,8,FALSE),"") | M52: 46099 | N52: =IFERROR(IF(ISNUMBER(SEARCH("Vehicle",F52)),MAX(H52+VLOOKUP(B52,'Reference Data 기준데이터'!$A$2:$J$5,9,FALSE),VLOOKUP(B52,'Reference Data 기준데이터'!$A$2:$J$5,4,FALSE)),H52+VLOOKUP(B52,'Reference Data 기준데이터'!$A$2:$J$5,9,FALSE)),"") | O52: 46116 | P52: =IFERROR(N52+VLOOKUP(E52,'Reference Data 기준데이터'!$A$8:$F$30,4,FALSE),"") | Q52: 46145 | R52: =IFERROR(MIN(H52+VLOOKUP(B52,'Reference Data 기준데이터'!$A$2:$J$5,10,FALSE),VLOOKUP(B52,'Reference Data 기준데이터'!$A$2:$J$5,6,FALSE)),"") | S52: 46147 | U52: =IF(T52<>"",T52,IF(AND(S52<>"",Q52<>""),"11-결과등록완료",IF(AND(Q52<>"",S52=""),"10-시험완료",IF(AND(O52<>"",Q52=""),"09-시험준비중",IF(AND(M52<>"",O52=""),"08-단품준비완료",IF(K52="Approved","05-계획서승인",IF(K52="Revision Needed","04-검토중_조건불만족",IF(K52="Under Review","03-검토중_조건충족",IF(AND(J52<>"",K52=""),"02-계획서제출_미검토","01-계획서미제출"))))))))) | V52: =IFS(U52="01-계획서미제출",0,U52="02-계획서제출_미검토",0.05,U52="03-검토중_조건충족",0.1,U52="04-검토중_조건불만족",0.05,U52="05-계획서승인",0.2,U52="06-BIW생산중단",0.15,U52="07-생산완료_미인수",0.3,U52="08-단품준비완료",0.4,U52="09-시험준비중",0.55,U52="10-시험완료",0.85,U52="11-결과등록완료",1,U52="12-조건부승인검토",0.9,TRUE,0) | W52: =IF(S52<>"","-",IF(R52="","N/A",R52-TODAY())) | X52: =IF(U52="11-결과등록완료","DONE",IF(OR(U52="06-BIW생산중단",AND(U52="01-계획서미제출",I52<TODAY())),"CRITICAL",IF(OR(U52="04-검토중_조건불만족",U52="07-생산완료_미인수",U52="12-조건부승인검토"),"ACTION",IF(AND(ISNUMBER(W52),W52<=0),"OVERDUE",IF(AND(ISNUMBER(W52),W52<=14),"WARNING","ON TRACK"))))) | Y52: =IF(U52="11-결과등록완료","— 완료",IF(U52="01-계획서미제출",IF(I52<TODAY(),"계획서 제출 독촉 (OVERDUE)","계획서 제출 대기"),IF(U52="02-계획서제출_미검토","설계자: 계획서 검토 착수",IF(U52="03-검토중_조건충족","설계자: 승인 처리",IF(U52="04-검토중_조건불만족","보완 요청 → 협력사 재제출 독촉",IF(U52="05-계획서승인","시험편 준비 현황 확인",IF(U52="06-BIW생산중단","BIW 생산팀 확인 → 일정 재수립",IF(U52="07-생산완료_미인수","협력사 인수 독촉",IF(U52="08-단품준비완료","시험 일정 확인",IF(U52="09-시험준비중","시험 진행 모니터링",IF(U52="10-시험완료","결과 보고서 전산 등록 독촉",IF(U52="12-조건부승인검토","조건부 승인 여부 판단 → 관련부서 협의","—"))))))))))))
A53: 49 | B53: EN_SUV | C53: Console Lid Assy | D53: =IFERROR(VLOOKUP(C53,'Reference Data 기준데이터'!$E$8:$F$30,2,FALSE),"") | E53: VOC 방출 시험 | F53: =IFERROR(VLOOKUP(E53,'Reference Data 기준데이터'!$A$8:$F$30,2,FALSE),"") | G53: =IFERROR(VLOOKUP(B53&"_"&C53,'Reference Data 기준데이터'!$A$33:$B$51,2,FALSE),"") | H53: =IFERROR(VLOOKUP(B53,'Reference Data 기준데이터'!$A$2:$J$5,3,FALSE),"") | I53: =IFERROR(H53+VLOOKUP(B53,'Reference Data 기준데이터'!$A$2:$J$5,7,FALSE),"") | J53: 46068 | L53: =IFERROR(H53+VLOOKUP(B53,'Reference Data 기준데이터'!$A$2:$J$5,8,FALSE),"") | N53: =IFERROR(IF(ISNUMBER(SEARCH("Vehicle",F53)),MAX(H53+VLOOKUP(B53,'Reference Data 기준데이터'!$A$2:$J$5,9,FALSE),VLOOKUP(B53,'Reference Data 기준데이터'!$A$2:$J$5,4,FALSE)),H53+VLOOKUP(B53,'Reference Data 기준데이터'!$A$2:$J$5,9,FALSE)),"") | P53: =IFERROR(N53+VLOOKUP(E53,'Reference Data 기준데이터'!$A$8:$F$30,4,FALSE),"") | R53: =IFERROR(MIN(H53+VLOOKUP(B53,'Reference Data 기준데이터'!$A$2:$J$5,10,FALSE),VLOOKUP(B53,'Reference Data 기준데이터'!$A$2:$J$5,6,FALSE)),"") | U53: =IF(T53<>"",T53,IF(AND(S53<>"",Q53<>""),"11-결과등록완료",IF(AND(Q53<>"",S53=""),"10-시험완료",IF(AND(O53<>"",Q53=""),"09-시험준비중",IF(AND(M53<>"",O53=""),"08-단품준비완료",IF(K53="Approved","05-계획서승인",IF(K53="Revision Needed","04-검토중_조건불만족",IF(K53="Under Review","03-검토중_조건충족",IF(AND(J53<>"",K53=""),"02-계획서제출_미검토","01-계획서미제출"))))))))) | V53: =IFS(U53="01-계획서미제출",0,U53="02-계획서제출_미검토",0.05,U53="03-검토중_조건충족",0.1,U53="04-검토중_조건불만족",0.05,U53="05-계획서승인",0.2,U53="06-BIW생산중단",0.15,U53="07-생산완료_미인수",0.3,U53="08-단품준비완료",0.4,U53="09-시험준비중",0.55,U53="10-시험완료",0.85,U53="11-결과등록완료",1,U53="12-조건부승인검토",0.9,TRUE,0) | W53: =IF(S53<>"","-",IF(R53="","N/A",R53-TODAY())) | X53: =IF(U53="11-결과등록완료","DONE",IF(OR(U53="06-BIW생산중단",AND(U53="01-계획서미제출",I53<TODAY())),"CRITICAL",IF(OR(U53="04-검토중_조건불만족",U53="07-생산완료_미인수",U53="12-조건부승인검토"),"ACTION",IF(AND(ISNUMBER(W53),W53<=0),"OVERDUE",IF(AND(ISNUMBER(W53),W53<=14),"WARNING","ON TRACK"))))) | Y53: =IF(U53="11-결과등록완료","— 완료",IF(U53="01-계획서미제출",IF(I53<TODAY(),"계획서 제출 독촉 (OVERDUE)","계획서 제출 대기"),IF(U53="02-계획서제출_미검토","설계자: 계획서 검토 착수",IF(U53="03-검토중_조건충족","설계자: 승인 처리",IF(U53="04-검토중_조건불만족","보완 요청 → 협력사 재제출 독촉",IF(U53="05-계획서승인","시험편 준비 현황 확인",IF(U53="06-BIW생산중단","BIW 생산팀 확인 → 일정 재수립",IF(U53="07-생산완료_미인수","협력사 인수 독촉",IF(U53="08-단품준비완료","시험 일정 확인",IF(U53="09-시험준비중","시험 진행 모니터링",IF(U53="10-시험완료","결과 보고서 전산 등록 독촉",IF(U53="12-조건부승인검토","조건부 승인 여부 판단 → 관련부서 협의","—"))))))))))))
A54: 50 | B54: EN_SUV | C54: Console Lid Assy | D54: =IFERROR(VLOOKUP(C54,'Reference Data 기준데이터'!$E$8:$F$30,2,FALSE),"") | E54: 힌지 내구 시험 | F54: =IFERROR(VLOOKUP(E54,'Reference Data 기준데이터'!$A$8:$F$30,2,FALSE),"") | G54: =IFERROR(VLOOKUP(B54&"_"&C54,'Reference Data 기준데이터'!$A$33:$B$51,2,FALSE),"") | H54: =IFERROR(VLOOKUP(B54,'Reference Data 기준데이터'!$A$2:$J$5,3,FALSE),"") | I54: =IFERROR(H54+VLOOKUP(B54,'Reference Data 기준데이터'!$A$2:$J$5,7,FALSE),"") | J54: 46064 | K54: Approved | L54: =IFERROR(H54+VLOOKUP(B54,'Reference Data 기준데이터'!$A$2:$J$5,8,FALSE),"") | M54: 46101 | N54: =IFERROR(IF(ISNUMBER(SEARCH("Vehicle",F54)),MAX(H54+VLOOKUP(B54,'Reference Data 기준데이터'!$A$2:$J$5,9,FALSE),VLOOKUP(B54,'Reference Data 기준데이터'!$A$2:$J$5,4,FALSE)),H54+VLOOKUP(B54,'Reference Data 기준데이터'!$A$2:$J$5,9,FALSE)),"") | P54: =IFERROR(N54+VLOOKUP(E54,'Reference Data 기준데이터'!$A$8:$F$30,4,FALSE),"") | R54: =IFERROR(MIN(H54+VLOOKUP(B54,'Reference Data 기준데이터'!$A$2:$J$5,10,FALSE),VLOOKUP(B54,'Reference Data 기준데이터'!$A$2:$J$5,6,FALSE)),"") | U54: =IF(T54<>"",T54,IF(AND(S54<>"",Q54<>""),"11-결과등록완료",IF(AND(Q54<>"",S54=""),"10-시험완료",IF(AND(O54<>"",Q54=""),"09-시험준비중",IF(AND(M54<>"",O54=""),"08-단품준비완료",IF(K54="Approved","05-계획서승인",IF(K54="Revision Needed","04-검토중_조건불만족",IF(K54="Under Review","03-검토중_조건충족",IF(AND(J54<>"",K54=""),"02-계획서제출_미검토","01-계획서미제출"))))))))) | V54: =IFS(U54="01-계획서미제출",0,U54="02-계획서제출_미검토",0.05,U54="03-검토중_조건충족",0.1,U54="04-검토중_조건불만족",0.05,U54="05-계획서승인",0.2,U54="06-BIW생산중단",0.15,U54="07-생산완료_미인수",0.3,U54="08-단품준비완료",0.4,U54="09-시험준비중",0.55,U54="10-시험완료",0.85,U54="11-결과등록완료",1,U54="12-조건부승인검토",0.9,TRUE,0) | W54: =IF(S54<>"","-",IF(R54="","N/A",R54-TODAY())) | X54: =IF(U54="11-결과등록완료","DONE",IF(OR(U54="06-BIW생산중단",AND(U54="01-계획서미제출",I54<TODAY())),"CRITICAL",IF(OR(U54="04-검토중_조건불만족",U54="07-생산완료_미인수",U54="12-조건부승인검토"),"ACTION",IF(AND(ISNUMBER(W54),W54<=0),"OVERDUE",IF(AND(ISNUMBER(W54),W54<=14),"WARNING","ON TRACK"))))) | Y54: =IF(U54="11-결과등록완료","— 완료",IF(U54="01-계획서미제출",IF(I54<TODAY(),"계획서 제출 독촉 (OVERDUE)","계획서 제출 대기"),IF(U54="02-계획서제출_미검토","설계자: 계획서 검토 착수",IF(U54="03-검토중_조건충족","설계자: 승인 처리",IF(U54="04-검토중_조건불만족","보완 요청 → 협력사 재제출 독촉",IF(U54="05-계획서승인","시험편 준비 현황 확인",IF(U54="06-BIW생산중단","BIW 생산팀 확인 → 일정 재수립",IF(U54="07-생산완료_미인수","협력사 인수 독촉",IF(U54="08-단품준비완료","시험 일정 확인",IF(U54="09-시험준비중","시험 진행 모니터링",IF(U54="10-시험완료","결과 보고서 전산 등록 독촉",IF(U54="12-조건부승인검토","조건부 승인 여부 판단 → 관련부서 협의","—"))))))))))))
A55: 51 | B55: EN_SUV | C55: Console Lid Assy | D55: =IFERROR(VLOOKUP(C55,'Reference Data 기준데이터'!$E$8:$F$30,2,FALSE),"") | E55: 외관 검사 | F55: =IFERROR(VLOOKUP(E55,'Reference Data 기준데이터'!$A$8:$F$30,2,FALSE),"") | G55: =IFERROR(VLOOKUP(B55&"_"&C55,'Reference Data 기준데이터'!$A$33:$B$51,2,FALSE),"") | H55: =IFERROR(VLOOKUP(B55,'Reference Data 기준데이터'!$A$2:$J$5,3,FALSE),"") | I55: =IFERROR(H55+VLOOKUP(B55,'Reference Data 기준데이터'!$A$2:$J$5,7,FALSE),"") | J55: 46065 | K55: Approved | L55: =IFERROR(H55+VLOOKUP(B55,'Reference Data 기준데이터'!$A$2:$J$5,8,FALSE),"") | M55: 46102 | N55: =IFERROR(IF(ISNUMBER(SEARCH("Vehicle",F55)),MAX(H55+VLOOKUP(B55,'Reference Data 기준데이터'!$A$2:$J$5,9,FALSE),VLOOKUP(B55,'Reference Data 기준데이터'!$A$2:$J$5,4,FALSE)),H55+VLOOKUP(B55,'Reference Data 기준데이터'!$A$2:$J$5,9,FALSE)),"") | O55: 46119 | P55: =IFERROR(N55+VLOOKUP(E55,'Reference Data 기준데이터'!$A$8:$F$30,4,FALSE),"") | Q55: 46141 | R55: =IFERROR(MIN(H55+VLOOKUP(B55,'Reference Data 기준데이터'!$A$2:$J$5,10,FALSE),VLOOKUP(B55,'Reference Data 기준데이터'!$A$2:$J$5,6,FALSE)),"") | S55: 46150 | U55: =IF(T55<>"",T55,IF(AND(S55<>"",Q55<>""),"11-결과등록완료",IF(AND(Q55<>"",S55=""),"10-시험완료",IF(AND(O55<>"",Q55=""),"09-시험준비중",IF(AND(M55<>"",O55=""),"08-단품준비완료",IF(K55="Approved","05-계획서승인",IF(K55="Revision Needed","04-검토중_조건불만족",IF(K55="Under Review","03-검토중_조건충족",IF(AND(J55<>"",K55=""),"02-계획서제출_미검토","01-계획서미제출"))))))))) | V55: =IFS(U55="01-계획서미제출",0,U55="02-계획서제출_미검토",0.05,U55="03-검토중_조건충족",0.1,U55="04-검토중_조건불만족",0.05,U55="05-계획서승인",0.2,U55="06-BIW생산중단",0.15,U55="07-생산완료_미인수",0.3,U55="08-단품준비완료",0.4,U55="09-시험준비중",0.55,U55="10-시험완료",0.85,U55="11-결과등록완료",1,U55="12-조건부승인검토",0.9,TRUE,0) | W55: =IF(S55<>"","-",IF(R55="","N/A",R55-TODAY())) | X55: =IF(U55="11-결과등록완료","DONE",IF(OR(U55="06-BIW생산중단",AND(U55="01-계획서미제출",I55<TODAY())),"CRITICAL",IF(OR(U55="04-검토중_조건불만족",U55="07-생산완료_미인수",U55="12-조건부승인검토"),"ACTION",IF(AND(ISNUMBER(W55),W55<=0),"OVERDUE",IF(AND(ISNUMBER(W55),W55<=14),"WARNING","ON TRACK"))))) | Y55: =IF(U55="11-결과등록완료","— 완료",IF(U55="01-계획서미제출",IF(I55<TODAY(),"계획서 제출 독촉 (OVERDUE)","계획서 제출 대기"),IF(U55="02-계획서제출_미검토","설계자: 계획서 검토 착수",IF(U55="03-검토중_조건충족","설계자: 승인 처리",IF(U55="04-검토중_조건불만족","보완 요청 → 협력사 재제출 독촉",IF(U55="05-계획서승인","시험편 준비 현황 확인",IF(U55="06-BIW생산중단","BIW 생산팀 확인 → 일정 재수립",IF(U55="07-생산완료_미인수","협력사 인수 독촉",IF(U55="08-단품준비완료","시험 일정 확인",IF(U55="09-시험준비중","시험 진행 모니터링",IF(U55="10-시험완료","결과 보고서 전산 등록 독촉",IF(U55="12-조건부승인검토","조건부 승인 여부 판단 → 관련부서 협의","—"))))))))))))
A56: 52 | B56: EN_SUV | C56: Door Trim LH | D56: =IFERROR(VLOOKUP(C56,'Reference Data 기준데이터'!$E$8:$F$30,2,FALSE),"") | E56: VOC 방출 시험 | F56: =IFERROR(VLOOKUP(E56,'Reference Data 기준데이터'!$A$8:$F$30,2,FALSE),"") | G56: =IFERROR(VLOOKUP(B56&"_"&C56,'Reference Data 기준데이터'!$A$33:$B$51,2,FALSE),"") | H56: =IFERROR(VLOOKUP(B56,'Reference Data 기준데이터'!$A$2:$J$5,3,FALSE),"") | I56: =IFERROR(H56+VLOOKUP(B56,'Reference Data 기준데이터'!$A$2:$J$5,7,FALSE),"") | J56: 46066 | K56: Under Review | L56: =IFERROR(H56+VLOOKUP(B56,'Reference Data 기준데이터'!$A$2:$J$5,8,FALSE),"") | N56: =IFERROR(IF(ISNUMBER(SEARCH("Vehicle",F56)),MAX(H56+VLOOKUP(B56,'Reference Data 기준데이터'!$A$2:$J$5,9,FALSE),VLOOKUP(B56,'Reference Data 기준데이터'!$A$2:$J$5,4,FALSE)),H56+VLOOKUP(B56,'Reference Data 기준데이터'!$A$2:$J$5,9,FALSE)),"") | P56: =IFERROR(N56+VLOOKUP(E56,'Reference Data 기준데이터'!$A$8:$F$30,4,FALSE),"") | R56: =IFERROR(MIN(H56+VLOOKUP(B56,'Reference Data 기준데이터'!$A$2:$J$5,10,FALSE),VLOOKUP(B56,'Reference Data 기준데이터'!$A$2:$J$5,6,FALSE)),"") | U56: =IF(T56<>"",T56,IF(AND(S56<>"",Q56<>""),"11-결과등록완료",IF(AND(Q56<>"",S56=""),"10-시험완료",IF(AND(O56<>"",Q56=""),"09-시험준비중",IF(AND(M56<>"",O56=""),"08-단품준비완료",IF(K56="Approved","05-계획서승인",IF(K56="Revision Needed","04-검토중_조건불만족",IF(K56="Under Review","03-검토중_조건충족",IF(AND(J56<>"",K56=""),"02-계획서제출_미검토","01-계획서미제출"))))))))) | V56: =IFS(U56="01-계획서미제출",0,U56="02-계획서제출_미검토",0.05,U56="03-검토중_조건충족",0.1,U56="04-검토중_조건불만족",0.05,U56="05-계획서승인",0.2,U56="06-BIW생산중단",0.15,U56="07-생산완료_미인수",0.3,U56="08-단품준비완료",0.4,U56="09-시험준비중",0.55,U56="10-시험완료",0.85,U56="11-결과등록완료",1,U56="12-조건부승인검토",0.9,TRUE,0) | W56: =IF(S56<>"","-",IF(R56="","N/A",R56-TODAY())) | X56: =IF(U56="11-결과등록완료","DONE",IF(OR(U56="06-BIW생산중단",AND(U56="01-계획서미제출",I56<TODAY())),"CRITICAL",IF(OR(U56="04-검토중_조건불만족",U56="07-생산완료_미인수",U56="12-조건부승인검토"),"ACTION",IF(AND(ISNUMBER(W56),W56<=0),"OVERDUE",IF(AND(ISNUMBER(W56),W56<=14),"WARNING","ON TRACK"))))) | Y56: =IF(U56="11-결과등록완료","— 완료",IF(U56="01-계획서미제출",IF(I56<TODAY(),"계획서 제출 독촉 (OVERDUE)","계획서 제출 대기"),IF(U56="02-계획서제출_미검토","설계자: 계획서 검토 착수",IF(U56="03-검토중_조건충족","설계자: 승인 처리",IF(U56="04-검토중_조건불만족","보완 요청 → 협력사 재제출 독촉",IF(U56="05-계획서승인","시험편 준비 현황 확인",IF(U56="06-BIW생산중단","BIW 생산팀 확인 → 일정 재수립",IF(U56="07-생산완료_미인수","협력사 인수 독촉",IF(U56="08-단품준비완료","시험 일정 확인",IF(U56="09-시험준비중","시험 진행 모니터링",IF(U56="10-시험완료","결과 보고서 전산 등록 독촉",IF(U56="12-조건부승인검토","조건부 승인 여부 판단 → 관련부서 협의","—"))))))))))))
A57: 53 | B57: EN_SUV | C57: Door Trim LH | D57: =IFERROR(VLOOKUP(C57,'Reference Data 기준데이터'!$E$8:$F$30,2,FALSE),"") | E57: 내후성 시험 | F57: =IFERROR(VLOOKUP(E57,'Reference Data 기준데이터'!$A$8:$F$30,2,FALSE),"") | G57: =IFERROR(VLOOKUP(B57&"_"&C57,'Reference Data 기준데이터'!$A$33:$B$51,2,FALSE),"") | H57: =IFERROR(VLOOKUP(B57,'Reference Data 기준데이터'!$A$2:$J$5,3,FALSE),"") | I57: =IFERROR(H57+VLOOKUP(B57,'Reference Data 기준데이터'!$A$2:$J$5,7,FALSE),"") | J57: 46067 | K57: Approved | L57: =IFERROR(H57+VLOOKUP(B57,'Reference Data 기준데이터'!$A$2:$J$5,8,FALSE),"") | M57: 46104 | N57: =IFERROR(IF(ISNUMBER(SEARCH("Vehicle",F57)),MAX(H57+VLOOKUP(B57,'Reference Data 기준데이터'!$A$2:$J$5,9,FALSE),VLOOKUP(B57,'Reference Data 기준데이터'!$A$2:$J$5,4,FALSE)),H57+VLOOKUP(B57,'Reference Data 기준데이터'!$A$2:$J$5,9,FALSE)),"") | O57: 46121 | P57: =IFERROR(N57+VLOOKUP(E57,'Reference Data 기준데이터'!$A$8:$F$30,4,FALSE),"") | Q57: 46143 | R57: =IFERROR(MIN(H57+VLOOKUP(B57,'Reference Data 기준데이터'!$A$2:$J$5,10,FALSE),VLOOKUP(B57,'Reference Data 기준데이터'!$A$2:$J$5,6,FALSE)),"") | U57: =IF(T57<>"",T57,IF(AND(S57<>"",Q57<>""),"11-결과등록완료",IF(AND(Q57<>"",S57=""),"10-시험완료",IF(AND(O57<>"",Q57=""),"09-시험준비중",IF(AND(M57<>"",O57=""),"08-단품준비완료",IF(K57="Approved","05-계획서승인",IF(K57="Revision Needed","04-검토중_조건불만족",IF(K57="Under Review","03-검토중_조건충족",IF(AND(J57<>"",K57=""),"02-계획서제출_미검토","01-계획서미제출"))))))))) | V57: =IFS(U57="01-계획서미제출",0,U57="02-계획서제출_미검토",0.05,U57="03-검토중_조건충족",0.1,U57="04-검토중_조건불만족",0.05,U57="05-계획서승인",0.2,U57="06-BIW생산중단",0.15,U57="07-생산완료_미인수",0.3,U57="08-단품준비완료",0.4,U57="09-시험준비중",0.55,U57="10-시험완료",0.85,U57="11-결과등록완료",1,U57="12-조건부승인검토",0.9,TRUE,0) | W57: =IF(S57<>"","-",IF(R57="","N/A",R57-TODAY())) | X57: =IF(U57="11-결과등록완료","DONE",IF(OR(U57="06-BIW생산중단",AND(U57="01-계획서미제출",I57<TODAY())),"CRITICAL",IF(OR(U57="04-검토중_조건불만족",U57="07-생산완료_미인수",U57="12-조건부승인검토"),"ACTION",IF(AND(ISNUMBER(W57),W57<=0),"OVERDUE",IF(AND(ISNUMBER(W57),W57<=14),"WARNING","ON TRACK"))))) | Y57: =IF(U57="11-결과등록완료","— 완료",IF(U57="01-계획서미제출",IF(I57<TODAY(),"계획서 제출 독촉 (OVERDUE)","계획서 제출 대기"),IF(U57="02-계획서제출_미검토","설계자: 계획서 검토 착수",IF(U57="03-검토중_조건충족","설계자: 승인 처리",IF(U57="04-검토중_조건불만족","보완 요청 → 협력사 재제출 독촉",IF(U57="05-계획서승인","시험편 준비 현황 확인",IF(U57="06-BIW생산중단","BIW 생산팀 확인 → 일정 재수립",IF(U57="07-생산완료_미인수","협력사 인수 독촉",IF(U57="08-단품준비완료","시험 일정 확인",IF(U57="09-시험준비중","시험 진행 모니터링",IF(U57="10-시험완료","결과 보고서 전산 등록 독촉",IF(U57="12-조건부승인검토","조건부 승인 여부 판단 → 관련부서 협의","—"))))))))))))
A58: 54 | B58: EN_SUV | C58: Door Trim LH | D58: =IFERROR(VLOOKUP(C58,'Reference Data 기준데이터'!$E$8:$F$30,2,FALSE),"") | E58: 연소성 시험 | F58: =IFERROR(VLOOKUP(E58,'Reference Data 기준데이터'!$A$8:$F$30,2,FALSE),"") | G58: =IFERROR(VLOOKUP(B58&"_"&C58,'Reference Data 기준데이터'!$A$33:$B$51,2,FALSE),"") | H58: =IFERROR(VLOOKUP(B58,'Reference Data 기준데이터'!$A$2:$J$5,3,FALSE),"") | I58: =IFERROR(H58+VLOOKUP(B58,'Reference Data 기준데이터'!$A$2:$J$5,7,FALSE),"") | J58: 46068 | K58: Approved | L58: =IFERROR(H58+VLOOKUP(B58,'Reference Data 기준데이터'!$A$2:$J$5,8,FALSE),"") | N58: =IFERROR(IF(ISNUMBER(SEARCH("Vehicle",F58)),MAX(H58+VLOOKUP(B58,'Reference Data 기준데이터'!$A$2:$J$5,9,FALSE),VLOOKUP(B58,'Reference Data 기준데이터'!$A$2:$J$5,4,FALSE)),H58+VLOOKUP(B58,'Reference Data 기준데이터'!$A$2:$J$5,9,FALSE)),"") | P58: =IFERROR(N58+VLOOKUP(E58,'Reference Data 기준데이터'!$A$8:$F$30,4,FALSE),"") | R58: =IFERROR(MIN(H58+VLOOKUP(B58,'Reference Data 기준데이터'!$A$2:$J$5,10,FALSE),VLOOKUP(B58,'Reference Data 기준데이터'!$A$2:$J$5,6,FALSE)),"") | T58: 06-BIW생산중단 | U58: =IF(T58<>"",T58,IF(AND(S58<>"",Q58<>""),"11-결과등록완료",IF(AND(Q58<>"",S58=""),"10-시험완료",IF(AND(O58<>"",Q58=""),"09-시험준비중",IF(AND(M58<>"",O58=""),"08-단품준비완료",IF(K58="Approved","05-계획서승인",IF(K58="Revision Needed","04-검토중_조건불만족",IF(K58="Under Review","03-검토중_조건충족",IF(AND(J58<>"",K58=""),"02-계획서제출_미검토","01-계획서미제출"))))))))) | V58: =IFS(U58="01-계획서미제출",0,U58="02-계획서제출_미검토",0.05,U58="03-검토중_조건충족",0.1,U58="04-검토중_조건불만족",0.05,U58="05-계획서승인",0.2,U58="06-BIW생산중단",0.15,U58="07-생산완료_미인수",0.3,U58="08-단품준비완료",0.4,U58="09-시험준비중",0.55,U58="10-시험완료",0.85,U58="11-결과등록완료",1,U58="12-조건부승인검토",0.9,TRUE,0) | W58: =IF(S58<>"","-",IF(R58="","N/A",R58-TODAY())) | X58: =IF(U58="11-결과등록완료","DONE",IF(OR(U58="06-BIW생산중단",AND(U58="01-계획서미제출",I58<TODAY())),"CRITICAL",IF(OR(U58="04-검토중_조건불만족",U58="07-생산완료_미인수",U58="12-조건부승인검토"),"ACTION",IF(AND(ISNUMBER(W58),W58<=0),"OVERDUE",IF(AND(ISNUMBER(W58),W58<=14),"WARNING","ON TRACK"))))) | Y58: =IF(U58="11-결과등록완료","— 완료",IF(U58="01-계획서미제출",IF(I58<TODAY(),"계획서 제출 독촉 (OVERDUE)","계획서 제출 대기"),IF(U58="02-계획서제출_미검토","설계자: 계획서 검토 착수",IF(U58="03-검토중_조건충족","설계자: 승인 처리",IF(U58="04-검토중_조건불만족","보완 요청 → 협력사 재제출 독촉",IF(U58="05-계획서승인","시험편 준비 현황 확인",IF(U58="06-BIW생산중단","BIW 생산팀 확인 → 일정 재수립",IF(U58="07-생산완료_미인수","협력사 인수 독촉",IF(U58="08-단품준비완료","시험 일정 확인",IF(U58="09-시험준비중","시험 진행 모니터링",IF(U58="10-시험완료","결과 보고서 전산 등록 독촉",IF(U58="12-조건부승인검토","조건부 승인 여부 판단 → 관련부서 협의","—"))))))))))))
A59: 55 | B59: EN_SUV | C59: Door Trim LH | D59: =IFERROR(VLOOKUP(C59,'Reference Data 기준데이터'!$E$8:$F$30,2,FALSE),"") | E59: 외관 검사 | F59: =IFERROR(VLOOKUP(E59,'Reference Data 기준데이터'!$A$8:$F$30,2,FALSE),"") | G59: =IFERROR(VLOOKUP(B59&"_"&C59,'Reference Data 기준데이터'!$A$33:$B$51,2,FALSE),"") | H59: =IFERROR(VLOOKUP(B59,'Reference Data 기준데이터'!$A$2:$J$5,3,FALSE),"") | I59: =IFERROR(H59+VLOOKUP(B59,'Reference Data 기준데이터'!$A$2:$J$5,7,FALSE),"") | J59: 46064 | K59: Approved | L59: =IFERROR(H59+VLOOKUP(B59,'Reference Data 기준데이터'!$A$2:$J$5,8,FALSE),"") | M59: 46106 | N59: =IFERROR(IF(ISNUMBER(SEARCH("Vehicle",F59)),MAX(H59+VLOOKUP(B59,'Reference Data 기준데이터'!$A$2:$J$5,9,FALSE),VLOOKUP(B59,'Reference Data 기준데이터'!$A$2:$J$5,4,FALSE)),H59+VLOOKUP(B59,'Reference Data 기준데이터'!$A$2:$J$5,9,FALSE)),"") | O59: 46117 | P59: =IFERROR(N59+VLOOKUP(E59,'Reference Data 기준데이터'!$A$8:$F$30,4,FALSE),"") | Q59: 46145 | R59: =IFERROR(MIN(H59+VLOOKUP(B59,'Reference Data 기준데이터'!$A$2:$J$5,10,FALSE),VLOOKUP(B59,'Reference Data 기준데이터'!$A$2:$J$5,6,FALSE)),"") | S59: 46150 | U59: =IF(T59<>"",T59,IF(AND(S59<>"",Q59<>""),"11-결과등록완료",IF(AND(Q59<>"",S59=""),"10-시험완료",IF(AND(O59<>"",Q59=""),"09-시험준비중",IF(AND(M59<>"",O59=""),"08-단품준비완료",IF(K59="Approved","05-계획서승인",IF(K59="Revision Needed","04-검토중_조건불만족",IF(K59="Under Review","03-검토중_조건충족",IF(AND(J59<>"",K59=""),"02-계획서제출_미검토","01-계획서미제출"))))))))) | V59: =IFS(U59="01-계획서미제출",0,U59="02-계획서제출_미검토",0.05,U59="03-검토중_조건충족",0.1,U59="04-검토중_조건불만족",0.05,U59="05-계획서승인",0.2,U59="06-BIW생산중단",0.15,U59="07-생산완료_미인수",0.3,U59="08-단품준비완료",0.4,U59="09-시험준비중",0.55,U59="10-시험완료",0.85,U59="11-결과등록완료",1,U59="12-조건부승인검토",0.9,TRUE,0) | W59: =IF(S59<>"","-",IF(R59="","N/A",R59-TODAY())) | X59: =IF(U59="11-결과등록완료","DONE",IF(OR(U59="06-BIW생산중단",AND(U59="01-계획서미제출",I59<TODAY())),"CRITICAL",IF(OR(U59="04-검토중_조건불만족",U59="07-생산완료_미인수",U59="12-조건부승인검토"),"ACTION",IF(AND(ISNUMBER(W59),W59<=0),"OVERDUE",IF(AND(ISNUMBER(W59),W59<=14),"WARNING","ON TRACK"))))) | Y59: =IF(U59="11-결과등록완료","— 완료",IF(U59="01-계획서미제출",IF(I59<TODAY(),"계획서 제출 독촉 (OVERDUE)","계획서 제출 대기"),IF(U59="02-계획서제출_미검토","설계자: 계획서 검토 착수",IF(U59="03-검토중_조건충족","설계자: 승인 처리",IF(U59="04-검토중_조건불만족","보완 요청 → 협력사 재제출 독촉",IF(U59="05-계획서승인","시험편 준비 현황 확인",IF(U59="06-BIW생산중단","BIW 생산팀 확인 → 일정 재수립",IF(U59="07-생산완료_미인수","협력사 인수 독촉",IF(U59="08-단품준비완료","시험 일정 확인",IF(U59="09-시험준비중","시험 진행 모니터링",IF(U59="10-시험완료","결과 보고서 전산 등록 독촉",IF(U59="12-조건부승인검토","조건부 승인 여부 판단 → 관련부서 협의","—"))))))))))))
A60: 56 | B60: EN_SUV | C60: Pillar Trim C | D60: =IFERROR(VLOOKUP(C60,'Reference Data 기준데이터'!$E$8:$F$30,2,FALSE),"") | E60: 내후성 시험 | F60: =IFERROR(VLOOKUP(E60,'Reference Data 기준데이터'!$A$8:$F$30,2,FALSE),"") | G60: =IFERROR(VLOOKUP(B60&"_"&C60,'Reference Data 기준데이터'!$A$33:$B$51,2,FALSE),"") | H60: =IFERROR(VLOOKUP(B60,'Reference Data 기준데이터'!$A$2:$J$5,3,FALSE),"") | I60: =IFERROR(H60+VLOOKUP(B60,'Reference Data 기준데이터'!$A$2:$J$5,7,FALSE),"") | J60: 46065 | K60: Revision Needed | L60: =IFERROR(H60+VLOOKUP(B60,'Reference Data 기준데이터'!$A$2:$J$5,8,FALSE),"") | N60: =IFERROR(IF(ISNUMBER(SEARCH("Vehicle",F60)),MAX(H60+VLOOKUP(B60,'Reference Data 기준데이터'!$A$2:$J$5,9,FALSE),VLOOKUP(B60,'Reference Data 기준데이터'!$A$2:$J$5,4,FALSE)),H60+VLOOKUP(B60,'Reference Data 기준데이터'!$A$2:$J$5,9,FALSE)),"") | P60: =IFERROR(N60+VLOOKUP(E60,'Reference Data 기준데이터'!$A$8:$F$30,4,FALSE),"") | R60: =IFERROR(MIN(H60+VLOOKUP(B60,'Reference Data 기준데이터'!$A$2:$J$5,10,FALSE),VLOOKUP(B60,'Reference Data 기준데이터'!$A$2:$J$5,6,FALSE)),"") | U60: =IF(T60<>"",T60,IF(AND(S60<>"",Q60<>""),"11-결과등록완료",IF(AND(Q60<>"",S60=""),"10-시험완료",IF(AND(O60<>"",Q60=""),"09-시험준비중",IF(AND(M60<>"",O60=""),"08-단품준비완료",IF(K60="Approved","05-계획서승인",IF(K60="Revision Needed","04-검토중_조건불만족",IF(K60="Under Review","03-검토중_조건충족",IF(AND(J60<>"",K60=""),"02-계획서제출_미검토","01-계획서미제출"))))))))) | V60: =IFS(U60="01-계획서미제출",0,U60="02-계획서제출_미검토",0.05,U60="03-검토중_조건충족",0.1,U60="04-검토중_조건불만족",0.05,U60="05-계획서승인",0.2,U60="06-BIW생산중단",0.15,U60="07-생산완료_미인수",0.3,U60="08-단품준비완료",0.4,U60="09-시험준비중",0.55,U60="10-시험완료",0.85,U60="11-결과등록완료",1,U60="12-조건부승인검토",0.9,TRUE,0) | W60: =IF(S60<>"","-",IF(R60="","N/A",R60-TODAY())) | X60: =IF(U60="11-결과등록완료","DONE",IF(OR(U60="06-BIW생산중단",AND(U60="01-계획서미제출",I60<TODAY())),"CRITICAL",IF(OR(U60="04-검토중_조건불만족",U60="07-생산완료_미인수",U60="12-조건부승인검토"),"ACTION",IF(AND(ISNUMBER(W60),W60<=0),"OVERDUE",IF(AND(ISNUMBER(W60),W60<=14),"WARNING","ON TRACK"))))) | Y60: =IF(U60="11-결과등록완료","— 완료",IF(U60="01-계획서미제출",IF(I60<TODAY(),"계획서 제출 독촉 (OVERDUE)","계획서 제출 대기"),IF(U60="02-계획서제출_미검토","설계자: 계획서 검토 착수",IF(U60="03-검토중_조건충족","설계자: 승인 처리",IF(U60="04-검토중_조건불만족","보완 요청 → 협력사 재제출 독촉",IF(U60="05-계획서승인","시험편 준비 현황 확인",IF(U60="06-BIW생산중단","BIW 생산팀 확인 → 일정 재수립",IF(U60="07-생산완료_미인수","협력사 인수 독촉",IF(U60="08-단품준비완료","시험 일정 확인",IF(U60="09-시험준비중","시험 진행 모니터링",IF(U60="10-시험완료","결과 보고서 전산 등록 독촉",IF(U60="12-조건부승인검토","조건부 승인 여부 판단 → 관련부서 협의","—"))))))))))))
A61: 57 | B61: EN_SUV | C61: Pillar Trim C | D61: =IFERROR(VLOOKUP(C61,'Reference Data 기준데이터'!$E$8:$F$30,2,FALSE),"") | E61: 연소성 시험 | F61: =IFERROR(VLOOKUP(E61,'Reference Data 기준데이터'!$A$8:$F$30,2,FALSE),"") | G61: =IFERROR(VLOOKUP(B61&"_"&C61,'Reference Data 기준데이터'!$A$33:$B$51,2,FALSE),"") | H61: =IFERROR(VLOOKUP(B61,'Reference Data 기준데이터'!$A$2:$J$5,3,FALSE),"") | I61: =IFERROR(H61+VLOOKUP(B61,'Reference Data 기준데이터'!$A$2:$J$5,7,FALSE),"") | J61: 46066 | K61: Approved | L61: =IFERROR(H61+VLOOKUP(B61,'Reference Data 기준데이터'!$A$2:$J$5,8,FALSE),"") | M61: 46100 | N61: =IFERROR(IF(ISNUMBER(SEARCH("Vehicle",F61)),MAX(H61+VLOOKUP(B61,'Reference Data 기준데이터'!$A$2:$J$5,9,FALSE),VLOOKUP(B61,'Reference Data 기준데이터'!$A$2:$J$5,4,FALSE)),H61+VLOOKUP(B61,'Reference Data 기준데이터'!$A$2:$J$5,9,FALSE)),"") | O61: 46119 | P61: =IFERROR(N61+VLOOKUP(E61,'Reference Data 기준데이터'!$A$8:$F$30,4,FALSE),"") | R61: =IFERROR(MIN(H61+VLOOKUP(B61,'Reference Data 기준데이터'!$A$2:$J$5,10,FALSE),VLOOKUP(B61,'Reference Data 기준데이터'!$A$2:$J$5,6,FALSE)),"") | U61: =IF(T61<>"",T61,IF(AND(S61<>"",Q61<>""),"11-결과등록완료",IF(AND(Q61<>"",S61=""),"10-시험완료",IF(AND(O61<>"",Q61=""),"09-시험준비중",IF(AND(M61<>"",O61=""),"08-단품준비완료",IF(K61="Approved","05-계획서승인",IF(K61="Revision Needed","04-검토중_조건불만족",IF(K61="Under Review","03-검토중_조건충족",IF(AND(J61<>"",K61=""),"02-계획서제출_미검토","01-계획서미제출"))))))))) | V61: =IFS(U61="01-계획서미제출",0,U61="02-계획서제출_미검토",0.05,U61="03-검토중_조건충족",0.1,U61="04-검토중_조건불만족",0.05,U61="05-계획서승인",0.2,U61="06-BIW생산중단",0.15,U61="07-생산완료_미인수",0.3,U61="08-단품준비완료",0.4,U61="09-시험준비중",0.55,U61="10-시험완료",0.85,U61="11-결과등록완료",1,U61="12-조건부승인검토",0.9,TRUE,0) | W61: =IF(S61<>"","-",IF(R61="","N/A",R61-TODAY())) | X61: =IF(U61="11-결과등록완료","DONE",IF(OR(U61="06-BIW생산중단",AND(U61="01-계획서미제출",I61<TODAY())),"CRITICAL",IF(OR(U61="04-검토중_조건불만족",U61="07-생산완료_미인수",U61="12-조건부승인검토"),"ACTION",IF(AND(ISNUMBER(W61),W61<=0),"OVERDUE",IF(AND(ISNUMBER(W61),W61<=14),"WARNING","ON TRACK"))))) | Y61: =IF(U61="11-결과등록완료","— 완료",IF(U61="01-계획서미제출",IF(I61<TODAY(),"계획서 제출 독촉 (OVERDUE)","계획서 제출 대기"),IF(U61="02-계획서제출_미검토","설계자: 계획서 검토 착수",IF(U61="03-검토중_조건충족","설계자: 승인 처리",IF(U61="04-검토중_조건불만족","보완 요청 → 협력사 재제출 독촉",IF(U61="05-계획서승인","시험편 준비 현황 확인",IF(U61="06-BIW생산중단","BIW 생산팀 확인 → 일정 재수립",IF(U61="07-생산완료_미인수","협력사 인수 독촉",IF(U61="08-단품준비완료","시험 일정 확인",IF(U61="09-시험준비중","시험 진행 모니터링",IF(U61="10-시험완료","결과 보고서 전산 등록 독촉",IF(U61="12-조건부승인검토","조건부 승인 여부 판단 → 관련부서 협의","—"))))))))))))
A62: 58 | B62: EN_SUV | C62: Pillar Trim C | D62: =IFERROR(VLOOKUP(C62,'Reference Data 기준데이터'!$E$8:$F$30,2,FALSE),"") | E62: 치수 검사 | F62: =IFERROR(VLOOKUP(E62,'Reference Data 기준데이터'!$A$8:$F$30,2,FALSE),"") | G62: =IFERROR(VLOOKUP(B62&"_"&C62,'Reference Data 기준데이터'!$A$33:$B$51,2,FALSE),"") | H62: =IFERROR(VLOOKUP(B62,'Reference Data 기준데이터'!$A$2:$J$5,3,FALSE),"") | I62: =IFERROR(H62+VLOOKUP(B62,'Reference Data 기준데이터'!$A$2:$J$5,7,FALSE),"") | J62: 46067 | K62: Approved | L62: =IFERROR(H62+VLOOKUP(B62,'Reference Data 기준데이터'!$A$2:$J$5,8,FALSE),"") | M62: 46101 | N62: =IFERROR(IF(ISNUMBER(SEARCH("Vehicle",F62)),MAX(H62+VLOOKUP(B62,'Reference Data 기준데이터'!$A$2:$J$5,9,FALSE),VLOOKUP(B62,'Reference Data 기준데이터'!$A$2:$J$5,4,FALSE)),H62+VLOOKUP(B62,'Reference Data 기준데이터'!$A$2:$J$5,9,FALSE)),"") | O62: 46120 | P62: =IFERROR(N62+VLOOKUP(E62,'Reference Data 기준데이터'!$A$8:$F$30,4,FALSE),"") | Q62: 46141 | R62: =IFERROR(MIN(H62+VLOOKUP(B62,'Reference Data 기준데이터'!$A$2:$J$5,10,FALSE),VLOOKUP(B62,'Reference Data 기준데이터'!$A$2:$J$5,6,FALSE)),"") | S62: 46149 | U62: =IF(T62<>"",T62,IF(AND(S62<>"",Q62<>""),"11-결과등록완료",IF(AND(Q62<>"",S62=""),"10-시험완료",IF(AND(O62<>"",Q62=""),"09-시험준비중",IF(AND(M62<>"",O62=""),"08-단품준비완료",IF(K62="Approved","05-계획서승인",IF(K62="Revision Needed","04-검토중_조건불만족",IF(K62="Under Review","03-검토중_조건충족",IF(AND(J62<>"",K62=""),"02-계획서제출_미검토","01-계획서미제출"))))))))) | V62: =IFS(U62="01-계획서미제출",0,U62="02-계획서제출_미검토",0.05,U62="03-검토중_조건충족",0.1,U62="04-검토중_조건불만족",0.05,U62="05-계획서승인",0.2,U62="06-BIW생산중단",0.15,U62="07-생산완료_미인수",0.3,U62="08-단품준비완료",0.4,U62="09-시험준비중",0.55,U62="10-시험완료",0.85,U62="11-결과등록완료",1,U62="12-조건부승인검토",0.9,TRUE,0) | W62: =IF(S62<>"","-",IF(R62="","N/A",R62-TODAY())) | X62: =IF(U62="11-결과등록완료","DONE",IF(OR(U62="06-BIW생산중단",AND(U62="01-계획서미제출",I62<TODAY())),"CRITICAL",IF(OR(U62="04-검토중_조건불만족",U62="07-생산완료_미인수",U62="12-조건부승인검토"),"ACTION",IF(AND(ISNUMBER(W62),W62<=0),"OVERDUE",IF(AND(ISNUMBER(W62),W62<=14),"WARNING","ON TRACK"))))) | Y62: =IF(U62="11-결과등록완료","— 완료",IF(U62="01-계획서미제출",IF(I62<TODAY(),"계획서 제출 독촉 (OVERDUE)","계획서 제출 대기"),IF(U62="02-계획서제출_미검토","설계자: 계획서 검토 착수",IF(U62="03-검토중_조건충족","설계자: 승인 처리",IF(U62="04-검토중_조건불만족","보완 요청 → 협력사 재제출 독촉",IF(U62="05-계획서승인","시험편 준비 현황 확인",IF(U62="06-BIW생산중단","BIW 생산팀 확인 → 일정 재수립",IF(U62="07-생산완료_미인수","협력사 인수 독촉",IF(U62="08-단품준비완료","시험 일정 확인",IF(U62="09-시험준비중","시험 진행 모니터링",IF(U62="10-시험완료","결과 보고서 전산 등록 독촉",IF(U62="12-조건부승인검토","조건부 승인 여부 판단 → 관련부서 협의","—"))))))))))))
A63: 59 | B63: EN_SUV | C63: Front Seat Assy LH | D63: =IFERROR(VLOOKUP(C63,'Reference Data 기준데이터'!$E$8:$F$30,2,FALSE),"") | E63: 시트 내구 시험 | F63: =IFERROR(VLOOKUP(E63,'Reference Data 기준데이터'!$A$8:$F$30,2,FALSE),"") | G63: =IFERROR(VLOOKUP(B63&"_"&C63,'Reference Data 기준데이터'!$A$33:$B$51,2,FALSE),"") | H63: =IFERROR(VLOOKUP(B63,'Reference Data 기준데이터'!$A$2:$J$5,3,FALSE),"") | I63: =IFERROR(H63+VLOOKUP(B63,'Reference Data 기준데이터'!$A$2:$J$5,7,FALSE),"") | J63: 46068 | K63: Approved | L63: =IFERROR(H63+VLOOKUP(B63,'Reference Data 기준데이터'!$A$2:$J$5,8,FALSE),"") | M63: 46102 | N63: =IFERROR(IF(ISNUMBER(SEARCH("Vehicle",F63)),MAX(H63+VLOOKUP(B63,'Reference Data 기준데이터'!$A$2:$J$5,9,FALSE),VLOOKUP(B63,'Reference Data 기준데이터'!$A$2:$J$5,4,FALSE)),H63+VLOOKUP(B63,'Reference Data 기준데이터'!$A$2:$J$5,9,FALSE)),"") | P63: =IFERROR(N63+VLOOKUP(E63,'Reference Data 기준데이터'!$A$8:$F$30,4,FALSE),"") | R63: =IFERROR(MIN(H63+VLOOKUP(B63,'Reference Data 기준데이터'!$A$2:$J$5,10,FALSE),VLOOKUP(B63,'Reference Data 기준데이터'!$A$2:$J$5,6,FALSE)),"") | T63: 07-생산완료_미인수 | U63: =IF(T63<>"",T63,IF(AND(S63<>"",Q63<>""),"11-결과등록완료",IF(AND(Q63<>"",S63=""),"10-시험완료",IF(AND(O63<>"",Q63=""),"09-시험준비중",IF(AND(M63<>"",O63=""),"08-단품준비완료",IF(K63="Approved","05-계획서승인",IF(K63="Revision Needed","04-검토중_조건불만족",IF(K63="Under Review","03-검토중_조건충족",IF(AND(J63<>"",K63=""),"02-계획서제출_미검토","01-계획서미제출"))))))))) | V63: =IFS(U63="01-계획서미제출",0,U63="02-계획서제출_미검토",0.05,U63="03-검토중_조건충족",0.1,U63="04-검토중_조건불만족",0.05,U63="05-계획서승인",0.2,U63="06-BIW생산중단",0.15,U63="07-생산완료_미인수",0.3,U63="08-단품준비완료",0.4,U63="09-시험준비중",0.55,U63="10-시험완료",0.85,U63="11-결과등록완료",1,U63="12-조건부승인검토",0.9,TRUE,0) | W63: =IF(S63<>"","-",IF(R63="","N/A",R63-TODAY())) | X63: =IF(U63="11-결과등록완료","DONE",IF(OR(U63="06-BIW생산중단",AND(U63="01-계획서미제출",I63<TODAY())),"CRITICAL",IF(OR(U63="04-검토중_조건불만족",U63="07-생산완료_미인수",U63="12-조건부승인검토"),"ACTION",IF(AND(ISNUMBER(W63),W63<=0),"OVERDUE",IF(AND(ISNUMBER(W63),W63<=14),"WARNING","ON TRACK"))))) | Y63: =IF(U63="11-결과등록완료","— 완료",IF(U63="01-계획서미제출",IF(I63<TODAY(),"계획서 제출 독촉 (OVERDUE)","계획서 제출 대기"),IF(U63="02-계획서제출_미검토","설계자: 계획서 검토 착수",IF(U63="03-검토중_조건충족","설계자: 승인 처리",IF(U63="04-검토중_조건불만족","보완 요청 → 협력사 재제출 독촉",IF(U63="05-계획서승인","시험편 준비 현황 확인",IF(U63="06-BIW생산중단","BIW 생산팀 확인 → 일정 재수립",IF(U63="07-생산완료_미인수","협력사 인수 독촉",IF(U63="08-단품준비완료","시험 일정 확인",IF(U63="09-시험준비중","시험 진행 모니터링",IF(U63="10-시험완료","결과 보고서 전산 등록 독촉",IF(U63="12-조건부승인검토","조건부 승인 여부 판단 → 관련부서 협의","—"))))))))))))
A64: 60 | B64: EN_SUV | C64: Front Seat Assy LH | D64: =IFERROR(VLOOKUP(C64,'Reference Data 기준데이터'!$E$8:$F$30,2,FALSE),"") | E64: 안전벨트 앵커리지 | F64: =IFERROR(VLOOKUP(E64,'Reference Data 기준데이터'!$A$8:$F$30,2,FALSE),"") | G64: =IFERROR(VLOOKUP(B64&"_"&C64,'Reference Data 기준데이터'!$A$33:$B$51,2,FALSE),"") | H64: =IFERROR(VLOOKUP(B64,'Reference Data 기준데이터'!$A$2:$J$5,3,FALSE),"") | I64: =IFERROR(H64+VLOOKUP(B64,'Reference Data 기준데이터'!$A$2:$J$5,7,FALSE),"") | J64: 46064 | K64: Approved | L64: =IFERROR(H64+VLOOKUP(B64,'Reference Data 기준데이터'!$A$2:$J$5,8,FALSE),"") | N64: =IFERROR(IF(ISNUMBER(SEARCH("Vehicle",F64)),MAX(H64+VLOOKUP(B64,'Reference Data 기준데이터'!$A$2:$J$5,9,FALSE),VLOOKUP(B64,'Reference Data 기준데이터'!$A$2:$J$5,4,FALSE)),H64+VLOOKUP(B64,'Reference Data 기준데이터'!$A$2:$J$5,9,FALSE)),"") | P64: =IFERROR(N64+VLOOKUP(E64,'Reference Data 기준데이터'!$A$8:$F$30,4,FALSE),"") | R64: =IFERROR(MIN(H64+VLOOKUP(B64,'Reference Data 기준데이터'!$A$2:$J$5,10,FALSE),VLOOKUP(B64,'Reference Data 기준데이터'!$A$2:$J$5,6,FALSE)),"") | U64: =IF(T64<>"",T64,IF(AND(S64<>"",Q64<>""),"11-결과등록완료",IF(AND(Q64<>"",S64=""),"10-시험완료",IF(AND(O64<>"",Q64=""),"09-시험준비중",IF(AND(M64<>"",O64=""),"08-단품준비완료",IF(K64="Approved","05-계획서승인",IF(K64="Revision Needed","04-검토중_조건불만족",IF(K64="Under Review","03-검토중_조건충족",IF(AND(J64<>"",K64=""),"02-계획서제출_미검토","01-계획서미제출"))))))))) | V64: =IFS(U64="01-계획서미제출",0,U64="02-계획서제출_미검토",0.05,U64="03-검토중_조건충족",0.1,U64="04-검토중_조건불만족",0.05,U64="05-계획서승인",0.2,U64="06-BIW생산중단",0.15,U64="07-생산완료_미인수",0.3,U64="08-단품준비완료",0.4,U64="09-시험준비중",0.55,U64="10-시험완료",0.85,U64="11-결과등록완료",1,U64="12-조건부승인검토",0.9,TRUE,0) | W64: =IF(S64<>"","-",IF(R64="","N/A",R64-TODAY())) | X64: =IF(U64="11-결과등록완료","DONE",IF(OR(U64="06-BIW생산중단",AND(U64="01-계획서미제출",I64<TODAY())),"CRITICAL",IF(OR(U64="04-검토중_조건불만족",U64="07-생산완료_미인수",U64="12-조건부승인검토"),"ACTION",IF(AND(ISNUMBER(W64),W64<=0),"OVERDUE",IF(AND(ISNUMBER(W64),W64<=14),"WARNING","ON TRACK"))))) | Y64: =IF(U64="11-결과등록완료","— 완료",IF(U64="01-계획서미제출",IF(I64<TODAY(),"계획서 제출 독촉 (OVERDUE)","계획서 제출 대기"),IF(U64="02-계획서제출_미검토","설계자: 계획서 검토 착수",IF(U64="03-검토중_조건충족","설계자: 승인 처리",IF(U64="04-검토중_조건불만족","보완 요청 → 협력사 재제출 독촉",IF(U64="05-계획서승인","시험편 준비 현황 확인",IF(U64="06-BIW생산중단","BIW 생산팀 확인 → 일정 재수립",IF(U64="07-생산완료_미인수","협력사 인수 독촉",IF(U64="08-단품준비완료","시험 일정 확인",IF(U64="09-시험준비중","시험 진행 모니터링",IF(U64="10-시험완료","결과 보고서 전산 등록 독촉",IF(U64="12-조건부승인검토","조건부 승인 여부 판단 → 관련부서 협의","—"))))))))))))
A65: 61 | B65: EN_SUV | C65: Front Seat Assy LH | D65: =IFERROR(VLOOKUP(C65,'Reference Data 기준데이터'!$E$8:$F$30,2,FALSE),"") | E65: H-Point 검증 | F65: =IFERROR(VLOOKUP(E65,'Reference Data 기준데이터'!$A$8:$F$30,2,FALSE),"") | G65: =IFERROR(VLOOKUP(B65&"_"&C65,'Reference Data 기준데이터'!$A$33:$B$51,2,FALSE),"") | H65: =IFERROR(VLOOKUP(B65,'Reference Data 기준데이터'!$A$2:$J$5,3,FALSE),"") | I65: =IFERROR(H65+VLOOKUP(B65,'Reference Data 기준데이터'!$A$2:$J$5,7,FALSE),"") | J65: 46065 | K65: Approved | L65: =IFERROR(H65+VLOOKUP(B65,'Reference Data 기준데이터'!$A$2:$J$5,8,FALSE),"") | M65: 46104 | N65: =IFERROR(IF(ISNUMBER(SEARCH("Vehicle",F65)),MAX(H65+VLOOKUP(B65,'Reference Data 기준데이터'!$A$2:$J$5,9,FALSE),VLOOKUP(B65,'Reference Data 기준데이터'!$A$2:$J$5,4,FALSE)),H65+VLOOKUP(B65,'Reference Data 기준데이터'!$A$2:$J$5,9,FALSE)),"") | O65: 46117 | P65: =IFERROR(N65+VLOOKUP(E65,'Reference Data 기준데이터'!$A$8:$F$30,4,FALSE),"") | R65: =IFERROR(MIN(H65+VLOOKUP(B65,'Reference Data 기준데이터'!$A$2:$J$5,10,FALSE),VLOOKUP(B65,'Reference Data 기준데이터'!$A$2:$J$5,6,FALSE)),"") | U65: =IF(T65<>"",T65,IF(AND(S65<>"",Q65<>""),"11-결과등록완료",IF(AND(Q65<>"",S65=""),"10-시험완료",IF(AND(O65<>"",Q65=""),"09-시험준비중",IF(AND(M65<>"",O65=""),"08-단품준비완료",IF(K65="Approved","05-계획서승인",IF(K65="Revision Needed","04-검토중_조건불만족",IF(K65="Under Review","03-검토중_조건충족",IF(AND(J65<>"",K65=""),"02-계획서제출_미검토","01-계획서미제출"))))))))) | V65: =IFS(U65="01-계획서미제출",0,U65="02-계획서제출_미검토",0.05,U65="03-검토중_조건충족",0.1,U65="04-검토중_조건불만족",0.05,U65="05-계획서승인",0.2,U65="06-BIW생산중단",0.15,U65="07-생산완료_미인수",0.3,U65="08-단품준비완료",0.4,U65="09-시험준비중",0.55,U65="10-시험완료",0.85,U65="11-결과등록완료",1,U65="12-조건부승인검토",0.9,TRUE,0) | W65: =IF(S65<>"","-",IF(R65="","N/A",R65-TODAY())) | X65: =IF(U65="11-결과등록완료","DONE",IF(OR(U65="06-BIW생산중단",AND(U65="01-계획서미제출",I65<TODAY())),"CRITICAL",IF(OR(U65="04-검토중_조건불만족",U65="07-생산완료_미인수",U65="12-조건부승인검토"),"ACTION",IF(AND(ISNUMBER(W65),W65<=0),"OVERDUE",IF(AND(ISNUMBER(W65),W65<=14),"WARNING","ON TRACK"))))) | Y65: =IF(U65="11-결과등록완료","— 완료",IF(U65="01-계획서미제출",IF(I65<TODAY(),"계획서 제출 독촉 (OVERDUE)","계획서 제출 대기"),IF(U65="02-계획서제출_미검토","설계자: 계획서 검토 착수",IF(U65="03-검토중_조건충족","설계자: 승인 처리",IF(U65="04-검토중_조건불만족","보완 요청 → 협력사 재제출 독촉",IF(U65="05-계획서승인","시험편 준비 현황 확인",IF(U65="06-BIW생산중단","BIW 생산팀 확인 → 일정 재수립",IF(U65="07-생산완료_미인수","협력사 인수 독촉",IF(U65="08-단품준비완료","시험 일정 확인",IF(U65="09-시험준비중","시험 진행 모니터링",IF(U65="10-시험완료","결과 보고서 전산 등록 독촉",IF(U65="12-조건부승인검토","조건부 승인 여부 판단 → 관련부서 협의","—"))))))))))))
A66: 62 | B66: EN_SUV | C66: Front Seat Assy LH | D66: =IFERROR(VLOOKUP(C66,'Reference Data 기준데이터'!$E$8:$F$30,2,FALSE),"") | E66: BSR 시험 | F66: =IFERROR(VLOOKUP(E66,'Reference Data 기준데이터'!$A$8:$F$30,2,FALSE),"") | G66: =IFERROR(VLOOKUP(B66&"_"&C66,'Reference Data 기준데이터'!$A$33:$B$51,2,FALSE),"") | H66: =IFERROR(VLOOKUP(B66,'Reference Data 기준데이터'!$A$2:$J$5,3,FALSE),"") | I66: =IFERROR(H66+VLOOKUP(B66,'Reference Data 기준데이터'!$A$2:$J$5,7,FALSE),"") | J66: 46066 | K66: Approved | L66: =IFERROR(H66+VLOOKUP(B66,'Reference Data 기준데이터'!$A$2:$J$5,8,FALSE),"") | M66: 46105 | N66: =IFERROR(IF(ISNUMBER(SEARCH("Vehicle",F66)),MAX(H66+VLOOKUP(B66,'Reference Data 기준데이터'!$A$2:$J$5,9,FALSE),VLOOKUP(B66,'Reference Data 기준데이터'!$A$2:$J$5,4,FALSE)),H66+VLOOKUP(B66,'Reference Data 기준데이터'!$A$2:$J$5,9,FALSE)),"") | O66: 46118 | P66: =IFERROR(N66+VLOOKUP(E66,'Reference Data 기준데이터'!$A$8:$F$30,4,FALSE),"") | Q66: 46145 | R66: =IFERROR(MIN(H66+VLOOKUP(B66,'Reference Data 기준데이터'!$A$2:$J$5,10,FALSE),VLOOKUP(B66,'Reference Data 기준데이터'!$A$2:$J$5,6,FALSE)),"") | U66: =IF(T66<>"",T66,IF(AND(S66<>"",Q66<>""),"11-결과등록완료",IF(AND(Q66<>"",S66=""),"10-시험완료",IF(AND(O66<>"",Q66=""),"09-시험준비중",IF(AND(M66<>"",O66=""),"08-단품준비완료",IF(K66="Approved","05-계획서승인",IF(K66="Revision Needed","04-검토중_조건불만족",IF(K66="Under Review","03-검토중_조건충족",IF(AND(J66<>"",K66=""),"02-계획서제출_미검토","01-계획서미제출"))))))))) | V66: =IFS(U66="01-계획서미제출",0,U66="02-계획서제출_미검토",0.05,U66="03-검토중_조건충족",0.1,U66="04-검토중_조건불만족",0.05,U66="05-계획서승인",0.2,U66="06-BIW생산중단",0.15,U66="07-생산완료_미인수",0.3,U66="08-단품준비완료",0.4,U66="09-시험준비중",0.55,U66="10-시험완료",0.85,U66="11-결과등록완료",1,U66="12-조건부승인검토",0.9,TRUE,0) | W66: =IF(S66<>"","-",IF(R66="","N/A",R66-TODAY())) | X66: =IF(U66="11-결과등록완료","DONE",IF(OR(U66="06-BIW생산중단",AND(U66="01-계획서미제출",I66<TODAY())),"CRITICAL",IF(OR(U66="04-검토중_조건불만족",U66="07-생산완료_미인수",U66="12-조건부승인검토"),"ACTION",IF(AND(ISNUMBER(W66),W66<=0),"OVERDUE",IF(AND(ISNUMBER(W66),W66<=14),"WARNING","ON TRACK"))))) | Y66: =IF(U66="11-결과등록완료","— 완료",IF(U66="01-계획서미제출",IF(I66<TODAY(),"계획서 제출 독촉 (OVERDUE)","계획서 제출 대기"),IF(U66="02-계획서제출_미검토","설계자: 계획서 검토 착수",IF(U66="03-검토중_조건충족","설계자: 승인 처리",IF(U66="04-검토중_조건불만족","보완 요청 → 협력사 재제출 독촉",IF(U66="05-계획서승인","시험편 준비 현황 확인",IF(U66="06-BIW생산중단","BIW 생산팀 확인 → 일정 재수립",IF(U66="07-생산완료_미인수","협력사 인수 독촉",IF(U66="08-단품준비완료","시험 일정 확인",IF(U66="09-시험준비중","시험 진행 모니터링",IF(U66="10-시험완료","결과 보고서 전산 등록 독촉",IF(U66="12-조건부승인검토","조건부 승인 여부 판단 → 관련부서 협의","—"))))))))))))
A67: 63 | B67: EN_SUV | C67: Rear Seat Assy | D67: =IFERROR(VLOOKUP(C67,'Reference Data 기준데이터'!$E$8:$F$30,2,FALSE),"") | E67: 시트 내구 시험 | F67: =IFERROR(VLOOKUP(E67,'Reference Data 기준데이터'!$A$8:$F$30,2,FALSE),"") | G67: =IFERROR(VLOOKUP(B67&"_"&C67,'Reference Data 기준데이터'!$A$33:$B$51,2,FALSE),"") | H67: =IFERROR(VLOOKUP(B67,'Reference Data 기준데이터'!$A$2:$J$5,3,FALSE),"") | I67: =IFERROR(H67+VLOOKUP(B67,'Reference Data 기준데이터'!$A$2:$J$5,7,FALSE),"") | J67: 46067 | K67: Approved | L67: =IFERROR(H67+VLOOKUP(B67,'Reference Data 기준데이터'!$A$2:$J$5,8,FALSE),"") | M67: 46106 | N67: =IFERROR(IF(ISNUMBER(SEARCH("Vehicle",F67)),MAX(H67+VLOOKUP(B67,'Reference Data 기준데이터'!$A$2:$J$5,9,FALSE),VLOOKUP(B67,'Reference Data 기준데이터'!$A$2:$J$5,4,FALSE)),H67+VLOOKUP(B67,'Reference Data 기준데이터'!$A$2:$J$5,9,FALSE)),"") | P67: =IFERROR(N67+VLOOKUP(E67,'Reference Data 기준데이터'!$A$8:$F$30,4,FALSE),"") | R67: =IFERROR(MIN(H67+VLOOKUP(B67,'Reference Data 기준데이터'!$A$2:$J$5,10,FALSE),VLOOKUP(B67,'Reference Data 기준데이터'!$A$2:$J$5,6,FALSE)),"") | U67: =IF(T67<>"",T67,IF(AND(S67<>"",Q67<>""),"11-결과등록완료",IF(AND(Q67<>"",S67=""),"10-시험완료",IF(AND(O67<>"",Q67=""),"09-시험준비중",IF(AND(M67<>"",O67=""),"08-단품준비완료",IF(K67="Approved","05-계획서승인",IF(K67="Revision Needed","04-검토중_조건불만족",IF(K67="Under Review","03-검토중_조건충족",IF(AND(J67<>"",K67=""),"02-계획서제출_미검토","01-계획서미제출"))))))))) | V67: =IFS(U67="01-계획서미제출",0,U67="02-계획서제출_미검토",0.05,U67="03-검토중_조건충족",0.1,U67="04-검토중_조건불만족",0.05,U67="05-계획서승인",0.2,U67="06-BIW생산중단",0.15,U67="07-생산완료_미인수",0.3,U67="08-단품준비완료",0.4,U67="09-시험준비중",0.55,U67="10-시험완료",0.85,U67="11-결과등록완료",1,U67="12-조건부승인검토",0.9,TRUE,0) | W67: =IF(S67<>"","-",IF(R67="","N/A",R67-TODAY())) | X67: =IF(U67="11-결과등록완료","DONE",IF(OR(U67="06-BIW생산중단",AND(U67="01-계획서미제출",I67<TODAY())),"CRITICAL",IF(OR(U67="04-검토중_조건불만족",U67="07-생산완료_미인수",U67="12-조건부승인검토"),"ACTION",IF(AND(ISNUMBER(W67),W67<=0),"OVERDUE",IF(AND(ISNUMBER(W67),W67<=14),"WARNING","ON TRACK"))))) | Y67: =IF(U67="11-결과등록완료","— 완료",IF(U67="01-계획서미제출",IF(I67<TODAY(),"계획서 제출 독촉 (OVERDUE)","계획서 제출 대기"),IF(U67="02-계획서제출_미검토","설계자: 계획서 검토 착수",IF(U67="03-검토중_조건충족","설계자: 승인 처리",IF(U67="04-검토중_조건불만족","보완 요청 → 협력사 재제출 독촉",IF(U67="05-계획서승인","시험편 준비 현황 확인",IF(U67="06-BIW생산중단","BIW 생산팀 확인 → 일정 재수립",IF(U67="07-생산완료_미인수","협력사 인수 독촉",IF(U67="08-단품준비완료","시험 일정 확인",IF(U67="09-시험준비중","시험 진행 모니터링",IF(U67="10-시험완료","결과 보고서 전산 등록 독촉",IF(U67="12-조건부승인검토","조건부 승인 여부 판단 → 관련부서 협의","—"))))))))))))
A68: 64 | B68: EN_SUV | C68: Rear Seat Assy | D68: =IFERROR(VLOOKUP(C68,'Reference Data 기준데이터'!$E$8:$F$30,2,FALSE),"") | E68: ISOFIX 강도 시험 | F68: =IFERROR(VLOOKUP(E68,'Reference Data 기준데이터'!$A$8:$F$30,2,FALSE),"") | G68: =IFERROR(VLOOKUP(B68&"_"&C68,'Reference Data 기준데이터'!$A$33:$B$51,2,FALSE),"") | H68: =IFERROR(VLOOKUP(B68,'Reference Data 기준데이터'!$A$2:$J$5,3,FALSE),"") | I68: =IFERROR(H68+VLOOKUP(B68,'Reference Data 기준데이터'!$A$2:$J$5,7,FALSE),"") | J68: 46068 | K68: Approved | L68: =IFERROR(H68+VLOOKUP(B68,'Reference Data 기준데이터'!$A$2:$J$5,8,FALSE),"") | M68: 46099 | N68: =IFERROR(IF(ISNUMBER(SEARCH("Vehicle",F68)),MAX(H68+VLOOKUP(B68,'Reference Data 기준데이터'!$A$2:$J$5,9,FALSE),VLOOKUP(B68,'Reference Data 기준데이터'!$A$2:$J$5,4,FALSE)),H68+VLOOKUP(B68,'Reference Data 기준데이터'!$A$2:$J$5,9,FALSE)),"") | O68: 46120 | P68: =IFERROR(N68+VLOOKUP(E68,'Reference Data 기준데이터'!$A$8:$F$30,4,FALSE),"") | Q68: 46140 | R68: =IFERROR(MIN(H68+VLOOKUP(B68,'Reference Data 기준데이터'!$A$2:$J$5,10,FALSE),VLOOKUP(B68,'Reference Data 기준데이터'!$A$2:$J$5,6,FALSE)),"") | S68: 46147 | T68: 12-조건부승인검토 | U68: =IF(T68<>"",T68,IF(AND(S68<>"",Q68<>""),"11-결과등록완료",IF(AND(Q68<>"",S68=""),"10-시험완료",IF(AND(O68<>"",Q68=""),"09-시험준비중",IF(AND(M68<>"",O68=""),"08-단품준비완료",IF(K68="Approved","05-계획서승인",IF(K68="Revision Needed","04-검토중_조건불만족",IF(K68="Under Review","03-검토중_조건충족",IF(AND(J68<>"",K68=""),"02-계획서제출_미검토","01-계획서미제출"))))))))) | V68: =IFS(U68="01-계획서미제출",0,U68="02-계획서제출_미검토",0.05,U68="03-검토중_조건충족",0.1,U68="04-검토중_조건불만족",0.05,U68="05-계획서승인",0.2,U68="06-BIW생산중단",0.15,U68="07-생산완료_미인수",0.3,U68="08-단품준비완료",0.4,U68="09-시험준비중",0.55,U68="10-시험완료",0.85,U68="11-결과등록완료",1,U68="12-조건부승인검토",0.9,TRUE,0) | W68: =IF(S68<>"","-",IF(R68="","N/A",R68-TODAY())) | X68: =IF(U68="11-결과등록완료","DONE",IF(OR(U68="06-BIW생산중단",AND(U68="01-계획서미제출",I68<TODAY())),"CRITICAL",IF(OR(U68="04-검토중_조건불만족",U68="07-생산완료_미인수",U68="12-조건부승인검토"),"ACTION",IF(AND(ISNUMBER(W68),W68<=0),"OVERDUE",IF(AND(ISNUMBER(W68),W68<=14),"WARNING","ON TRACK"))))) | Y68: =IF(U68="11-결과등록완료","— 완료",IF(U68="01-계획서미제출",IF(I68<TODAY(),"계획서 제출 독촉 (OVERDUE)","계획서 제출 대기"),IF(U68="02-계획서제출_미검토","설계자: 계획서 검토 착수",IF(U68="03-검토중_조건충족","설계자: 승인 처리",IF(U68="04-검토중_조건불만족","보완 요청 → 협력사 재제출 독촉",IF(U68="05-계획서승인","시험편 준비 현황 확인",IF(U68="06-BIW생산중단","BIW 생산팀 확인 → 일정 재수립",IF(U68="07-생산완료_미인수","협력사 인수 독촉",IF(U68="08-단품준비완료","시험 일정 확인",IF(U68="09-시험준비중","시험 진행 모니터링",IF(U68="10-시험완료","결과 보고서 전산 등록 독촉",IF(U68="12-조건부승인검토","조건부 승인 여부 판단 → 관련부서 협의","—"))))))))))))
A69: 65 | B69: EN_SUV | C69: Rear Seat Assy | D69: =IFERROR(VLOOKUP(C69,'Reference Data 기준데이터'!$E$8:$F$30,2,FALSE),"") | E69: 수하물 충격 시험 | F69: =IFERROR(VLOOKUP(E69,'Reference Data 기준데이터'!$A$8:$F$30,2,FALSE),"") | G69: =IFERROR(VLOOKUP(B69&"_"&C69,'Reference Data 기준데이터'!$A$33:$B$51,2,FALSE),"") | H69: =IFERROR(VLOOKUP(B69,'Reference Data 기준데이터'!$A$2:$J$5,3,FALSE),"") | I69: =IFERROR(H69+VLOOKUP(B69,'Reference Data 기준데이터'!$A$2:$J$5,7,FALSE),"") | J69: 46064 | K69: Approved | L69: =IFERROR(H69+VLOOKUP(B69,'Reference Data 기준데이터'!$A$2:$J$5,8,FALSE),"") | M69: 46100 | N69: =IFERROR(IF(ISNUMBER(SEARCH("Vehicle",F69)),MAX(H69+VLOOKUP(B69,'Reference Data 기준데이터'!$A$2:$J$5,9,FALSE),VLOOKUP(B69,'Reference Data 기준데이터'!$A$2:$J$5,4,FALSE)),H69+VLOOKUP(B69,'Reference Data 기준데이터'!$A$2:$J$5,9,FALSE)),"") | O69: 46121 | P69: =IFERROR(N69+VLOOKUP(E69,'Reference Data 기준데이터'!$A$8:$F$30,4,FALSE),"") | Q69: 46141 | R69: =IFERROR(MIN(H69+VLOOKUP(B69,'Reference Data 기준데이터'!$A$2:$J$5,10,FALSE),VLOOKUP(B69,'Reference Data 기준데이터'!$A$2:$J$5,6,FALSE)),"") | S69: 46148 | U69: =IF(T69<>"",T69,IF(AND(S69<>"",Q69<>""),"11-결과등록완료",IF(AND(Q69<>"",S69=""),"10-시험완료",IF(AND(O69<>"",Q69=""),"09-시험준비중",IF(AND(M69<>"",O69=""),"08-단품준비완료",IF(K69="Approved","05-계획서승인",IF(K69="Revision Needed","04-검토중_조건불만족",IF(K69="Under Review","03-검토중_조건충족",IF(AND(J69<>"",K69=""),"02-계획서제출_미검토","01-계획서미제출"))))))))) | V69: =IFS(U69="01-계획서미제출",0,U69="02-계획서제출_미검토",0.05,U69="03-검토중_조건충족",0.1,U69="04-검토중_조건불만족",0.05,U69="05-계획서승인",0.2,U69="06-BIW생산중단",0.15,U69="07-생산완료_미인수",0.3,U69="08-단품준비완료",0.4,U69="09-시험준비중",0.55,U69="10-시험완료",0.85,U69="11-결과등록완료",1,U69="12-조건부승인검토",0.9,TRUE,0) | W69: =IF(S69<>"","-",IF(R69="","N/A",R69-TODAY())) | X69: =IF(U69="11-결과등록완료","DONE",IF(OR(U69="06-BIW생산중단",AND(U69="01-계획서미제출",I69<TODAY())),"CRITICAL",IF(OR(U69="04-검토중_조건불만족",U69="07-생산완료_미인수",U69="12-조건부승인검토"),"ACTION",IF(AND(ISNUMBER(W69),W69<=0),"OVERDUE",IF(AND(ISNUMBER(W69),W69<=14),"WARNING","ON TRACK"))))) | Y69: =IF(U69="11-결과등록완료","— 완료",IF(U69="01-계획서미제출",IF(I69<TODAY(),"계획서 제출 독촉 (OVERDUE)","계획서 제출 대기"),IF(U69="02-계획서제출_미검토","설계자: 계획서 검토 착수",IF(U69="03-검토중_조건충족","설계자: 승인 처리",IF(U69="04-검토중_조건불만족","보완 요청 → 협력사 재제출 독촉",IF(U69="05-계획서승인","시험편 준비 현황 확인",IF(U69="06-BIW생산중단","BIW 생산팀 확인 → 일정 재수립",IF(U69="07-생산완료_미인수","협력사 인수 독촉",IF(U69="08-단품준비완료","시험 일정 확인",IF(U69="09-시험준비중","시험 진행 모니터링",IF(U69="10-시험완료","결과 보고서 전산 등록 독촉",IF(U69="12-조건부승인검토","조건부 승인 여부 판단 → 관련부서 협의","—"))))))))))))
A70: 66 | B70: EN_SUV | C70: Rear Seat Assy | D70: =IFERROR(VLOOKUP(C70,'Reference Data 기준데이터'!$E$8:$F$30,2,FALSE),"") | E70: 외관 검사 | F70: =IFERROR(VLOOKUP(E70,'Reference Data 기준데이터'!$A$8:$F$30,2,FALSE),"") | G70: =IFERROR(VLOOKUP(B70&"_"&C70,'Reference Data 기준데이터'!$A$33:$B$51,2,FALSE),"") | H70: =IFERROR(VLOOKUP(B70,'Reference Data 기준데이터'!$A$2:$J$5,3,FALSE),"") | I70: =IFERROR(H70+VLOOKUP(B70,'Reference Data 기준데이터'!$A$2:$J$5,7,FALSE),"") | J70: 46065 | K70: Approved | L70: =IFERROR(H70+VLOOKUP(B70,'Reference Data 기준데이터'!$A$2:$J$5,8,FALSE),"") | M70: 46101 | N70: =IFERROR(IF(ISNUMBER(SEARCH("Vehicle",F70)),MAX(H70+VLOOKUP(B70,'Reference Data 기준데이터'!$A$2:$J$5,9,FALSE),VLOOKUP(B70,'Reference Data 기준데이터'!$A$2:$J$5,4,FALSE)),H70+VLOOKUP(B70,'Reference Data 기준데이터'!$A$2:$J$5,9,FALSE)),"") | O70: 46116 | P70: =IFERROR(N70+VLOOKUP(E70,'Reference Data 기준데이터'!$A$8:$F$30,4,FALSE),"") | Q70: 46142 | R70: =IFERROR(MIN(H70+VLOOKUP(B70,'Reference Data 기준데이터'!$A$2:$J$5,10,FALSE),VLOOKUP(B70,'Reference Data 기준데이터'!$A$2:$J$5,6,FALSE)),"") | S70: 46149 | U70: =IF(T70<>"",T70,IF(AND(S70<>"",Q70<>""),"11-결과등록완료",IF(AND(Q70<>"",S70=""),"10-시험완료",IF(AND(O70<>"",Q70=""),"09-시험준비중",IF(AND(M70<>"",O70=""),"08-단품준비완료",IF(K70="Approved","05-계획서승인",IF(K70="Revision Needed","04-검토중_조건불만족",IF(K70="Under Review","03-검토중_조건충족",IF(AND(J70<>"",K70=""),"02-계획서제출_미검토","01-계획서미제출"))))))))) | V70: =IFS(U70="01-계획서미제출",0,U70="02-계획서제출_미검토",0.05,U70="03-검토중_조건충족",0.1,U70="04-검토중_조건불만족",0.05,U70="05-계획서승인",0.2,U70="06-BIW생산중단",0.15,U70="07-생산완료_미인수",0.3,U70="08-단품준비완료",0.4,U70="09-시험준비중",0.55,U70="10-시험완료",0.85,U70="11-결과등록완료",1,U70="12-조건부승인검토",0.9,TRUE,0) | W70: =IF(S70<>"","-",IF(R70="","N/A",R70-TODAY())) | X70: =IF(U70="11-결과등록완료","DONE",IF(OR(U70="06-BIW생산중단",AND(U70="01-계획서미제출",I70<TODAY())),"CRITICAL",IF(OR(U70="04-검토중_조건불만족",U70="07-생산완료_미인수",U70="12-조건부승인검토"),"ACTION",IF(AND(ISNUMBER(W70),W70<=0),"OVERDUE",IF(AND(ISNUMBER(W70),W70<=14),"WARNING","ON TRACK"))))) | Y70: =IF(U70="11-결과등록완료","— 완료",IF(U70="01-계획서미제출",IF(I70<TODAY(),"계획서 제출 독촉 (OVERDUE)","계획서 제출 대기"),IF(U70="02-계획서제출_미검토","설계자: 계획서 검토 착수",IF(U70="03-검토중_조건충족","설계자: 승인 처리",IF(U70="04-검토중_조건불만족","보완 요청 → 협력사 재제출 독촉",IF(U70="05-계획서승인","시험편 준비 현황 확인",IF(U70="06-BIW생산중단","BIW 생산팀 확인 → 일정 재수립",IF(U70="07-생산완료_미인수","협력사 인수 독촉",IF(U70="08-단품준비완료","시험 일정 확인",IF(U70="09-시험준비중","시험 진행 모니터링",IF(U70="10-시험완료","결과 보고서 전산 등록 독촉",IF(U70="12-조건부승인검토","조건부 승인 여부 판단 → 관련부서 협의","—"))))))))))))
A71: =IF(B71="","",ROW()-4) | D71: =IF(B71="","",IFERROR(VLOOKUP(C71,'Reference Data 기준데이터'!$E$8:$F$30,2,FALSE),"")) | F71: =IF(B71="","",IFERROR(VLOOKUP(E71,'Reference Data 기준데이터'!$A$8:$F$30,2,FALSE),"")) | G71: =IF(B71="","",IFERROR(VLOOKUP(B71&"_"&C71,'Reference Data 기준데이터'!$A$33:$B$51,2,FALSE),"")) | H71: =IF(B71="","",IFERROR(VLOOKUP(B71,'Reference Data 기준데이터'!$A$2:$J$5,3,FALSE),"")) | I71: =IF(B71="","",IFERROR(H71+VLOOKUP(B71,'Reference Data 기준데이터'!$A$2:$J$5,7,FALSE),"")) | L71: =IF(B71="","",IFERROR(H71+VLOOKUP(B71,'Reference Data 기준데이터'!$A$2:$J$5,8,FALSE),"")) | N71: =IF(B71="","",IFERROR(IF(ISNUMBER(SEARCH("Vehicle",F71)),MAX(H71+VLOOKUP(B71,'Reference Data 기준데이터'!$A$2:$J$5,9,FALSE),VLOOKUP(B71,'Reference Data 기준데이터'!$A$2:$J$5,4,FALSE)),H71+VLOOKUP(B71,'Reference Data 기준데이터'!$A$2:$J$5,9,FALSE)),"")) | P71: =IF(B71="","",IFERROR(N71+VLOOKUP(E71,'Reference Data 기준데이터'!$A$8:$F$30,4,FALSE),"")) | R71: =IF(B71="","",IFERROR(MIN(H71+VLOOKUP(B71,'Reference Data 기준데이터'!$A$2:$J$5,10,FALSE),VLOOKUP(B71,'Reference Data 기준데이터'!$A$2:$J$5,6,FALSE)),"")) | U71: =IF(B71="","",IF(T71<>"",T71,IF(AND(S71<>"",Q71<>""),"11-결과등록완료",IF(AND(Q71<>"",S71=""),"10-시험완료",IF(AND(O71<>"",Q71=""),"09-시험준비중",IF(AND(M71<>"",O71=""),"08-단품준비완료",IF(K71="Approved","05-계획서승인",IF(K71="Revision Needed","04-검토중_조건불만족",IF(K71="Under Review","03-검토중_조건충족",IF(AND(J71<>"",K71=""),"02-계획서제출_미검토","01-계획서미제출")))))))))) | V71: =IF(B71="","",IFS(U71="01-계획서미제출",0,U71="02-계획서제출_미검토",0.05,U71="03-검토중_조건충족",0.1,U71="04-검토중_조건불만족",0.05,U71="05-계획서승인",0.2,U71="06-BIW생산중단",0.15,U71="07-생산완료_미인수",0.3,U71="08-단품준비완료",0.4,U71="09-시험준비중",0.55,U71="10-시험완료",0.85,U71="11-결과등록완료",1,U71="12-조건부승인검토",0.9,TRUE,0)) | W71: =IF(B71="","",IF(S71<>"","-",IF(R71="","N/A",R71-TODAY()))) | X71: =IF(B71="","",IF(U71="11-결과등록완료","DONE",IF(OR(U71="06-BIW생산중단",AND(U71="01-계획서미제출",I71<TODAY())),"CRITICAL",IF(OR(U71="04-검토중_조건불만족",U71="07-생산완료_미인수",U71="12-조건부승인검토"),"ACTION",IF(AND(ISNUMBER(W71),W71<=0),"OVERDUE",IF(AND(ISNUMBER(W71),W71<=14),"WARNING","ON TRACK")))))) | Y71: =IF(B71="","",IF(U71="11-결과등록완료","— 완료",IF(U71="01-계획서미제출",IF(I71<TODAY(),"계획서 제출 독촉 (OVERDUE)","계획서 제출 대기"),IF(U71="02-계획서제출_미검토","설계자: 계획서 검토 착수",IF(U71="03-검토중_조건충족","설계자: 승인 처리",IF(U71="04-검토중_조건불만족","보완 요청 → 협력사 재제출 독촉",IF(U71="05-계획서승인","시험편 준비 현황 확인",IF(U71="06-BIW생산중단","BIW 생산팀 확인 → 일정 재수립",IF(U71="07-생산완료_미인수","협력사 인수 독촉",IF(U71="08-단품준비완료","시험 일정 확인",IF(U71="09-시험준비중","시험 진행 모니터링",IF(U71="10-시험완료","결과 보고서 전산 등록 독촉",IF(U71="12-조건부승인검토","조건부 승인 여부 판단 → 관련부서 협의","—")))))))))))))
A72: =IF(B72="","",ROW()-4) | D72: =IF(B72="","",IFERROR(VLOOKUP(C72,'Reference Data 기준데이터'!$E$8:$F$30,2,FALSE),"")) | F72: =IF(B72="","",IFERROR(VLOOKUP(E72,'Reference Data 기준데이터'!$A$8:$F$30,2,FALSE),"")) | G72: =IF(B72="","",IFERROR(VLOOKUP(B72&"_"&C72,'Reference Data 기준데이터'!$A$33:$B$51,2,FALSE),"")) | H72: =IF(B72="","",IFERROR(VLOOKUP(B72,'Reference Data 기준데이터'!$A$2:$J$5,3,FALSE),"")) | I72: =IF(B72="","",IFERROR(H72+VLOOKUP(B72,'Reference Data 기준데이터'!$A$2:$J$5,7,FALSE),"")) | L72: =IF(B72="","",IFERROR(H72+VLOOKUP(B72,'Reference Data 기준데이터'!$A$2:$J$5,8,FALSE),"")) | N72: =IF(B72="","",IFERROR(IF(ISNUMBER(SEARCH("Vehicle",F72)),MAX(H72+VLOOKUP(B72,'Reference Data 기준데이터'!$A$2:$J$5,9,FALSE),VLOOKUP(B72,'Reference Data 기준데이터'!$A$2:$J$5,4,FALSE)),H72+VLOOKUP(B72,'Reference Data 기준데이터'!$A$2:$J$5,9,FALSE)),"")) | P72: =IF(B72="","",IFERROR(N72+VLOOKUP(E72,'Reference Data 기준데이터'!$A$8:$F$30,4,FALSE),"")) | R72: =IF(B72="","",IFERROR(MIN(H72+VLOOKUP(B72,'Reference Data 기준데이터'!$A$2:$J$5,10,FALSE),VLOOKUP(B72,'Reference Data 기준데이터'!$A$2:$J$5,6,FALSE)),"")) | U72: =IF(B72="","",IF(T72<>"",T72,IF(AND(S72<>"",Q72<>""),"11-결과등록완료",IF(AND(Q72<>"",S72=""),"10-시험완료",IF(AND(O72<>"",Q72=""),"09-시험준비중",IF(AND(M72<>"",O72=""),"08-단품준비완료",IF(K72="Approved","05-계획서승인",IF(K72="Revision Needed","04-검토중_조건불만족",IF(K72="Under Review","03-검토중_조건충족",IF(AND(J72<>"",K72=""),"02-계획서제출_미검토","01-계획서미제출")))))))))) | V72: =IF(B72="","",IFS(U72="01-계획서미제출",0,U72="02-계획서제출_미검토",0.05,U72="03-검토중_조건충족",0.1,U72="04-검토중_조건불만족",0.05,U72="05-계획서승인",0.2,U72="06-BIW생산중단",0.15,U72="07-생산완료_미인수",0.3,U72="08-단품준비완료",0.4,U72="09-시험준비중",0.55,U72="10-시험완료",0.85,U72="11-결과등록완료",1,U72="12-조건부승인검토",0.9,TRUE,0)) | W72: =IF(B72="","",IF(S72<>"","-",IF(R72="","N/A",R72-TODAY()))) | X72: =IF(B72="","",IF(U72="11-결과등록완료","DONE",IF(OR(U72="06-BIW생산중단",AND(U72="01-계획서미제출",I72<TODAY())),"CRITICAL",IF(OR(U72="04-검토중_조건불만족",U72="07-생산완료_미인수",U72="12-조건부승인검토"),"ACTION",IF(AND(ISNUMBER(W72),W72<=0),"OVERDUE",IF(AND(ISNUMBER(W72),W72<=14),"WARNING","ON TRACK")))))) | Y72: =IF(B72="","",IF(U72="11-결과등록완료","— 완료",IF(U72="01-계획서미제출",IF(I72<TODAY(),"계획서 제출 독촉 (OVERDUE)","계획서 제출 대기"),IF(U72="02-계획서제출_미검토","설계자: 계획서 검토 착수",IF(U72="03-검토중_조건충족","설계자: 승인 처리",IF(U72="04-검토중_조건불만족","보완 요청 → 협력사 재제출 독촉",IF(U72="05-계획서승인","시험편 준비 현황 확인",IF(U72="06-BIW생산중단","BIW 생산팀 확인 → 일정 재수립",IF(U72="07-생산완료_미인수","협력사 인수 독촉",IF(U72="08-단품준비완료","시험 일정 확인",IF(U72="09-시험준비중","시험 진행 모니터링",IF(U72="10-시험완료","결과 보고서 전산 등록 독촉",IF(U72="12-조건부승인검토","조건부 승인 여부 판단 → 관련부서 협의","—")))))))))))))
A73: =IF(B73="","",ROW()-4) | D73: =IF(B73="","",IFERROR(VLOOKUP(C73,'Reference Data 기준데이터'!$E$8:$F$30,2,FALSE),"")) | F73: =IF(B73="","",IFERROR(VLOOKUP(E73,'Reference Data 기준데이터'!$A$8:$F$30,2,FALSE),"")) | G73: =IF(B73="","",IFERROR(VLOOKUP(B73&"_"&C73,'Reference Data 기준데이터'!$A$33:$B$51,2,FALSE),"")) | H73: =IF(B73="","",IFERROR(VLOOKUP(B73,'Reference Data 기준데이터'!$A$2:$J$5,3,FALSE),"")) | I73: =IF(B73="","",IFERROR(H73+VLOOKUP(B73,'Reference Data 기준데이터'!$A$2:$J$5,7,FALSE),"")) | L73: =IF(B73="","",IFERROR(H73+VLOOKUP(B73,'Reference Data 기준데이터'!$A$2:$J$5,8,FALSE),"")) | N73: =IF(B73="","",IFERROR(IF(ISNUMBER(SEARCH("Vehicle",F73)),MAX(H73+VLOOKUP(B73,'Reference Data 기준데이터'!$A$2:$J$5,9,FALSE),VLOOKUP(B73,'Reference Data 기준데이터'!$A$2:$J$5,4,FALSE)),H73+VLOOKUP(B73,'Reference Data 기준데이터'!$A$2:$J$5,9,FALSE)),"")) | P73: =IF(B73="","",IFERROR(N73+VLOOKUP(E73,'Reference Data 기준데이터'!$A$8:$F$30,4,FALSE),"")) | R73: =IF(B73="","",IFERROR(MIN(H73+VLOOKUP(B73,'Reference Data 기준데이터'!$A$2:$J$5,10,FALSE),VLOOKUP(B73,'Reference Data 기준데이터'!$A$2:$J$5,6,FALSE)),"")) | U73: =IF(B73="","",IF(T73<>"",T73,IF(AND(S73<>"",Q73<>""),"11-결과등록완료",IF(AND(Q73<>"",S73=""),"10-시험완료",IF(AND(O73<>"",Q73=""),"09-시험준비중",IF(AND(M73<>"",O73=""),"08-단품준비완료",IF(K73="Approved","05-계획서승인",IF(K73="Revision Needed","04-검토중_조건불만족",IF(K73="Under Review","03-검토중_조건충족",IF(AND(J73<>"",K73=""),"02-계획서제출_미검토","01-계획서미제출")))))))))) | V73: =IF(B73="","",IFS(U73="01-계획서미제출",0,U73="02-계획서제출_미검토",0.05,U73="03-검토중_조건충족",0.1,U73="04-검토중_조건불만족",0.05,U73="05-계획서승인",0.2,U73="06-BIW생산중단",0.15,U73="07-생산완료_미인수",0.3,U73="08-단품준비완료",0.4,U73="09-시험준비중",0.55,U73="10-시험완료",0.85,U73="11-결과등록완료",1,U73="12-조건부승인검토",0.9,TRUE,0)) | W73: =IF(B73="","",IF(S73<>"","-",IF(R73="","N/A",R73-TODAY()))) | X73: =IF(B73="","",IF(U73="11-결과등록완료","DONE",IF(OR(U73="06-BIW생산중단",AND(U73="01-계획서미제출",I73<TODAY())),"CRITICAL",IF(OR(U73="04-검토중_조건불만족",U73="07-생산완료_미인수",U73="12-조건부승인검토"),"ACTION",IF(AND(ISNUMBER(W73),W73<=0),"OVERDUE",IF(AND(ISNUMBER(W73),W73<=14),"WARNING","ON TRACK")))))) | Y73: =IF(B73="","",IF(U73="11-결과등록완료","— 완료",IF(U73="01-계획서미제출",IF(I73<TODAY(),"계획서 제출 독촉 (OVERDUE)","계획서 제출 대기"),IF(U73="02-계획서제출_미검토","설계자: 계획서 검토 착수",IF(U73="03-검토중_조건충족","설계자: 승인 처리",IF(U73="04-검토중_조건불만족","보완 요청 → 협력사 재제출 독촉",IF(U73="05-계획서승인","시험편 준비 현황 확인",IF(U73="06-BIW생산중단","BIW 생산팀 확인 → 일정 재수립",IF(U73="07-생산완료_미인수","협력사 인수 독촉",IF(U73="08-단품준비완료","시험 일정 확인",IF(U73="09-시험준비중","시험 진행 모니터링",IF(U73="10-시험완료","결과 보고서 전산 등록 독촉",IF(U73="12-조건부승인검토","조건부 승인 여부 판단 → 관련부서 협의","—")))))))))))))
A74: =IF(B74="","",ROW()-4) | D74: =IF(B74="","",IFERROR(VLOOKUP(C74,'Reference Data 기준데이터'!$E$8:$F$30,2,FALSE),"")) | F74: =IF(B74="","",IFERROR(VLOOKUP(E74,'Reference Data 기준데이터'!$A$8:$F$30,2,FALSE),"")) | G74: =IF(B74="","",IFERROR(VLOOKUP(B74&"_"&C74,'Reference Data 기준데이터'!$A$33:$B$51,2,FALSE),"")) | H74: =IF(B74="","",IFERROR(VLOOKUP(B74,'Reference Data 기준데이터'!$A$2:$J$5,3,FALSE),"")) | I74: =IF(B74="","",IFERROR(H74+VLOOKUP(B74,'Reference Data 기준데이터'!$A$2:$J$5,7,FALSE),"")) | L74: =IF(B74="","",IFERROR(H74+VLOOKUP(B74,'Reference Data 기준데이터'!$A$2:$J$5,8,FALSE),"")) | N74: =IF(B74="","",IFERROR(IF(ISNUMBER(SEARCH("Vehicle",F74)),MAX(H74+VLOOKUP(B74,'Reference Data 기준데이터'!$A$2:$J$5,9,FALSE),VLOOKUP(B74,'Reference Data 기준데이터'!$A$2:$J$5,4,FALSE)),H74+VLOOKUP(B74,'Reference Data 기준데이터'!$A$2:$J$5,9,FALSE)),"")) | P74: =IF(B74="","",IFERROR(N74+VLOOKUP(E74,'Reference Data 기준데이터'!$A$8:$F$30,4,FALSE),"")) | R74: =IF(B74="","",IFERROR(MIN(H74+VLOOKUP(B74,'Reference Data 기준데이터'!$A$2:$J$5,10,FALSE),VLOOKUP(B74,'Reference Data 기준데이터'!$A$2:$J$5,6,FALSE)),"")) | U74: =IF(B74="","",IF(T74<>"",T74,IF(AND(S74<>"",Q74<>""),"11-결과등록완료",IF(AND(Q74<>"",S74=""),"10-시험완료",IF(AND(O74<>"",Q74=""),"09-시험준비중",IF(AND(M74<>"",O74=""),"08-단품준비완료",IF(K74="Approved","05-계획서승인",IF(K74="Revision Needed","04-검토중_조건불만족",IF(K74="Under Review","03-검토중_조건충족",IF(AND(J74<>"",K74=""),"02-계획서제출_미검토","01-계획서미제출")))))))))) | V74: =IF(B74="","",IFS(U74="01-계획서미제출",0,U74="02-계획서제출_미검토",0.05,U74="03-검토중_조건충족",0.1,U74="04-검토중_조건불만족",0.05,U74="05-계획서승인",0.2,U74="06-BIW생산중단",0.15,U74="07-생산완료_미인수",0.3,U74="08-단품준비완료",0.4,U74="09-시험준비중",0.55,U74="10-시험완료",0.85,U74="11-결과등록완료",1,U74="12-조건부승인검토",0.9,TRUE,0)) | W74: =IF(B74="","",IF(S74<>"","-",IF(R74="","N/A",R74-TODAY()))) | X74: =IF(B74="","",IF(U74="11-결과등록완료","DONE",IF(OR(U74="06-BIW생산중단",AND(U74="01-계획서미제출",I74<TODAY())),"CRITICAL",IF(OR(U74="04-검토중_조건불만족",U74="07-생산완료_미인수",U74="12-조건부승인검토"),"ACTION",IF(AND(ISNUMBER(W74),W74<=0),"OVERDUE",IF(AND(ISNUMBER(W74),W74<=14),"WARNING","ON TRACK")))))) | Y74: =IF(B74="","",IF(U74="11-결과등록완료","— 완료",IF(U74="01-계획서미제출",IF(I74<TODAY(),"계획서 제출 독촉 (OVERDUE)","계획서 제출 대기"),IF(U74="02-계획서제출_미검토","설계자: 계획서 검토 착수",IF(U74="03-검토중_조건충족","설계자: 승인 처리",IF(U74="04-검토중_조건불만족","보완 요청 → 협력사 재제출 독촉",IF(U74="05-계획서승인","시험편 준비 현황 확인",IF(U74="06-BIW생산중단","BIW 생산팀 확인 → 일정 재수립",IF(U74="07-생산완료_미인수","협력사 인수 독촉",IF(U74="08-단품준비완료","시험 일정 확인",IF(U74="09-시험준비중","시험 진행 모니터링",IF(U74="10-시험완료","결과 보고서 전산 등록 독촉",IF(U74="12-조건부승인검토","조건부 승인 여부 판단 → 관련부서 협의","—")))))))))))))
A75: =IF(B75="","",ROW()-4) | D75: =IF(B75="","",IFERROR(VLOOKUP(C75,'Reference Data 기준데이터'!$E$8:$F$30,2,FALSE),"")) | F75: =IF(B75="","",IFERROR(VLOOKUP(E75,'Reference Data 기준데이터'!$A$8:$F$30,2,FALSE),"")) | G75: =IF(B75="","",IFERROR(VLOOKUP(B75&"_"&C75,'Reference Data 기준데이터'!$A$33:$B$51,2,FALSE),"")) | H75: =IF(B75="","",IFERROR(VLOOKUP(B75,'Reference Data 기준데이터'!$A$2:$J$5,3,FALSE),"")) | I75: =IF(B75="","",IFERROR(H75+VLOOKUP(B75,'Reference Data 기준데이터'!$A$2:$J$5,7,FALSE),"")) | L75: =IF(B75="","",IFERROR(H75+VLOOKUP(B75,'Reference Data 기준데이터'!$A$2:$J$5,8,FALSE),"")) | N75: =IF(B75="","",IFERROR(IF(ISNUMBER(SEARCH("Vehicle",F75)),MAX(H75+VLOOKUP(B75,'Reference Data 기준데이터'!$A$2:$J$5,9,FALSE),VLOOKUP(B75,'Reference Data 기준데이터'!$A$2:$J$5,4,FALSE)),H75+VLOOKUP(B75,'Reference Data 기준데이터'!$A$2:$J$5,9,FALSE)),"")) | P75: =IF(B75="","",IFERROR(N75+VLOOKUP(E75,'Reference Data 기준데이터'!$A$8:$F$30,4,FALSE),"")) | R75: =IF(B75="","",IFERROR(MIN(H75+VLOOKUP(B75,'Reference Data 기준데이터'!$A$2:$J$5,10,FALSE),VLOOKUP(B75,'Reference Data 기준데이터'!$A$2:$J$5,6,FALSE)),"")) | U75: =IF(B75="","",IF(T75<>"",T75,IF(AND(S75<>"",Q75<>""),"11-결과등록완료",IF(AND(Q75<>"",S75=""),"10-시험완료",IF(AND(O75<>"",Q75=""),"09-시험준비중",IF(AND(M75<>"",O75=""),"08-단품준비완료",IF(K75="Approved","05-계획서승인",IF(K75="Revision Needed","04-검토중_조건불만족",IF(K75="Under Review","03-검토중_조건충족",IF(AND(J75<>"",K75=""),"02-계획서제출_미검토","01-계획서미제출")))))))))) | V75: =IF(B75="","",IFS(U75="01-계획서미제출",0,U75="02-계획서제출_미검토",0.05,U75="03-검토중_조건충족",0.1,U75="04-검토중_조건불만족",0.05,U75="05-계획서승인",0.2,U75="06-BIW생산중단",0.15,U75="07-생산완료_미인수",0.3,U75="08-단품준비완료",0.4,U75="09-시험준비중",0.55,U75="10-시험완료",0.85,U75="11-결과등록완료",1,U75="12-조건부승인검토",0.9,TRUE,0)) | W75: =IF(B75="","",IF(S75<>"","-",IF(R75="","N/A",R75-TODAY()))) | X75: =IF(B75="","",IF(U75="11-결과등록완료","DONE",IF(OR(U75="06-BIW생산중단",AND(U75="01-계획서미제출",I75<TODAY())),"CRITICAL",IF(OR(U75="04-검토중_조건불만족",U75="07-생산완료_미인수",U75="12-조건부승인검토"),"ACTION",IF(AND(ISNUMBER(W75),W75<=0),"OVERDUE",IF(AND(ISNUMBER(W75),W75<=14),"WARNING","ON TRACK")))))) | Y75: =IF(B75="","",IF(U75="11-결과등록완료","— 완료",IF(U75="01-계획서미제출",IF(I75<TODAY(),"계획서 제출 독촉 (OVERDUE)","계획서 제출 대기"),IF(U75="02-계획서제출_미검토","설계자: 계획서 검토 착수",IF(U75="03-검토중_조건충족","설계자: 승인 처리",IF(U75="04-검토중_조건불만족","보완 요청 → 협력사 재제출 독촉",IF(U75="05-계획서승인","시험편 준비 현황 확인",IF(U75="06-BIW생산중단","BIW 생산팀 확인 → 일정 재수립",IF(U75="07-생산완료_미인수","협력사 인수 독촉",IF(U75="08-단품준비완료","시험 일정 확인",IF(U75="09-시험준비중","시험 진행 모니터링",IF(U75="10-시험완료","결과 보고서 전산 등록 독촉",IF(U75="12-조건부승인검토","조건부 승인 여부 판단 → 관련부서 협의","—")))))))))))))
A76: =IF(B76="","",ROW()-4) | D76: =IF(B76="","",IFERROR(VLOOKUP(C76,'Reference Data 기준데이터'!$E$8:$F$30,2,FALSE),"")) | F76: =IF(B76="","",IFERROR(VLOOKUP(E76,'Reference Data 기준데이터'!$A$8:$F$30,2,FALSE),"")) | G76: =IF(B76="","",IFERROR(VLOOKUP(B76&"_"&C76,'Reference Data 기준데이터'!$A$33:$B$51,2,FALSE),"")) | H76: =IF(B76="","",IFERROR(VLOOKUP(B76,'Reference Data 기준데이터'!$A$2:$J$5,3,FALSE),"")) | I76: =IF(B76="","",IFERROR(H76+VLOOKUP(B76,'Reference Data 기준데이터'!$A$2:$J$5,7,FALSE),"")) | L76: =IF(B76="","",IFERROR(H76+VLOOKUP(B76,'Reference Data 기준데이터'!$A$2:$J$5,8,FALSE),"")) | N76: =IF(B76="","",IFERROR(IF(ISNUMBER(SEARCH("Vehicle",F76)),MAX(H76+VLOOKUP(B76,'Reference Data 기준데이터'!$A$2:$J$5,9,FALSE),VLOOKUP(B76,'Reference Data 기준데이터'!$A$2:$J$5,4,FALSE)),H76+VLOOKUP(B76,'Reference Data 기준데이터'!$A$2:$J$5,9,FALSE)),"")) | P76: =IF(B76="","",IFERROR(N76+VLOOKUP(E76,'Reference Data 기준데이터'!$A$8:$F$30,4,FALSE),"")) | R76: =IF(B76="","",IFERROR(MIN(H76+VLOOKUP(B76,'Reference Data 기준데이터'!$A$2:$J$5,10,FALSE),VLOOKUP(B76,'Reference Data 기준데이터'!$A$2:$J$5,6,FALSE)),"")) | U76: =IF(B76="","",IF(T76<>"",T76,IF(AND(S76<>"",Q76<>""),"11-결과등록완료",IF(AND(Q76<>"",S76=""),"10-시험완료",IF(AND(O76<>"",Q76=""),"09-시험준비중",IF(AND(M76<>"",O76=""),"08-단품준비완료",IF(K76="Approved","05-계획서승인",IF(K76="Revision Needed","04-검토중_조건불만족",IF(K76="Under Review","03-검토중_조건충족",IF(AND(J76<>"",K76=""),"02-계획서제출_미검토","01-계획서미제출")))))))))) | V76: =IF(B76="","",IFS(U76="01-계획서미제출",0,U76="02-계획서제출_미검토",0.05,U76="03-검토중_조건충족",0.1,U76="04-검토중_조건불만족",0.05,U76="05-계획서승인",0.2,U76="06-BIW생산중단",0.15,U76="07-생산완료_미인수",0.3,U76="08-단품준비완료",0.4,U76="09-시험준비중",0.55,U76="10-시험완료",0.85,U76="11-결과등록완료",1,U76="12-조건부승인검토",0.9,TRUE,0)) | W76: =IF(B76="","",IF(S76<>"","-",IF(R76="","N/A",R76-TODAY()))) | X76: =IF(B76="","",IF(U76="11-결과등록완료","DONE",IF(OR(U76="06-BIW생산중단",AND(U76="01-계획서미제출",I76<TODAY())),"CRITICAL",IF(OR(U76="04-검토중_조건불만족",U76="07-생산완료_미인수",U76="12-조건부승인검토"),"ACTION",IF(AND(ISNUMBER(W76),W76<=0),"OVERDUE",IF(AND(ISNUMBER(W76),W76<=14),"WARNING","ON TRACK")))))) | Y76: =IF(B76="","",IF(U76="11-결과등록완료","— 완료",IF(U76="01-계획서미제출",IF(I76<TODAY(),"계획서 제출 독촉 (OVERDUE)","계획서 제출 대기"),IF(U76="02-계획서제출_미검토","설계자: 계획서 검토 착수",IF(U76="03-검토중_조건충족","설계자: 승인 처리",IF(U76="04-검토중_조건불만족","보완 요청 → 협력사 재제출 독촉",IF(U76="05-계획서승인","시험편 준비 현황 확인",IF(U76="06-BIW생산중단","BIW 생산팀 확인 → 일정 재수립",IF(U76="07-생산완료_미인수","협력사 인수 독촉",IF(U76="08-단품준비완료","시험 일정 확인",IF(U76="09-시험준비중","시험 진행 모니터링",IF(U76="10-시험완료","결과 보고서 전산 등록 독촉",IF(U76="12-조건부승인검토","조건부 승인 여부 판단 → 관련부서 협의","—")))))))))))))
A77: =IF(B77="","",ROW()-4) | D77: =IF(B77="","",IFERROR(VLOOKUP(C77,'Reference Data 기준데이터'!$E$8:$F$30,2,FALSE),"")) | F77: =IF(B77="","",IFERROR(VLOOKUP(E77,'Reference Data 기준데이터'!$A$8:$F$30,2,FALSE),"")) | G77: =IF(B77="","",IFERROR(VLOOKUP(B77&"_"&C77,'Reference Data 기준데이터'!$A$33:$B$51,2,FALSE),"")) | H77: =IF(B77="","",IFERROR(VLOOKUP(B77,'Reference Data 기준데이터'!$A$2:$J$5,3,FALSE),"")) | I77: =IF(B77="","",IFERROR(H77+VLOOKUP(B77,'Reference Data 기준데이터'!$A$2:$J$5,7,FALSE),"")) | L77: =IF(B77="","",IFERROR(H77+VLOOKUP(B77,'Reference Data 기준데이터'!$A$2:$J$5,8,FALSE),"")) | N77: =IF(B77="","",IFERROR(IF(ISNUMBER(SEARCH("Vehicle",F77)),MAX(H77+VLOOKUP(B77,'Reference Data 기준데이터'!$A$2:$J$5,9,FALSE),VLOOKUP(B77,'Reference Data 기준데이터'!$A$2:$J$5,4,FALSE)),H77+VLOOKUP(B77,'Reference Data 기준데이터'!$A$2:$J$5,9,FALSE)),"")) | P77: =IF(B77="","",IFERROR(N77+VLOOKUP(E77,'Reference Data 기준데이터'!$A$8:$F$30,4,FALSE),"")) | R77: =IF(B77="","",IFERROR(MIN(H77+VLOOKUP(B77,'Reference Data 기준데이터'!$A$2:$J$5,10,FALSE),VLOOKUP(B77,'Reference Data 기준데이터'!$A$2:$J$5,6,FALSE)),"")) | U77: =IF(B77="","",IF(T77<>"",T77,IF(AND(S77<>"",Q77<>""),"11-결과등록완료",IF(AND(Q77<>"",S77=""),"10-시험완료",IF(AND(O77<>"",Q77=""),"09-시험준비중",IF(AND(M77<>"",O77=""),"08-단품준비완료",IF(K77="Approved","05-계획서승인",IF(K77="Revision Needed","04-검토중_조건불만족",IF(K77="Under Review","03-검토중_조건충족",IF(AND(J77<>"",K77=""),"02-계획서제출_미검토","01-계획서미제출")))))))))) | V77: =IF(B77="","",IFS(U77="01-계획서미제출",0,U77="02-계획서제출_미검토",0.05,U77="03-검토중_조건충족",0.1,U77="04-검토중_조건불만족",0.05,U77="05-계획서승인",0.2,U77="06-BIW생산중단",0.15,U77="07-생산완료_미인수",0.3,U77="08-단품준비완료",0.4,U77="09-시험준비중",0.55,U77="10-시험완료",0.85,U77="11-결과등록완료",1,U77="12-조건부승인검토",0.9,TRUE,0)) | W77: =IF(B77="","",IF(S77<>"","-",IF(R77="","N/A",R77-TODAY()))) | X77: =IF(B77="","",IF(U77="11-결과등록완료","DONE",IF(OR(U77="06-BIW생산중단",AND(U77="01-계획서미제출",I77<TODAY())),"CRITICAL",IF(OR(U77="04-검토중_조건불만족",U77="07-생산완료_미인수",U77="12-조건부승인검토"),"ACTION",IF(AND(ISNUMBER(W77),W77<=0),"OVERDUE",IF(AND(ISNUMBER(W77),W77<=14),"WARNING","ON TRACK")))))) | Y77: =IF(B77="","",IF(U77="11-결과등록완료","— 완료",IF(U77="01-계획서미제출",IF(I77<TODAY(),"계획서 제출 독촉 (OVERDUE)","계획서 제출 대기"),IF(U77="02-계획서제출_미검토","설계자: 계획서 검토 착수",IF(U77="03-검토중_조건충족","설계자: 승인 처리",IF(U77="04-검토중_조건불만족","보완 요청 → 협력사 재제출 독촉",IF(U77="05-계획서승인","시험편 준비 현황 확인",IF(U77="06-BIW생산중단","BIW 생산팀 확인 → 일정 재수립",IF(U77="07-생산완료_미인수","협력사 인수 독촉",IF(U77="08-단품준비완료","시험 일정 확인",IF(U77="09-시험준비중","시험 진행 모니터링",IF(U77="10-시험완료","결과 보고서 전산 등록 독촉",IF(U77="12-조건부승인검토","조건부 승인 여부 판단 → 관련부서 협의","—")))))))))))))
A78: =IF(B78="","",ROW()-4) | D78: =IF(B78="","",IFERROR(VLOOKUP(C78,'Reference Data 기준데이터'!$E$8:$F$30,2,FALSE),"")) | F78: =IF(B78="","",IFERROR(VLOOKUP(E78,'Reference Data 기준데이터'!$A$8:$F$30,2,FALSE),"")) | G78: =IF(B78="","",IFERROR(VLOOKUP(B78&"_"&C78,'Reference Data 기준데이터'!$A$33:$B$51,2,FALSE),"")) | H78: =IF(B78="","",IFERROR(VLOOKUP(B78,'Reference Data 기준데이터'!$A$2:$J$5,3,FALSE),"")) | I78: =IF(B78="","",IFERROR(H78+VLOOKUP(B78,'Reference Data 기준데이터'!$A$2:$J$5,7,FALSE),"")) | L78: =IF(B78="","",IFERROR(H78+VLOOKUP(B78,'Reference Data 기준데이터'!$A$2:$J$5,8,FALSE),"")) | N78: =IF(B78="","",IFERROR(IF(ISNUMBER(SEARCH("Vehicle",F78)),MAX(H78+VLOOKUP(B78,'Reference Data 기준데이터'!$A$2:$J$5,9,FALSE),VLOOKUP(B78,'Reference Data 기준데이터'!$A$2:$J$5,4,FALSE)),H78+VLOOKUP(B78,'Reference Data 기준데이터'!$A$2:$J$5,9,FALSE)),"")) | P78: =IF(B78="","",IFERROR(N78+VLOOKUP(E78,'Reference Data 기준데이터'!$A$8:$F$30,4,FALSE),"")) | R78: =IF(B78="","",IFERROR(MIN(H78+VLOOKUP(B78,'Reference Data 기준데이터'!$A$2:$J$5,10,FALSE),VLOOKUP(B78,'Reference Data 기준데이터'!$A$2:$J$5,6,FALSE)),"")) | U78: =IF(B78="","",IF(T78<>"",T78,IF(AND(S78<>"",Q78<>""),"11-결과등록완료",IF(AND(Q78<>"",S78=""),"10-시험완료",IF(AND(O78<>"",Q78=""),"09-시험준비중",IF(AND(M78<>"",O78=""),"08-단품준비완료",IF(K78="Approved","05-계획서승인",IF(K78="Revision Needed","04-검토중_조건불만족",IF(K78="Under Review","03-검토중_조건충족",IF(AND(J78<>"",K78=""),"02-계획서제출_미검토","01-계획서미제출")))))))))) | V78: =IF(B78="","",IFS(U78="01-계획서미제출",0,U78="02-계획서제출_미검토",0.05,U78="03-검토중_조건충족",0.1,U78="04-검토중_조건불만족",0.05,U78="05-계획서승인",0.2,U78="06-BIW생산중단",0.15,U78="07-생산완료_미인수",0.3,U78="08-단품준비완료",0.4,U78="09-시험준비중",0.55,U78="10-시험완료",0.85,U78="11-결과등록완료",1,U78="12-조건부승인검토",0.9,TRUE,0)) | W78: =IF(B78="","",IF(S78<>"","-",IF(R78="","N/A",R78-TODAY()))) | X78: =IF(B78="","",IF(U78="11-결과등록완료","DONE",IF(OR(U78="06-BIW생산중단",AND(U78="01-계획서미제출",I78<TODAY())),"CRITICAL",IF(OR(U78="04-검토중_조건불만족",U78="07-생산완료_미인수",U78="12-조건부승인검토"),"ACTION",IF(AND(ISNUMBER(W78),W78<=0),"OVERDUE",IF(AND(ISNUMBER(W78),W78<=14),"WARNING","ON TRACK")))))) | Y78: =IF(B78="","",IF(U78="11-결과등록완료","— 완료",IF(U78="01-계획서미제출",IF(I78<TODAY(),"계획서 제출 독촉 (OVERDUE)","계획서 제출 대기"),IF(U78="02-계획서제출_미검토","설계자: 계획서 검토 착수",IF(U78="03-검토중_조건충족","설계자: 승인 처리",IF(U78="04-검토중_조건불만족","보완 요청 → 협력사 재제출 독촉",IF(U78="05-계획서승인","시험편 준비 현황 확인",IF(U78="06-BIW생산중단","BIW 생산팀 확인 → 일정 재수립",IF(U78="07-생산완료_미인수","협력사 인수 독촉",IF(U78="08-단품준비완료","시험 일정 확인",IF(U78="09-시험준비중","시험 진행 모니터링",IF(U78="10-시험완료","결과 보고서 전산 등록 독촉",IF(U78="12-조건부승인검토","조건부 승인 여부 판단 → 관련부서 협의","—")))))))))))))
A79: =IF(B79="","",ROW()-4) | D79: =IF(B79="","",IFERROR(VLOOKUP(C79,'Reference Data 기준데이터'!$E$8:$F$30,2,FALSE),"")) | F79: =IF(B79="","",IFERROR(VLOOKUP(E79,'Reference Data 기준데이터'!$A$8:$F$30,2,FALSE),"")) | G79: =IF(B79="","",IFERROR(VLOOKUP(B79&"_"&C79,'Reference Data 기준데이터'!$A$33:$B$51,2,FALSE),"")) | H79: =IF(B79="","",IFERROR(VLOOKUP(B79,'Reference Data 기준데이터'!$A$2:$J$5,3,FALSE),"")) | I79: =IF(B79="","",IFERROR(H79+VLOOKUP(B79,'Reference Data 기준데이터'!$A$2:$J$5,7,FALSE),"")) | L79: =IF(B79="","",IFERROR(H79+VLOOKUP(B79,'Reference Data 기준데이터'!$A$2:$J$5,8,FALSE),"")) | N79: =IF(B79="","",IFERROR(IF(ISNUMBER(SEARCH("Vehicle",F79)),MAX(H79+VLOOKUP(B79,'Reference Data 기준데이터'!$A$2:$J$5,9,FALSE),VLOOKUP(B79,'Reference Data 기준데이터'!$A$2:$J$5,4,FALSE)),H79+VLOOKUP(B79,'Reference Data 기준데이터'!$A$2:$J$5,9,FALSE)),"")) | P79: =IF(B79="","",IFERROR(N79+VLOOKUP(E79,'Reference Data 기준데이터'!$A$8:$F$30,4,FALSE),"")) | R79: =IF(B79="","",IFERROR(MIN(H79+VLOOKUP(B79,'Reference Data 기준데이터'!$A$2:$J$5,10,FALSE),VLOOKUP(B79,'Reference Data 기준데이터'!$A$2:$J$5,6,FALSE)),"")) | U79: =IF(B79="","",IF(T79<>"",T79,IF(AND(S79<>"",Q79<>""),"11-결과등록완료",IF(AND(Q79<>"",S79=""),"10-시험완료",IF(AND(O79<>"",Q79=""),"09-시험준비중",IF(AND(M79<>"",O79=""),"08-단품준비완료",IF(K79="Approved","05-계획서승인",IF(K79="Revision Needed","04-검토중_조건불만족",IF(K79="Under Review","03-검토중_조건충족",IF(AND(J79<>"",K79=""),"02-계획서제출_미검토","01-계획서미제출")))))))))) | V79: =IF(B79="","",IFS(U79="01-계획서미제출",0,U79="02-계획서제출_미검토",0.05,U79="03-검토중_조건충족",0.1,U79="04-검토중_조건불만족",0.05,U79="05-계획서승인",0.2,U79="06-BIW생산중단",0.15,U79="07-생산완료_미인수",0.3,U79="08-단품준비완료",0.4,U79="09-시험준비중",0.55,U79="10-시험완료",0.85,U79="11-결과등록완료",1,U79="12-조건부승인검토",0.9,TRUE,0)) | W79: =IF(B79="","",IF(S79<>"","-",IF(R79="","N/A",R79-TODAY()))) | X79: =IF(B79="","",IF(U79="11-결과등록완료","DONE",IF(OR(U79="06-BIW생산중단",AND(U79="01-계획서미제출",I79<TODAY())),"CRITICAL",IF(OR(U79="04-검토중_조건불만족",U79="07-생산완료_미인수",U79="12-조건부승인검토"),"ACTION",IF(AND(ISNUMBER(W79),W79<=0),"OVERDUE",IF(AND(ISNUMBER(W79),W79<=14),"WARNING","ON TRACK")))))) | Y79: =IF(B79="","",IF(U79="11-결과등록완료","— 완료",IF(U79="01-계획서미제출",IF(I79<TODAY(),"계획서 제출 독촉 (OVERDUE)","계획서 제출 대기"),IF(U79="02-계획서제출_미검토","설계자: 계획서 검토 착수",IF(U79="03-검토중_조건충족","설계자: 승인 처리",IF(U79="04-검토중_조건불만족","보완 요청 → 협력사 재제출 독촉",IF(U79="05-계획서승인","시험편 준비 현황 확인",IF(U79="06-BIW생산중단","BIW 생산팀 확인 → 일정 재수립",IF(U79="07-생산완료_미인수","협력사 인수 독촉",IF(U79="08-단품준비완료","시험 일정 확인",IF(U79="09-시험준비중","시험 진행 모니터링",IF(U79="10-시험완료","결과 보고서 전산 등록 독촉",IF(U79="12-조건부승인검토","조건부 승인 여부 판단 → 관련부서 협의","—")))))))))))))
A80: =IF(B80="","",ROW()-4) | D80: =IF(B80="","",IFERROR(VLOOKUP(C80,'Reference Data 기준데이터'!$E$8:$F$30,2,FALSE),"")) | F80: =IF(B80="","",IFERROR(VLOOKUP(E80,'Reference Data 기준데이터'!$A$8:$F$30,2,FALSE),"")) | G80: =IF(B80="","",IFERROR(VLOOKUP(B80&"_"&C80,'Reference Data 기준데이터'!$A$33:$B$51,2,FALSE),"")) | H80: =IF(B80="","",IFERROR(VLOOKUP(B80,'Reference Data 기준데이터'!$A$2:$J$5,3,FALSE),"")) | I80: =IF(B80="","",IFERROR(H80+VLOOKUP(B80,'Reference Data 기준데이터'!$A$2:$J$5,7,FALSE),"")) | L80: =IF(B80="","",IFERROR(H80+VLOOKUP(B80,'Reference Data 기준데이터'!$A$2:$J$5,8,FALSE),"")) | N80: =IF(B80="","",IFERROR(IF(ISNUMBER(SEARCH("Vehicle",F80)),MAX(H80+VLOOKUP(B80,'Reference Data 기준데이터'!$A$2:$J$5,9,FALSE),VLOOKUP(B80,'Reference Data 기준데이터'!$A$2:$J$5,4,FALSE)),H80+VLOOKUP(B80,'Reference Data 기준데이터'!$A$2:$J$5,9,FALSE)),"")) | P80: =IF(B80="","",IFERROR(N80+VLOOKUP(E80,'Reference Data 기준데이터'!$A$8:$F$30,4,FALSE),"")) | R80: =IF(B80="","",IFERROR(MIN(H80+VLOOKUP(B80,'Reference Data 기준데이터'!$A$2:$J$5,10,FALSE),VLOOKUP(B80,'Reference Data 기준데이터'!$A$2:$J$5,6,FALSE)),"")) | U80: =IF(B80="","",IF(T80<>"",T80,IF(AND(S80<>"",Q80<>""),"11-결과등록완료",IF(AND(Q80<>"",S80=""),"10-시험완료",IF(AND(O80<>"",Q80=""),"09-시험준비중",IF(AND(M80<>"",O80=""),"08-단품준비완료",IF(K80="Approved","05-계획서승인",IF(K80="Revision Needed","04-검토중_조건불만족",IF(K80="Under Review","03-검토중_조건충족",IF(AND(J80<>"",K80=""),"02-계획서제출_미검토","01-계획서미제출")))))))))) | V80: =IF(B80="","",IFS(U80="01-계획서미제출",0,U80="02-계획서제출_미검토",0.05,U80="03-검토중_조건충족",0.1,U80="04-검토중_조건불만족",0.05,U80="05-계획서승인",0.2,U80="06-BIW생산중단",0.15,U80="07-생산완료_미인수",0.3,U80="08-단품준비완료",0.4,U80="09-시험준비중",0.55,U80="10-시험완료",0.85,U80="11-결과등록완료",1,U80="12-조건부승인검토",0.9,TRUE,0)) | W80: =IF(B80="","",IF(S80<>"","-",IF(R80="","N/A",R80-TODAY()))) | X80: =IF(B80="","",IF(U80="11-결과등록완료","DONE",IF(OR(U80="06-BIW생산중단",AND(U80="01-계획서미제출",I80<TODAY())),"CRITICAL",IF(OR(U80="04-검토중_조건불만족",U80="07-생산완료_미인수",U80="12-조건부승인검토"),"ACTION",IF(AND(ISNUMBER(W80),W80<=0),"OVERDUE",IF(AND(ISNUMBER(W80),W80<=14),"WARNING","ON TRACK")))))) | Y80: =IF(B80="","",IF(U80="11-결과등록완료","— 완료",IF(U80="01-계획서미제출",IF(I80<TODAY(),"계획서 제출 독촉 (OVERDUE)","계획서 제출 대기"),IF(U80="02-계획서제출_미검토","설계자: 계획서 검토 착수",IF(U80="03-검토중_조건충족","설계자: 승인 처리",IF(U80="04-검토중_조건불만족","보완 요청 → 협력사 재제출 독촉",IF(U80="05-계획서승인","시험편 준비 현황 확인",IF(U80="06-BIW생산중단","BIW 생산팀 확인 → 일정 재수립",IF(U80="07-생산완료_미인수","협력사 인수 독촉",IF(U80="08-단품준비완료","시험 일정 확인",IF(U80="09-시험준비중","시험 진행 모니터링",IF(U80="10-시험완료","결과 보고서 전산 등록 독촉",IF(U80="12-조건부승인검토","조건부 승인 여부 판단 → 관련부서 협의","—")))))))))))))
A81: =IF(B81="","",ROW()-4) | D81: =IF(B81="","",IFERROR(VLOOKUP(C81,'Reference Data 기준데이터'!$E$8:$F$30,2,FALSE),"")) | F81: =IF(B81="","",IFERROR(VLOOKUP(E81,'Reference Data 기준데이터'!$A$8:$F$30,2,FALSE),"")) | G81: =IF(B81="","",IFERROR(VLOOKUP(B81&"_"&C81,'Reference Data 기준데이터'!$A$33:$B$51,2,FALSE),"")) | H81: =IF(B81="","",IFERROR(VLOOKUP(B81,'Reference Data 기준데이터'!$A$2:$J$5,3,FALSE),"")) | I81: =IF(B81="","",IFERROR(H81+VLOOKUP(B81,'Reference Data 기준데이터'!$A$2:$J$5,7,FALSE),"")) | L81: =IF(B81="","",IFERROR(H81+VLOOKUP(B81,'Reference Data 기준데이터'!$A$2:$J$5,8,FALSE),"")) | N81: =IF(B81="","",IFERROR(IF(ISNUMBER(SEARCH("Vehicle",F81)),MAX(H81+VLOOKUP(B81,'Reference Data 기준데이터'!$A$2:$J$5,9,FALSE),VLOOKUP(B81,'Reference Data 기준데이터'!$A$2:$J$5,4,FALSE)),H81+VLOOKUP(B81,'Reference Data 기준데이터'!$A$2:$J$5,9,FALSE)),"")) | P81: =IF(B81="","",IFERROR(N81+VLOOKUP(E81,'Reference Data 기준데이터'!$A$8:$F$30,4,FALSE),"")) | R81: =IF(B81="","",IFERROR(MIN(H81+VLOOKUP(B81,'Reference Data 기준데이터'!$A$2:$J$5,10,FALSE),VLOOKUP(B81,'Reference Data 기준데이터'!$A$2:$J$5,6,FALSE)),"")) | U81: =IF(B81="","",IF(T81<>"",T81,IF(AND(S81<>"",Q81<>""),"11-결과등록완료",IF(AND(Q81<>"",S81=""),"10-시험완료",IF(AND(O81<>"",Q81=""),"09-시험준비중",IF(AND(M81<>"",O81=""),"08-단품준비완료",IF(K81="Approved","05-계획서승인",IF(K81="Revision Needed","04-검토중_조건불만족",IF(K81="Under Review","03-검토중_조건충족",IF(AND(J81<>"",K81=""),"02-계획서제출_미검토","01-계획서미제출")))))))))) | V81: =IF(B81="","",IFS(U81="01-계획서미제출",0,U81="02-계획서제출_미검토",0.05,U81="03-검토중_조건충족",0.1,U81="04-검토중_조건불만족",0.05,U81="05-계획서승인",0.2,U81="06-BIW생산중단",0.15,U81="07-생산완료_미인수",0.3,U81="08-단품준비완료",0.4,U81="09-시험준비중",0.55,U81="10-시험완료",0.85,U81="11-결과등록완료",1,U81="12-조건부승인검토",0.9,TRUE,0)) | W81: =IF(B81="","",IF(S81<>"","-",IF(R81="","N/A",R81-TODAY()))) | X81: =IF(B81="","",IF(U81="11-결과등록완료","DONE",IF(OR(U81="06-BIW생산중단",AND(U81="01-계획서미제출",I81<TODAY())),"CRITICAL",IF(OR(U81="04-검토중_조건불만족",U81="07-생산완료_미인수",U81="12-조건부승인검토"),"ACTION",IF(AND(ISNUMBER(W81),W81<=0),"OVERDUE",IF(AND(ISNUMBER(W81),W81<=14),"WARNING","ON TRACK")))))) | Y81: =IF(B81="","",IF(U81="11-결과등록완료","— 완료",IF(U81="01-계획서미제출",IF(I81<TODAY(),"계획서 제출 독촉 (OVERDUE)","계획서 제출 대기"),IF(U81="02-계획서제출_미검토","설계자: 계획서 검토 착수",IF(U81="03-검토중_조건충족","설계자: 승인 처리",IF(U81="04-검토중_조건불만족","보완 요청 → 협력사 재제출 독촉",IF(U81="05-계획서승인","시험편 준비 현황 확인",IF(U81="06-BIW생산중단","BIW 생산팀 확인 → 일정 재수립",IF(U81="07-생산완료_미인수","협력사 인수 독촉",IF(U81="08-단품준비완료","시험 일정 확인",IF(U81="09-시험준비중","시험 진행 모니터링",IF(U81="10-시험완료","결과 보고서 전산 등록 독촉",IF(U81="12-조건부승인검토","조건부 승인 여부 판단 → 관련부서 협의","—")))))))))))))
A82: =IF(B82="","",ROW()-4) | D82: =IF(B82="","",IFERROR(VLOOKUP(C82,'Reference Data 기준데이터'!$E$8:$F$30,2,FALSE),"")) | F82: =IF(B82="","",IFERROR(VLOOKUP(E82,'Reference Data 기준데이터'!$A$8:$F$30,2,FALSE),"")) | G82: =IF(B82="","",IFERROR(VLOOKUP(B82&"_"&C82,'Reference Data 기준데이터'!$A$33:$B$51,2,FALSE),"")) | H82: =IF(B82="","",IFERROR(VLOOKUP(B82,'Reference Data 기준데이터'!$A$2:$J$5,3,FALSE),"")) | I82: =IF(B82="","",IFERROR(H82+VLOOKUP(B82,'Reference Data 기준데이터'!$A$2:$J$5,7,FALSE),"")) | L82: =IF(B82="","",IFERROR(H82+VLOOKUP(B82,'Reference Data 기준데이터'!$A$2:$J$5,8,FALSE),"")) | N82: =IF(B82="","",IFERROR(IF(ISNUMBER(SEARCH("Vehicle",F82)),MAX(H82+VLOOKUP(B82,'Reference Data 기준데이터'!$A$2:$J$5,9,FALSE),VLOOKUP(B82,'Reference Data 기준데이터'!$A$2:$J$5,4,FALSE)),H82+VLOOKUP(B82,'Reference Data 기준데이터'!$A$2:$J$5,9,FALSE)),"")) | P82: =IF(B82="","",IFERROR(N82+VLOOKUP(E82,'Reference Data 기준데이터'!$A$8:$F$30,4,FALSE),"")) | R82: =IF(B82="","",IFERROR(MIN(H82+VLOOKUP(B82,'Reference Data 기준데이터'!$A$2:$J$5,10,FALSE),VLOOKUP(B82,'Reference Data 기준데이터'!$A$2:$J$5,6,FALSE)),"")) | U82: =IF(B82="","",IF(T82<>"",T82,IF(AND(S82<>"",Q82<>""),"11-결과등록완료",IF(AND(Q82<>"",S82=""),"10-시험완료",IF(AND(O82<>"",Q82=""),"09-시험준비중",IF(AND(M82<>"",O82=""),"08-단품준비완료",IF(K82="Approved","05-계획서승인",IF(K82="Revision Needed","04-검토중_조건불만족",IF(K82="Under Review","03-검토중_조건충족",IF(AND(J82<>"",K82=""),"02-계획서제출_미검토","01-계획서미제출")))))))))) | V82: =IF(B82="","",IFS(U82="01-계획서미제출",0,U82="02-계획서제출_미검토",0.05,U82="03-검토중_조건충족",0.1,U82="04-검토중_조건불만족",0.05,U82="05-계획서승인",0.2,U82="06-BIW생산중단",0.15,U82="07-생산완료_미인수",0.3,U82="08-단품준비완료",0.4,U82="09-시험준비중",0.55,U82="10-시험완료",0.85,U82="11-결과등록완료",1,U82="12-조건부승인검토",0.9,TRUE,0)) | W82: =IF(B82="","",IF(S82<>"","-",IF(R82="","N/A",R82-TODAY()))) | X82: =IF(B82="","",IF(U82="11-결과등록완료","DONE",IF(OR(U82="06-BIW생산중단",AND(U82="01-계획서미제출",I82<TODAY())),"CRITICAL",IF(OR(U82="04-검토중_조건불만족",U82="07-생산완료_미인수",U82="12-조건부승인검토"),"ACTION",IF(AND(ISNUMBER(W82),W82<=0),"OVERDUE",IF(AND(ISNUMBER(W82),W82<=14),"WARNING","ON TRACK")))))) | Y82: =IF(B82="","",IF(U82="11-결과등록완료","— 완료",IF(U82="01-계획서미제출",IF(I82<TODAY(),"계획서 제출 독촉 (OVERDUE)","계획서 제출 대기"),IF(U82="02-계획서제출_미검토","설계자: 계획서 검토 착수",IF(U82="03-검토중_조건충족","설계자: 승인 처리",IF(U82="04-검토중_조건불만족","보완 요청 → 협력사 재제출 독촉",IF(U82="05-계획서승인","시험편 준비 현황 확인",IF(U82="06-BIW생산중단","BIW 생산팀 확인 → 일정 재수립",IF(U82="07-생산완료_미인수","협력사 인수 독촉",IF(U82="08-단품준비완료","시험 일정 확인",IF(U82="09-시험준비중","시험 진행 모니터링",IF(U82="10-시험완료","결과 보고서 전산 등록 독촉",IF(U82="12-조건부승인검토","조건부 승인 여부 판단 → 관련부서 협의","—")))))))))))))
... A200: =IF(B200="","",ROW()-4) | D200: =IF(B200="","",IFERROR(VLOOKUP(C200,'Reference Data 기준데이터'!$E$8:$F$30,2,FALSE),"")) | F200: =IF(B200="","",IFERROR(VLOOKUP(E200,'Reference Data 기준데이터'!$A$8:$F$30,2,FALSE),"")) | G200: =IF(B200="","",IFERROR(VLOOKUP(B200&"_"&C200,'Reference Data 기준데이터'!$A$33:$B$51,2,FALSE),"")) | H200: =IF(B200="","",IFERROR(VLOOKUP(B200,'Reference Data 기준데이터'!$A$2:$J$5,3,FALSE),"")) | I200: =IF(B200="","",IFERROR(H200+VLOOKUP(B200,'Reference Data 기준데이터'!$A$2:$J$5,7,FALSE),"")) | L200: =IF(B200="","",IFERROR(H200+VLOOKUP(B200,'Reference Data 기준데이터'!$A$2:$J$5,8,FALSE),"")) | N200: =IF(B200="","",IFERROR(IF(ISNUMBER(SEARCH("Vehicle",F200)),MAX(H200+VLOOKUP(B200,'Reference Data 기준데이터'!$A$2:$J$5,9,FALSE),VLOOKUP(B200,'Reference Data 기준데이터'!$A$2:$J$5,4,FALSE)),H200+VLOOKUP(B200,'Reference Data 기준데이터'!$A$2:$J$5,9,FALSE)),"")) | P200: =IF(B200="","",IFERROR(N200+VLOOKUP(E200,'Reference Data 기준데이터'!$A$8:$F$30,4,FALSE),"")) | R200: =IF(B200="","",IFERROR(MIN(H200+VLOOKUP(B200,'Reference Data 기준데이터'!$A$2:$J$5,10,FALSE),VLOOKUP(B200,'Reference Data 기준데이터'!$A$2:$J$5,6,FALSE)),"")) | U200: =IF(B200="","",IF(T200<>"",T200,IF(AND(S200<>"",Q200<>""),"11-결과등록완료",IF(AND(Q200<>"",S200=""),"10-시험완료",IF(AND(O200<>"",Q200=""),"09-시험준비중",IF(AND(M200<>"",O200=""),"08-단품준비완료",IF(K200="Approved","05-계획서승인",IF(K200="Revision Needed","04-검토중_조건불만족",IF(K200="Under Review","03-검토중_조건충족",IF(AND(J200<>"",K200=""),"02-계획서제출_미검토","01-계획서미제출")))))))))) | V200: =IF(B200="","",IFS(U200="01-계획서미제출",0,U200="02-계획서제출_미검토",0.05,U200="03-검토중_조건충족",0.1,U200="04-검토중_조건불만족",0.05,U200="05-계획서승인",0.2,U200="06-BIW생산중단",0.15,U200="07-생산완료_미인수",0.3,U200="08-단품준비완료",0.4,U200="09-시험준비중",0.55,U200="10-시험완료",0.85,U200="11-결과등록완료",1,U200="12-조건부승인검토",0.9,TRUE,0)) | W200: =IF(B200="","",IF(S200<>"","-",IF(R200="","N/A",R200-TODAY()))) | X200: =IF(B200="","",IF(U200="11-결과등록완료","DONE",IF(OR(U200="06-BIW생산중단",AND(U200="01-계획서미제출",I200<TODAY())),"CRITICAL",IF(OR(U200="04-검토중_조건불만족",U200="07-생산완료_미인수",U200="12-조건부승인검토"),"ACTION",IF(AND(ISNUMBER(W200),W200<=0),"OVERDUE",IF(AND(ISNUMBER(W200),W200<=14),"WARNING","ON TRACK")))))) | Y200: =IF(B200="","",IF(U200="11-결과등록완료","— 완료",IF(U200="01-계획서미제출",IF(I200<TODAY(),"계획서 제출 독촉 (OVERDUE)","계획서 제출 대기"),IF(U200="02-계획서제출_미검토","설계자: 계획서 검토 착수",IF(U200="03-검토중_조건충족","설계자: 승인 처리",IF(U200="04-검토중_조건불만족","보완 요청 → 협력사 재제출 독촉",IF(U200="05-계획서승인","시험편 준비 현황 확인",IF(U200="06-BIW생산중단","BIW 생산팀 확인 → 일정 재수립",IF(U200="07-생산완료_미인수","협력사 인수 독촉",IF(U200="08-단품준비완료","시험 일정 확인",IF(U200="09-시험준비중","시험 진행 모니터링",IF(U200="10-시험완료","결과 보고서 전산 등록 독촉",IF(U200="12-조건부승인검토","조건부 승인 여부 판단 → 관련부서 협의","—")))))))))))))

Sheet Dashboard 대시보드
A1: ESIR Dashboard V3
B3: Selected Vehicle: | C3: =Config!$A$1 | D3: T0: | E3: =IFERROR(VLOOKUP(C3,'Reference Data 기준데이터'!$A$2:$J$5,3,FALSE),"") | F3: Proto: | G3: =IFERROR(VLOOKUP(C3,'Reference Data 기준데이터'!$A$2:$J$5,4,FALSE),"")
B4: D-Day: | C4: =IFERROR(VLOOKUP(C3,'Reference Data 기준데이터'!$A$2:$J$5,6,FALSE)-TODAY(),"") | D4: MC: | E4: =IFERROR(VLOOKUP(C3,'Reference Data 기준데이터'!$A$2:$J$5,5,FALSE),"") | F4: Deadline: | G4: =IFERROR(VLOOKUP(C3,'Reference Data 기준데이터'!$A$2:$J$5,6,FALSE),"")
A6: KPI Summary
B7: Total | C7: Complete 완료 | D7: In Progress 진행중 | E7: At Risk 지연 | F7: Avg Progress
B8: =COUNTIF('Master Tracker 마스터추적표'!$B$5:$B$200,Config!$A$1) | C8: =COUNTIFS('Master Tracker 마스터추적표'!$B$5:$B$200,Config!$A$1,'Master Tracker 마스터추적표'!$U$5:$U$200,"11-*") | D8: =B8-C8-COUNTIFS('Master Tracker 마스터추적표'!$B$5:$B$200,Config!$A$1,'Master Tracker 마스터추적표'!$U$5:$U$200,"01-*") | E8: =COUNTIFS('Master Tracker 마스터추적표'!$B$5:$B$200,Config!$A$1,'Master Tracker 마스터추적표'!$X$5:$X$200,"CRITICAL")+COUNTIFS('Master Tracker 마스터추적표'!$B$5:$B$200,Config!$A$1,'Master Tracker 마스터추적표'!$X$5:$X$200,"OVERDUE")+COUNTIFS('Master Tracker 마스터추적표'!$B$5:$B$200,Config!$A$1,'Master Tracker 마스터추적표'!$X$5:$X$200,"WARNING") | F8: =IFERROR(AVERAGEIFS('Master Tracker 마스터추적표'!$V$5:$V$200,'Master Tracker 마스터추적표'!$B$5:$B$200,Config!$A$1),0)
A10: Part Progress 부품별 현황 (Selected Vehicle)
B11: 부품명 | C11: 시험수 | D11: 완료 | E11: 진행중 | F11: 지연 | G11: 진행률 | H11: 최소잔여일
A12: 1 | B12: Center Console Assy | C12: =COUNTIFS('Master Tracker 마스터추적표'!$B$5:$B$200,Config!$A$1,'Master Tracker 마스터추적표'!$C$5:$C$200,B12) | D12: =COUNTIFS('Master Tracker 마스터추적표'!$B$5:$B$200,Config!$A$1,'Master Tracker 마스터추적표'!$C$5:$C$200,B12,'Master Tracker 마스터추적표'!$U$5:$U$200,"11-*") | E12: =C12-D12-F12 | F12: =COUNTIFS('Master Tracker 마스터추적표'!$B$5:$B$200,Config!$A$1,'Master Tracker 마스터추적표'!$C$5:$C$200,B12,'Master Tracker 마스터추적표'!$X$5:$X$200,"CRITICAL")+COUNTIFS('Master Tracker 마스터추적표'!$B$5:$B$200,Config!$A$1,'Master Tracker 마스터추적표'!$C$5:$C$200,B12,'Master Tracker 마스터추적표'!$X$5:$X$200,"OVERDUE")+COUNTIFS('Master Tracker 마스터추적표'!$B$5:$B$200,Config!$A$1,'Master Tracker 마스터추적표'!$C$5:$C$200,B12,'Master Tracker 마스터추적표'!$X$5:$X$200,"WARNING") | G12: =IFERROR(AVERAGEIFS('Master Tracker 마스터추적표'!$V$5:$V$200,'Master Tracker 마스터추적표'!$B$5:$B$200,Config!$A$1,'Master Tracker 마스터추적표'!$C$5:$C$200,B12),0) | H12: =IFERROR(MINIFS('Master Tracker 마스터추적표'!$W$5:$W$200,'Master Tracker 마스터추적표'!$B$5:$B$200,Config!$A$1,'Master Tracker 마스터추적표'!$C$5:$C$200,B12,'Master Tracker 마스터추적표'!$X$5:$X$200,"<>DONE"),"—")
A13: 2 | B13: Console Lid Assy | C13: =COUNTIFS('Master Tracker 마스터추적표'!$B$5:$B$200,Config!$A$1,'Master Tracker 마스터추적표'!$C$5:$C$200,B13) | D13: =COUNTIFS('Master Tracker 마스터추적표'!$B$5:$B$200,Config!$A$1,'Master Tracker 마스터추적표'!$C$5:$C$200,B13,'Master Tracker 마스터추적표'!$U$5:$U$200,"11-*") | E13: =C13-D13-F13 | F13: =COUNTIFS('Master Tracker 마스터추적표'!$B$5:$B$200,Config!$A$1,'Master Tracker 마스터추적표'!$C$5:$C$200,B13,'Master Tracker 마스터추적표'!$X$5:$X$200,"CRITICAL")+COUNTIFS('Master Tracker 마스터추적표'!$B$5:$B$200,Config!$A$1,'Master Tracker 마스터추적표'!$C$5:$C$200,B13,'Master Tracker 마스터추적표'!$X$5:$X$200,"OVERDUE")+COUNTIFS('Master Tracker 마스터추적표'!$B$5:$B$200,Config!$A$1,'Master Tracker 마스터추적표'!$C$5:$C$200,B13,'Master Tracker 마스터추적표'!$X$5:$X$200,"WARNING") | G13: =IFERROR(AVERAGEIFS('Master Tracker 마스터추적표'!$V$5:$V$200,'Master Tracker 마스터추적표'!$B$5:$B$200,Config!$A$1,'Master Tracker 마스터추적표'!$C$5:$C$200,B13),0) | H13: =IFERROR(MINIFS('Master Tracker 마스터추적표'!$W$5:$W$200,'Master Tracker 마스터추적표'!$B$5:$B$200,Config!$A$1,'Master Tracker 마스터추적표'!$C$5:$C$200,B13,'Master Tracker 마스터추적표'!$X$5:$X$200,"<>DONE"),"—")
